,word,urú,prefix,suffix
0,shainiúla,,,a
1,comhordaithe,,comh,aithe
2,heasportálfar,h,eas,far
3,gcríochnaithe,g,,aithe
4,Labhraíonn,,,aíonn
5,Marcanna,,,anna
6,chinnfidh,,,fidh
7,ionsaí,,ion,aí
8,Dhroim,,,im
9,Luasghéarú,,,ú
10,Cluichí,,,í
11,Bainim,,,im
12,tuairisceora,t,,ra
13,Aigéine,,,ne
14,deanfar,,dea,far
15,zirconia,,,ia
16,eornan,,eo,an
17,imoibrí,,im,í
18,grudge,,,e
19,Coscáin,,,in
20,fuascailtear,,,ear
21,gheobhaidh,,,aidh
22,dhéanfaí,,,aí
23,Durlainne,,,ne
24,Leabú,,,ú
25,n-seomra,,,ra
26,réamhíocaíochtaí,,réamh,taí
27,Atáirgeadh,,,eadh
28,toirteanna,t,,eanna
29,coibhéisí,,,í
30,drámaíocht,,,aíocht
31,n-iomlán,n-,,án
32,mBíobla,m,,a
33,mheicneora,,,ra
34,iarmhéide,,iar,e
35,radacaí,,rada,aí
36,rátíocóirí,,,í
37,buillí,,,í
38,thochailtí,,,tí
39,Ainmniúcháin,,,in
40,ceannasaithe,,ceann,aithe
41,fhionnadh,,,adh
42,foircneach,,fo,each
43,féachfar,,,far
44,Imríonn,,,íonn
45,ndídine,n,dí,ne
46,d'infhaighteacht,d',in,eacht
47,aontacht,,aon,tacht
48,T-léine,,,ne
49,dóchais,,dó,ais
50,easaontacht,,eas,tacht
51,chlóbhuala,,,a
52,ndáileadh,n,dá,eadh
53,íoslaigh,,íos,aigh
54,62ú,,,ú
55,Chiarraí,,,aí
56,chósta,,,ta
57,grádán,,,án
58,luíodófar,,,ófar
59,Thalamh,,,amh
60,Dhíolann,,,lann
61,dhíoltar,,,tar
62,íoróin,,,in
63,hOifigeach,h,,each
64,ard-infheicthe,,ard,the
65,cóipeanna,,,eanna
66,neamhéifeachtúlacht,,neamh,acht
67,gnáth-chomhaltaí,,gnáth,taí
68,Comisinéir,,,éir
69,ghnáthuaireanta,,,ta
70,bunuitheoir,,bun,eoir
71,Beartais,,,ais
72,shábháilteacht,,,eacht
73,bhfeidhmíonn,bh,,íonn
74,fheiniméin,,,éin
75,mbrainse,m,,se
76,neamhdhíobhálach,,neamh,ach
77,luíodú,,,ú
78,talamhcheannaigh,t,,aigh
79,cithfholcadán,,,adán
80,Tiomsóidh,,,óidh
81,ghéartheannais,,,ais
82,Meas,,,eas
83,D'eisigh,D',eisi,igh
84,Léigiúnach,,,ach
85,Scrudóireacht,,,eacht
86,timfhilleadh,t,,eadh
87,míne,,mín,ne
88,Dleathach,,,ach
89,Eatramh,,,amh
90,sheachadta,,,ta
91,Aimsire,,,ire
92,gadaithe,,,aithe
93,fhostóra,,,ra
94,comhchearta,,comh,ta
95,líomóidí,,,í
96,Chaidreamh,,,amh
97,Nanaitheicneolaíochtaí,,,taí
98,d'fhéach,d',,ach
99,Phaitinní,,,í
100,Táirgeoirí,,,í
101,Aithnítear,,,ítear
102,únaeraí,,,aí
103,ndeatach,n,dea,ach
104,toirmiscte,t,,te
105,Thrasatlantach,,,ach
106,cianchumarsáide,,,e
107,déarfá,,dé,fá
108,tréadacha,,tré,acha
109,Feidhmeoidh,,,idh
110,rithfidh,,,fidh
111,pizzeria,,,ia
112,Glaoigh,,,igh
113,aghaidh,,,aidh
114,mhodheolaíocht,,,aíocht
115,plumáiste,,,te
116,hóstáin,h,,in
117,neamhrialaithe,,neamh,aithe
118,bhean,,,an
119,datha,,,tha
120,fabhrú,,,ú
121,tacaíonn,t,,aíonn
122,Malartaigh,,,aigh
123,fhínnéithe,,,ithe
124,Bhacaigh,,,aigh
125,ghairme,,,e
126,n-eisceacht,n-,,eacht
127,uaireanna,,,eanna
128,Mhacha,,,acha
129,haicmiú,h,,iú
130,scagadh,,,adh
131,titeann,t,,eann
132,ndeighleálfar,n,,far
133,réasúnú,,réa,ú
134,Téalainn,,,inn
135,Chlárúcháin,,,in
136,astaíochtaí,,as,taí
137,n-ionadaíochtaí,n-,ion,taí
138,Scaipthe,,,the
139,phríosúntachta,,,ta
140,neamhranníocach,,neamh,ach
141,gcistiúchán,g,,án
142,do-chúlghairmthe,,do,the
143,marbhtha,,,tha
144,Samplach,,,ach
145,Throne,,,ne
146,guairí,,,í
147,uirlis,,,is
148,chuidiú,,,iú
149,gníomhaíochtaí,,,taí
150,gcomhaontófar,g,comh,ófar
151,Chúigiú,,,iú
152,sparóg,,,óg
153,fionróidh,,,óidh
154,Ritheadh,,,eadh
155,n-inscne,n-,in,ne
156,Gar-suas,,,as
157,Treorach,,,ach
158,bhruithnithe,,,ithe
159,chuile,,,e
160,heirí,h,,í
161,dtoilíonn,d,,íonn
162,Printéir,,,éir
163,Sáinnithe,,,ithe
164,statha,,,tha
165,hiomchuí,h,,í
166,Litiam,,,iam
167,achtacháin,,,in
168,Spotsolais,,,ais
169,hoibrí,h,,í
170,Shinsearach,,,ach
171,daonchairdiúla,,daon,a
172,muilleoireacht,,,eacht
173,chríocha,,,a
174,matánacha,,,acha
175,comha,,comh,a
176,slánlanna,,,anna
177,hEalaíona,h,,na
178,thocsaineacht,,,eacht
179,feiniméan,,,an
180,fhoréigean,,,an
181,heolaíochta,h,eo,ta
182,nDámhachtainí,n,,í
183,neamhfheidhmiúcháin,,neamh,in
184,filleann,,,eann
185,chaite,,,te
186,baolach,,,ach
187,luath-óigeisteach,,luath,each
188,clóirín,,,ín
189,aonad,,aon,ad
190,tugadh,t,,adh
191,d'fharraigí,d',,igí
192,taiseachas,t,tais,achas
193,diúlta,,,ta
194,innermostde,,in,e
195,inrianaitheacht,,in,eacht
196,mhíneoidh,,,idh
197,inimirceach,,in,each
198,Agra-chomhshaoil-aeráide,,,e
199,d'eisiúint,d',eisi,úint
200,saorbhearna,,,na
201,bhéadfar,,,far
202,tréithrithe,,tré,ithe
203,dhéantúsaíocht,,,aíocht
204,phríomhshuim,,,im
205,t-ainmhidhe,t-,ain,idhe
206,neamhreachtacha,,neamh,acha
207,aistí,,ais,tí
208,nealaíontóirí,,,í
209,sroichte,,,te
210,Neamhchiontach,,,ach
211,tiubhacháin,t,,in
212,oll-ardaithe,,oll,aithe
213,eiríonn,,,íonn
214,thréigfear,,,fear
215,dáilte,,dá,te
216,roimhshealbhadóirí,,ro,í
217,Rúiseigh,,,igh
218,t-aireachas,t-,,achas
219,aslonnú,,as,ú
220,scairshealbhóirí,,,í
221,craoladh,,,adh
222,an-chostasach,,an,ach
223,Batman,,,an
224,hea,h,,a
225,ceannlíne,,ceann,ne
226,pátrúin,,,in
227,Bhreathnaigh,,,aigh
228,forchuirfear,,for,fear
229,gceartaítear,g,,ítear
230,Tugadh,,,adh
231,flít,,,ít
232,haisíocaíochtaí,h,ais,taí
233,grósaeireachta,,,ta
234,hAontas,h,,tas
235,foirmle,,fo,e
236,aisghníomhú,,ais,ú
237,straitéisí,,,í
238,athchúrsáil,,ath,áil
239,siarghabhálach,,,ach
240,rialtacht,,,tacht
241,n-árachófar,n-,,ófar
242,diúltuítear,,,ítear
243,uairibh,,,ibh
244,bproiséas,b,,as
245,feachtais,,,ais
246,scriosann,,,ann
247,feabhas,,,as
248,Bheirlín,,,ín
249,Ní,,,í
250,Beach,,,each
251,chomheagrú,,,ú
252,dtabhóidh,d,,óidh
253,gcurtha-igcoinnibh,g,,ibh
254,catha,,,tha
255,mbreiseán,m,,eán
256,Ailgéirigh,,,igh
257,Tarmligtear,,,ear
258,forbartha,,for,tha
259,bhata,,,ta
260,Mhalartáin,,,in
261,cuirfidh,,,fidh
262,Subiecte,,,te
263,compánach,,,ach
264,buanaithe,,buan,aithe
265,fhliuchán,,,án
266,Alternanthera,,,ra
267,urramóidh,,ur,óidh
268,solais,,so,ais
269,óstáin,,,in
270,choirce,,,e
271,rollach,,ro,ach
272,Díola,,,a
273,athraímid,,ath,aímid
274,ionadóidh,,ion,óidh
275,phóca,,,a
276,phromhadh,,,mhadh
277,iascaigh,,,aigh
278,sheachán,,,achán
279,Féideartha,,,tha
280,suainmheacháin,,,in
281,gcreasa,g,,sa
282,Chinnteacht,,,eacht
283,éadan,,éa,an
284,ndualgas,n,,as
285,gcomhshocraíochtaí,g,comh,taí
286,boinn,,,inn
287,gCíoradh,g,,radh
288,uirbithe,,,ithe
289,Eimear,,,ear
290,gcomhla,g,comh,a
291,craicinn,,,inn
292,n-aisghabhfaidh,n-,ais,faidh
293,vótálfidh,,,fidh
294,príomh-smaoineamh,,príomh,amh
295,caiféin,,,éin
296,mód,,,ód
297,chamchuairteanna,,,eanna
298,inscríofa,,in,a
299,gnáthchónaitheoir,,gnáth,eoir
300,chomhnuíonn,,,íonn
301,Micribhitheolaíochta,,,ta
302,roicéad,,ro,éad
303,pinsinéirí,,,í
304,shonrú,,,ú
305,coillte,,,te
306,headar-ghnóthaí,h,,aí
307,gcoimeádáin,g,,in
308,Braille,,,e
309,beige,,,e
310,Fáilte,,,te
311,Imirce,,,e
312,gCuntas,g,,tas
313,Chreasa,,,sa
314,sheolfaí,,,aí
315,Miondíoltóir,,,tóir
316,ceartaitheacha,,,eacha
317,diúil,,,úil
318,oícheanta,,,ta
319,LAnna,,,na
320,chruithneachtain,,,in
321,fo-roinnte,,fo,te
322,co-theoranta,,,ta
323,aineolach,,ain,ach
324,foth-fholúntas,,fo,tas
325,Phósadh,,,adh
326,mór-oifigí,,mór,igí
327,gcomaoin,g,,in
328,gcomhrialtas,g,comh,tas
329,Trucailí,,,í
330,líomhnóidh,,,óidh
331,thuasluaite,,,te
332,Dílsiú,,,iú
333,príomhcheann,,príomh,eann
334,ilchéime,,il,e
335,Fheidhmeannach,,,ach
336,íditheach,,,each
337,tarrtháladh,t,tar,adh
338,bhfréamhaíochta,bh,,ta
339,Caingean,,,an
340,mórchoda,,mór,da
341,insrianaithe,,in,aithe
342,bhFoirmle,bh,,e
343,iomportála,,,a
344,fhoirmiú,,,iú
345,Shan,,,an
346,bualchomlan,,,an
347,allmhuirithe,,,ithe
348,Oibre,,,e
349,bleachtaireachta,,,ta
350,bíseach,,,each
351,Chuaigh,,,aigh
352,dea-bhreithiúnas,,dea,únas
353,bhunaíochta,,,ta
354,earráide,,,e
355,ndlínse,n,,se
356,neamh-inúsáidte,,neamh,te
357,tosaitheoirí,t,,í
358,n-oibreoidh,n-,,idh
359,socróidh,,so,óidh
360,neamh-oiriúnach,,neamh,ach
361,Feabhra,,,ra
362,buailte,,,te
363,héifeachtúlacht,h,,acht
364,mban,m,ban,an
365,éigeantach,,,ach
366,droch-creidmheasa,,droch,sa
367,thaistealaíonn,,,aíonn
368,Cumais,,,ais
369,haontacht,h,aon,tacht
370,monacrómatach,,mona,ach
371,Halla,,,a
372,buan-eadránaí,,buan,aí
373,friochta,,,ta
374,luachmhairiú,,,iú
375,Dúil,,,úil
376,éirithe,,,ithe
377,Maoineoidh,,,idh
378,aeriompróir,,aer,óir
379,silíní,,,í
380,Ard-Caighdeán,,,eán
381,forchoimeádadh,,for,adh
382,Soghluaisteacht,,,eacht
383,mholfaidh,,,faidh
384,dTuarascálacha,d,,acha
385,séanadh,,,adh
386,Laitviach,,,ach
387,mhaolóidh,,,óidh
388,MÁleata,,,ta
389,dua,,,a
390,Tuarascáil,,,áil
391,chomhleanúnach,,,ach
392,Turas,,,as
393,Sedan,,,an
394,leathfaidh,,leath,faidh
395,bheathaíonn,,,aíonn
396,gcaomhnú,g,,ú
397,caoinchead,,,ad
398,fuaimrian,,,an
399,Traenálaí,,,aí
400,rialta,,,ta
401,File,,,e
402,cruachta,,,ta
403,bhfágfar,bh,,far
404,eolais,,eo,ais
405,nIasacht,,,acht
406,cripteadraí,,,aí
407,Ríocht,,,íocht
408,álainn,,,inn
409,ghnóthú,,,ú
410,lánmheilte,,,te
411,tseomra,t,,ra
412,dlífidh,,,fidh
413,in-idirbhriste,,in,te
414,ndéanfainn,n,dé,inn
415,réamh-suiteáilte,,réamh,te
416,Gníomhas,,,as
417,srathach,,,ach
418,cheathrú,,,ú
419,éigeantacha,,,acha
420,Cathardha,,,a
421,Málta,,,ta
422,smaointeoireacht,,,eacht
423,neamhthruthaitheachta,,neamh,ta
424,síochántateaghlach,,,ach
425,Treorú,,,ú
426,Todóg,,,óg
427,díbhordáil,,dí,áil
428,neamhnáisiúnach,,neamh,ach
429,íocaíocht,,,aíocht
430,fhorluí,,,í
431,phríomhleathanaigh,,,aigh
432,Leasaítear,,,ítear
433,Tomhsaire,,,aire
434,n-staideanna,,,eanna
435,ilmhódach,,il,ach
436,síntiúis,,,is
437,frith-fhrithchaiteacha,,frith,eacha
438,gairleacha,,,eacha
439,Innealra,,,ra
440,gcoibhéis,g,,is
441,Thine,,,ne
442,bainfe,,bain,e
443,gramadaí,,,aí
444,gceanncheathrúna,g,ceann,na
445,luasanna,,,anna
446,fhiú,,,iú
447,Tráthnóna,,,na
448,uathúlacht,,uath,acht
449,thrédhearcacht,,,arcacht
450,lamháiltear,,,ear
451,aslaíodh,,as,íodh
452,Glúcós,,,ós
453,spreagaithe,,,aithe
454,thuras,,,as
455,dhéthaobhaigh,,,aigh
456,Ardteastas,,,tas
457,luasghluaiseachtaí,,,taí
458,chreideas,,,eas
459,Ardoideachas,,,achas
460,pharanoia,,,ia
461,bhrathadóir,,,adóir
462,theastas,,,tas
463,sheachtaine,,,ne
464,Deisiú,,,iú
465,ciníocha,,,a
466,siúlóide,,,e
467,shealbhairí,,,í
468,lánaíonn,,,aíonn
469,polaraithe,,pola,aithe
470,cheadúnas,,,únas
471,urraíochta,,ur,ta
472,ullmhaíodh,,,íodh
473,cairtfhostaithe,,,aithe
474,soiléiriú,,so,iú
475,íocóir,,,óir
476,Éadromaigh,,,aigh
477,líneáilte,,,te
478,ndisciplín,n,dis,ín
479,méad,,,éad
480,méadaitheach,,,each
481,cheannaireacht,,,eacht
482,n-cúis,,,is
483,Bailigh,,,igh
484,Ciaran,,,an
485,líomhnaítear,,,ítear
486,Cúirte,,,te
487,n-inúchadh,n-,in,adh
488,gas,,,as
489,riarann,,,ann
490,ngásailín,n,,ín
491,fíocháin,,,in
492,neamhthuilleamaí,,neamh,aí
493,Fhionnghlas,,,as
494,Foriomlán,,,án
495,Anja,,,a
496,oilithreacht,,,eacht
497,mionn,,mion,nn
498,nGealach,n,,ach
499,athstruchtúrtha,,ath,tha
500,dhianacha,,,acha
501,hormónach,h,,ach
502,Rachfar,,,far
503,gnáthlamhálacha,,gnáth,acha
504,fhanfaidh,,,faidh
505,útruisce,,,e
506,cruthúnachta,,,ta
507,Ljubljana,,,na
508,fabhrach,,,ach
509,chéimeanna,,,eanna
510,fáltáis,,,áis
511,Letrozole,,,e
512,Nua-Aoisiú,,,iú
513,vótáladh,,,adh
514,táirgiúil,t,,úil
515,fógróidh,,,óidh
516,Mhichelle,,,e
517,láidreacht,,,eacht
518,cheiste,,,te
519,ard-iontaofacht,,ard,acht
520,impleachtaí,,im,taí
521,formaildéad,,for,éad
522,Dúinn,,,inn
523,Airgeadra,,,ra
524,shighneoidh,,,idh
525,Chaomhnóra,,,ra
526,iascach,,,ach
527,tiúnta,t,,ta
528,comhpháirtithe,,comh,ithe
529,chaighdeáin,,,in
530,Meastacháin,,,in
531,Éineola,,,a
532,agóideoir,,,eoir
533,frithsheoltóir,,frith,tóir
534,nádúr,,,úr
535,imshruthaithe,,im,aithe
536,trírothach,,trí,ach
537,bhunacmhainne,,,ne
538,Foras,,,as
539,an-baininscneach,,an,each
540,lagaíonn,,lag,aíonn
541,láimhseálfaidh,,,faidh
542,goireas,,,eas
543,Rialuitheoir,,,eoir
544,nadine,,,ne
545,comhchoiste,,comh,te
546,haoine,h,,ne
547,lár-phointe,,lár,te
548,thuigim,,,im
549,dTeicneolaíochtaí,d,,taí
550,elastin,,,in
551,mBreitheanna,m,,eanna
552,phéinteanna,,,eanna
553,ultra-préimhe,,ultra,e
554,mhonaróir,,,óir
555,roghnaíochta,,ro,ta
556,d'eaglais,d',,ais
557,chomhshainiú,,,iú
558,Maoirseachta,,,ta
559,méadaíonn,,,aíonn
560,dúbalta,,dú,ta
561,neachoinníollach,,,ach
562,Rátála,,,a
563,feádfar,,,far
564,bhfo-léas,bh,fo,as
565,eibhear,,,ear
566,Scealpadh,,,adh
567,milseoirí,,,í
568,d'fhorghabháil,d',,áil
569,thuairiscigh,,,igh
570,bronnadh,,,adh
571,hairnéismhorgáiste,h,,te
572,seirbheálfar,,,far
573,chontae-bhuirge,,,e
574,Feabhsaitheoir,,,eoir
575,réidh,,ré,idh
576,coiscthe,,,the
577,crómasóim,,,im
578,hiarrfar,h,iar,far
579,Píolótach,,,ach
580,Eixample,,,e
581,co-ionann,,,ann
582,achtaítear,,,ítear
583,corpruithe,,,ithe
584,léite,,,te
585,aghaidhe,,,aidhe
586,Úsáide,,,e
587,d'éinne,d',,ne
588,fhaitíos,,,íos
589,Astilbe,,,e
590,diúscairtí,,,tí
591,infheistíonn,,in,íonn
592,mórghuaiseacha,,mór,eacha
593,Uiscedhíonach,,,ach
594,caindíochtaí,,,taí
595,Meánfhad,,,ad
596,comhlánú,,comh,ú
597,thuairimse,,,se
598,campáil,,,áil
599,choigeartúcháin,,,in
600,ghintear,,,ear
601,t-Ordú,t-,,ú
602,daonlathais,,daon,ais
603,Bainistíocht,,,íocht
604,gar-uilechoiteann,,gar,eann
605,riailtéarmaí,,,aí
606,neamhscaoilte,,neamh,te
607,anailísithe,,ana,ithe
608,luach,,,ach
609,prograjma,,,a
610,gcúlra,g,cúl,ra
611,dlíte,,,te
612,nImbhuailtí,,,tí
613,Dhearcadh,,,adh
614,neamhspleáchas,,neamh,as
615,Aisíocfaidh,,,faidh
616,liaighdheimhniúcháin,,,in
617,éigeantaí,,,taí
618,ngnáthchleachtais,n,gnáth,ais
619,chluiche,,,e
620,d'Fhógraí,d',,aí
621,Charachtar,,,tar
622,Sóivéidí,,,í
623,n-athais,n-,ath,ais
624,sinsearaí,,sin,aí
625,tuillíní,t,,í
626,saorchead,,,ad
627,Reachtanna,,,anna
628,plaisteach,,,each
629,shaotharstad,,,ad
630,Colúin,,,in
631,Cuirfidh,,,fidh
632,cúisithe,,,ithe
633,híle,h,,e
634,bhaineas,,,eas
635,hÁsliú,h,,iú
636,re,,,e
637,amharc-íomhánna,,am,na
638,Cuirfear,,,fear
639,Príomhbhóithre,,,e
640,Faighte,,,te
641,teachtaireachta,t,,ta
642,t-ionchúiseamh,t-,ion,amh
643,chloisteáil,,,áil
644,an-beacht,,an,eacht
645,onóir,,,óir
646,scafaithe,,,aithe
647,CD-bhunaithe,,,aithe
648,fhoirmiúlachtaí,,,taí
649,inmhalartaithe,,in,aithe
650,bpróiseálaí,b,,aí
651,smaoineamh,,,amh
652,phléascáin,,,in
653,mbeimid,m,,imid
654,Thalmhaíochta,,,ta
655,strusmhar,,,mhar
656,stad,,,ad
657,calaois,,,is
658,loscadh,,,adh
659,cúlghairme,,cúl,e
660,Buneolas,,,as
661,shlánaigh,,,aigh
662,thugann,,,ann
663,Samhna-mí,,,í
664,roghnóra,,ro,ra
665,ngenerálta,n,,ta
666,samhlú,,,ú
667,lárchomhairle,,lár,e
668,Biotáille,,,e
669,Mheilcíteach,,,each
670,chúramsa,,,sa
671,Tokia,,,ia
672,ghabhfaidh,,,faidh
673,chúntóir,,,tóir
674,hardranganna,h,ard,anna
675,bhogearra,,,ra
676,Frith-machnamhach,,,ach
677,gcannaí,g,,aí
678,mórdhíola,,mór,a
679,ghaireacht,,,eacht
680,Coinleach,,,each
681,phríomhghníomhaí,,,aí
682,ghearrfaidh,,,faidh
683,bhronnfar,,,far
684,neamhréasúnach,,neamh,ach
685,damhna,,,na
686,D'fhéadfaí,D',,aí
687,santaigh,,,aigh
688,chláraigh,,,aigh
689,chaluíochta,,,ta
690,núíosach,,,ach
691,chomhairliúcháin,,,in
692,árnAontais,,,ais
693,dócha,,dó,a
694,grúpscéim,,grúp,im
695,bhithéagsúlacht,,,acht
696,choinneoidh,,,idh
697,choinsíní,,,í
698,Umna,,,na
699,Roghnaíodh,,,íodh
700,sínitheacha,,,eacha
701,íos-sosanna,,íos,anna
702,ophtalmaigh,,,aigh
703,sna,,,na
704,Bhain,,,in
705,Make,,,e
706,ghnáthghníomhaíochtaí,,,taí
707,iompaigh,,,aigh
708,príosúnachta,,,ta
709,gcorrlaigh,g,corr,aigh
710,measadh,,,adh
711,n-éascaíonn,n-,éa,aíonn
712,drámatúil,,,túil
713,inathainmnithe,,in,ithe
714,piseán,,,eán
715,Gaeilgeoirí,,,í
716,Mheasúnú,,,ú
717,mí-áitneamhach,,mí,ach
718,Bhunreachta,,,ta
719,buan-choimeádta,,buan,ta
720,barainneachtaí,,barai,taí
721,ardaíódh,,ard,ódh
722,mbreithiúnais,m,,ais
723,práinneacha,,,eacha
724,dóiteáin-sábháilteacht,,dó,eacht
725,buidéalú,,,alú
726,déileálacha,,dé,acha
727,déileáfar,,dé,far
728,niompróirí,,,í
729,Trobe,,,e
730,saintreorach,,sain,ach
731,Ard-chumhacht,,,acht
732,shinsearach,,,ach
733,Aoibh,,,ibh
734,mór-reacaire,,mór,aire
735,thrátaí,,,taí
736,mhalartaíonn,,,aíonn
737,eastóscánraí,,eas,aí
738,iadhtán,,,án
739,ríomhthráchtáil,,ríomh,áil
740,leathana,,leath,na
741,bólacht,,,acht
742,Ajania,,,ia
743,Napa,,,a
744,féinfhaireachán,,féin,achán
745,scóranna,,,anna
746,foghnóthas,,fo,as
747,ndíolfar,n,dí,far
748,anaestéiseach,,ana,each
749,Dúshláin,,,in
750,tiarratasóir,t,,óir
751,gnóthachain,,,in
752,athbheochan,,ath,chan
753,airbheartós,,,ós
754,breitheamh,,,amh
755,Criostóir,,,tóir
756,Líonann,,,ann
757,fhreastalaíonn,,,aíonn
758,heagrán,h,,án
759,Sonraítear,,,ítear
760,teidlíocht,t,,íocht
761,Faireachais,,,ais
762,tacaithe,t,,aithe
763,Laghdaítear,,,ítear
764,Tréimhsí,,,í
765,Gramadán,,,adán
766,chnap-shuim,,,im
767,tsuíochain,t,,in
768,thuairisciú,,,iú
769,reifreann,,,eann
770,polaivinile,,pola,e
771,hOifigigh,h,,igh
772,sealbháin,,,in
773,Cosnaíonn,,,aíonn
774,dtagrófar,d,,ófar
775,gcothruim,g,,im
776,please,,,se
777,telefóna,t,,na
778,shealbhán,,,án
779,Siamsaíocht,,,aíocht
780,d'ullmhú,d',,ú
781,triomacht,,,acht
782,náireofar,,,far
783,tOrdú,t,,ú
784,múnlú,,,ú
785,tóin,t,,in
786,Phuiblí,,,í
787,ríofa,,,a
788,Sreangú,,,ú
789,gcoiteannas,g,,as
790,Innealta,,,ta
791,shealbhaímid,,,aímid
792,chuimsíonn,,,íonn
793,Sonróidh,,,óidh
794,chlárófaí,,,ófaí
795,t-seirbhíseach,t-,,each
796,tÁre,t,,e
797,Al-gaisce,,,e
798,díbhinní,,dí,í
799,sharóidh,,,óidh
800,fo-fillteáin,,fo,in
801,ficsin,,,in
802,Bóithre,,,e
803,ngnáthchomhalta,n,gnáth,ta
804,n-asbhaintear,n-,as,ear
805,June,,,ne
806,Ardachadh,,,adh
807,dtosnófar,d,,ófar
808,maolófar,,,ófar
809,héarlaise,h,éa,se
810,Aer-Loingseoireacht,,,eacht
811,péilíní,,,í
812,Comhdhlúite,,,te
813,saille,,,e
814,trasphlandú,,tras,ú
815,gcruithneacht,g,,eacht
816,sheach-chuideachta,,,ta
817,Geim,,,im
818,dhlúthdhioscaí,,,aí
819,Mhaisitheacha,,,eacha
820,foráladh,,for,adh
821,faoin,,,in
822,cantarlann,,,lann
823,phumpáil,,,áil
824,díluchtú,,dí,ú
825,Pearsantaithe,,,aithe
826,n-iontráil,n-,ion,áil
827,Caife,,,e
828,leithlí,,,í
829,chaiteachais,,,ais
830,Chreimthe,,,the
831,Ionchais,,,ais
832,amaitéarach,,am,ach
833,cúirtbhanna,,,anna
834,Cheanncheathrú,,,ú
835,n-iarraidh,n-,iar,aidh
836,thoghcháin,,,in
837,oidí,,,í
838,réchaite,,ré,te
839,socraíocht,,so,aíocht
840,Tosaíocht,,,aíocht
841,gcroí,g,,í
842,ísliú,,,iú
843,uastiúchana,,uas,na
844,comhthreomhara,,comh,ra
845,teilifíse,t,teili,se
846,Chúirteanna,,,eanna
847,íosghrádú,,íos,ú
848,Leabaigh,,,aigh
849,fo-mhíreanna,,fo,eanna
850,quercetin,,,in
851,gcuirí,g,,í
852,François,,,is
853,shlis,,,is
854,fhorálfidh,,,fidh
855,fhaireora,,,ra
856,capsúil,,,úil
857,geallshealbhóirí,,,í
858,3-4-ú,,,ú
859,nochtadh,,,adh
860,dúchasach,,dú,ach
861,mhéadófar,,,ófar
862,phráinneach,,,each
863,Féara,,,ra
864,dheighleálann,,,lann
865,d'fhorfheidhmiú,d',,iú
866,bithéagsúlacht,,bith,acht
867,chó-aontuithe,,,ithe
868,coiníní,,,í
869,fóirdheontas,,,tas
870,fhorfheidhmithe,,,ithe
871,tualach,t,,ach
872,tsláinte,t,,te
873,dochreidte,,do,te
874,d'fhóirdheontais,d',,ais
875,dhóiteán,,,eán
876,Lindisfarne,,,ne
877,Astrálacha,,,acha
878,Aeráide,,,e
879,breithe,,,ithe
880,Bronnadh,,,adh
881,bhféadfá,bh,,fá
882,flaisfhianáin,,,in
883,Fhioscach,,,ach
884,formheasanna,,for,anna
885,d'éascú,d',éa,ú
886,olltáirgthe,,oll,the
887,tsinneagóid,t,,óid
888,Tine,,,ne
889,hAithne,h,,ne
890,neamhdhlisteanach,,neamh,ach
891,Soláthairtí,,,tí
892,Angla-Éireannach,,Angla,ach
893,príomh-insliú,,príomh,iú
894,Thóg,,,óg
895,dhéileálacha,,,acha
896,ardáin,,ard,in
897,nítimí,,,í
898,corrfholúntas,,corr,tas
899,leathdheireanach,,leath,ach
900,ollmhargadh,,oll,adh
901,Paisinéirí,,,í
902,bhforchuirfear,bh,for,fear
903,ionmhuirearuithe,,ion,ithe
904,boilsciú,,,iú
905,mblian,m,,an
906,réamh-éigeandála,,réamh,a
907,shainchúraimí,,,í
908,laonna,,,na
909,Albaim,,,aim
910,bhfeidhmeanna,bh,,eanna
911,tóirse,t,,se
912,scórála,,,a
913,leictreonacha,,leictr,acha
914,teangeolaíochta,t,,ta
915,Cuarda,,,da
916,thaobhaíonn,,,aíonn
917,leabhar-fhiach,,,ach
918,directive,,,e
919,gcomhghleacaithe,g,comh,aithe
920,báistí,,,tí
921,Bileoga,,,ga
922,n-iarratais,n-,iar,ais
923,inniúlacht,,in,acht
924,fíneáil-tune,,,ne
925,ghnáthcheadúnas,,,únas
926,leas-chontae-bhainisteoir,,leas,eoir
927,píoblíne,,,ne
928,atreisiú,,,iú
929,fiosrúchán,,,án
930,chomórtas,,,tas
931,eis,,,is
932,ndaonlathas,n,daon,lathas
933,Tiomnaíonn,,,aíonn
934,chorrthrádála,,,a
935,gCaibidlí,g,,í
936,ainlithe,,ain,ithe
937,choinníonn,,,íonn
938,scriosa,,,sa
939,liachta,,,ta
940,d'ainmhithe,d',ain,ithe
941,Réamhscrúdú,,,ú
942,Saoránaigh,,,aigh
943,fostaíochtaí,,fo,taí
944,Polasaí,,,aí
945,nochta,,,ta
946,bhanchéile,,,e
947,cúrsáil,,,áil
948,rannchuideoidh,,,idh
949,Dhuibhne,,,ne
950,lárú,,lár,ú
951,bunófar,,bun,ófar
952,muinteartha,,,tha
953,channabas,,,as
954,ndíolfaí,n,dí,aí
955,Ndán,,,án
956,diagnóisíodh,,dia,íodh
957,Stiúradh,,,radh
958,feadfí,,,fí
959,rannchuideofaí,,,aí
960,Géineas,,,eas
961,ndeinidh,n,,idh
962,dhíspreagthach,,,ach
963,chomhdhéanann,,,ann
964,dhíshuiteáil,,,áil
965,Raonta,,,ta
966,féinmharaithe,,féin,aithe
967,éagcumais,,éa,ais
968,réadaigh,,réa,aigh
969,chonspóide,,,e
970,chaighdeánaithe,,,aithe
971,Dé-Hidreine,,,ne
972,feitheamh,,,amh
973,soláthrófaí,,so,ófaí
974,ard-mhinicíocht,,ard,íocht
975,caithteachaisí,,,í
976,thoimhdiú,,,iú
977,oiriúntóir,,oir,tóir
978,ócáideach,,,each
979,tSairdín,t,,ín
980,mionbhreise,,mion,se
981,Feisteacháin,,,in
982,mullaigh,,,aigh
983,cuntasacha,,,acha
984,gcinne,g,cinn,ne
985,toghlachta,t,,ta
986,chreidimid,,,imid
987,fomhíreanna,,fo,eanna
988,drumadóireacht,,,eacht
989,cithfholctha,,,tha
990,aoirde,,,e
991,sreabhánaithe,,,aithe
992,neamhchonarthach,,neamh,ach
993,Anatamaíocht,,,aíocht
994,chomhréir,,,éir
995,duilleog,,,eog
996,Choinníollacha,,,acha
997,gearánach,,,ach
998,dtrasphailnítear,d,tras,ítear
999,ligean,,,an
1000,Reoite,,,te
1001,analóigeacha,,ana,eacha
1002,Dáta,,,ta
1003,Onnmhairithe,,,ithe
1004,thógfas,,,fas
1005,gceannasaí,g,ceann,aí
1006,glanghluaiseachtaí,,,taí
1007,Kaaba,,,a
1008,dhíobhálach,,,ach
1009,féinghlasála,,féin,a
1010,alfa-uimhriúla,,,a
1011,chomhaontú,,,ú
1012,Tuismitheoirí,,,í
1013,chóir,,,óir
1014,Polaiteoirí,,,í
1015,Chomhaimseartha,,,tha
1016,plánaí,,,aí
1017,pacáidí,,,í
1018,gcorrlach,g,corr,ach
1019,cíosa,,,sa
1020,micribhitheolaíochta,,micri,ta
1021,Aontuismitheora,,,ra
1022,lorgaítear,,,ítear
1023,srianfar,,,far
1024,teascadh,t,,adh
1025,aitheantacht,,aith,tacht
1026,Chonnartha,,,tha
1027,d'fhiosrúcháin,d',,in
1028,iompórtála,,,a
1029,chomhaontaithe,,,aithe
1030,bananaí,,ban,aí
1031,Luimneach,,,each
1032,Smaointeoireachta,,,ta
1033,dioscaí,,dios,aí
1034,chuspóirí,,,í
1035,lóisteálfar,,,far
1036,diuretica,,,a
1037,Chuige,,,e
1038,Sraitheanna,,,eanna
1039,ghnóthóidh,,,óidh
1040,fíor-áilleacht,,fíor,eacht
1041,d'ainmnigh,d',ain,igh
1042,tagaithe,t,,aithe
1043,Ghrádanna,,,anna
1044,cailliúna,,,na
1045,mí-réasúnta,,mí,ta
1046,Crua,,,a
1047,gcólíonadh,g,,adh
1048,dóigheanna,,dó,eanna
1049,Ceapachán,,,achán
1050,Snasú,,,ú
1051,beara,,,ra
1052,aisíocaíochtaí,,ais,taí
1053,chéim-chíos,,,íos
1054,Trasphlandú,,,ú
1055,rialáiltear,,,ear
1056,láithreoidh,,,idh
1057,chuntais,,,ais
1058,Éagann,,,ann
1059,fhadtréimhseach,,,each
1060,Dearbhuítear,,,ítear
1061,Scannáin,,,in
1062,chaithfí,,,fí
1063,seolfaimid,,,aimid
1064,ró-pianmhar,,ró,mhar
1065,féin-choigeartaithe,,féin,aithe
1066,ghnéas-tarchurtha,,,tha
1067,múnla,,,a
1068,glanteoranta,,,ta
1069,sholáimhsithe,,,ithe
1070,Phríobháideachais,,,ais
1071,comhchónaithe,,comh,aithe
1072,hiar-bhunscoileanna,h,iar,eanna
1073,Dréimirí,,,í
1074,fhorghníomhófar,,,ófar
1075,fhuirinn,,,inn
1076,pioc-suas,,,as
1077,Zaha,,,a
1078,cadhnaíochta,,,ta
1079,Leithdháiltí,,,tí
1080,fhoirgníochta,,,ta
1081,cirte,,,te
1082,riamh,,,amh
1083,carrpháirceála,,,a
1084,shine,,,ne
1085,pháirteanna,,,eanna
1086,forbhallaí,,for,aí
1087,comhdhaonnacha,,comh,acha
1088,mutandis,,,is
1089,Corparáide,,,e
1090,gcomhaontuithe,g,comh,ithe
1091,sainaithnítear,,sain,ítear
1092,champáil,,,áil
1093,mb'ea,m,,a
1094,fhótaisintéis,,,is
1095,mionsárú,,mion,ú
1096,dáile,,dá,e
1097,neamh-inlasta,,neamh,ta
1098,d'éisteachtaí,d',,taí
1099,Airgeadaíochta,,,ta
1100,thráchta,,,ta
1101,doiléir,,do,éir
1102,Coinnítear,,,ítear
1103,dea-feistithe,,dea,ithe
1104,dhlíthiúlacht,,,acht
1105,Cosán,,,án
1106,Saothrú,,,ú
1107,ghinealach,,,ach
1108,éalaipteach,,éa,each
1109,Ríomhaireachta,,,ta
1110,Ceapaim,,,aim
1111,marcáiltear,,,ear
1112,neamhathraithe,,neamh,aithe
1113,díolmhú,,dí,ú
1114,Telefóin,,,in
1115,Sroicheann,,,eann
1116,Páigh,,,igh
1117,mblocáil,m,,áil
1118,díospóidí,,dí,í
1119,Leictreonach,,,ach
1120,tairbhíche,t,,e
1121,ceadaítear,,,ítear
1122,mhalartú,,,ú
1123,rathúla,,,a
1124,chomh-Ghiúdaigh,,,aigh
1125,Síciteiripe,,,e
1126,seiceadóra,,,ra
1127,ardroghanna,,ard,anna
1128,tharlós,,,ós
1129,gcanáil,g,,áil
1130,Saoirsí,,,í
1131,fhungacha,,,acha
1132,gcraoladh,g,,adh
1133,Grinnbhreathnú,,,ú
1134,déphléacsála,,dé,a
1135,ard-dlúis,,ard,is
1136,deara,,dea,ra
1137,forbraíomar,,for,íomar
1138,hordaítear,h,,ítear
1139,imghabháil,,im,áil
1140,niontrála,,,a
1141,ceannasaí,,ceann,aí
1142,mhaisiúil,,,úil
1143,Toscaireacht,,,eacht
1144,mórdhéanamh,,mór,amh
1145,Íochtarach,,,ach
1146,duradh,,,radh
1147,dtiomáineann,d,,eann
1148,chreidiúnaí,,,aí
1149,daoine,,,ne
1150,leasuitheach,,leas,each
1151,tSamhraidh,t,,aidh
1152,bhfeadh,bh,,eadh
1153,Breiseáin,,,in
1154,bhfreagróirí,bh,,í
1155,thaitneamhachta,,,ta
1156,réasunta,,réa,ta
1157,chomhshuim,,,im
1158,fobheartanna,,fo,anna
1159,sineirgisteacha,,sin,eacha
1160,leachtaitheoirí,,,í
1161,pósadh,,,adh
1162,Aimín,,,ín
1163,Ard-Chláradóra,,,ra
1164,Vailintín,,,ín
1165,ngnáth-scaireanna,n,gnáth,eanna
1166,sheachnaíonn,,,aíonn
1167,sábhálfar,,,far
1168,feidhmiúchan,,,chan
1169,geilleagrach,,,ach
1170,n-ardóidh,n-,ard,óidh
1171,díchóimeáil,,dí,áil
1172,gcoillearnacha,g,,acha
1173,sealúchas,,,as
1174,luachálanna,,,anna
1175,Java,,,a
1176,komisia,,,ia
1177,déileálaim,,dé,aim
1178,aonta,,aon,ta
1179,heispéireas,h,,eas
1180,dátheangachas,,dá,achas
1181,Ainmníodh,,,íodh
1182,hIndia,h,,ia
1183,barrúil,,barr,úil
1184,Timpeallacht,,,acht
1185,Reasca,,,a
1186,vampire,,,ire
1187,phríomh-mhaoin,,,in
1188,hinscríbhinní,h,in,í
1189,truailleáin,,,in
1190,phléadáil,,,áil
1191,cineama,,,a
1192,Poblachtach,,,ach
1193,Fhilipíneacha,,,eacha
1194,Comharsana,,,na
1195,Scéalach,,,ach
1196,eolaithe,,eo,aithe
1197,aon-thaobhach,,aon,ach
1198,Príomhchócaire,,,aire
1199,mór-rachairte,,mór,te
1200,Chathaoirligh,,,igh
1201,Nigéire,,,ire
1202,inghafa,,in,a
1203,pléasctha,,,tha
1204,an-amhrasach,,an,ach
1205,gcibearchoireacht,g,,eacht
1206,D'ardaigh,D',ard,aigh
1207,Feabhsuithe,,,ithe
1208,Comhdhlúthú,,,ú
1209,Imscrúdú,,,ú
1210,chomhbhlianacht,,,acht
1211,mbónais,m,,ais
1212,aírithe,,,ithe
1213,Geallaimid,,,aimid
1214,use,,,se
1215,infheistiúcháin,,in,in
1216,bunúil,,bun,úil
1217,tíortha,t,,tha
1218,tascanna,t,,anna
1219,bhfarraige,bh,,e
1220,carthanachtaí,,,taí
1221,fhostaithe,,,aithe
1222,punainne,,,ne
1223,háirithe,h,,ithe
1224,n-ullmhóidh,n-,,óidh
1225,maraí,,,aí
1226,maoiniúcháin,,,in
1227,Fógráin,,,in
1228,coinneála,,,a
1229,réigiúin,,ré,in
1230,komiteja,,,a
1231,comhiomlána,,comh,na
1232,Raithní,,,í
1233,Mauritania,,,ia
1234,cuí-dhéanta,,,ta
1235,dtagadh,d,,adh
1236,gailearaí,,,aí
1237,Náisiúnta,,,ta
1238,D'imoibrigh,D',im,igh
1239,hathrófar,h,ath,ófar
1240,Oiriúnaithe,,,aithe
1241,blaistithe,,,ithe
1242,bPoblachtaí,b,,taí
1243,ghairmiúla,,,a
1244,olltoghcháin,,oll,in
1245,chomhchomhairliúcháin,,,in
1246,Neamhsheolaithe,,,aithe
1247,campháirtíocht,,,íocht
1248,Veronica,,,a
1249,LA-hibridí,,,í
1250,mídhaonna,,mí,na
1251,barra-cháin,,barr,in
1252,cead,,,ad
1253,laga,,lag,ga
1254,ceanglaíodh,,,íodh
1255,Briona,,,na
1256,idirghrúpa,,idir,a
1257,Príncipe,,,e
1258,fócas,,,as
1259,dliteanais,,,ais
1260,múcasacha,,,acha
1261,féiliúnach,,,ach
1262,buntréithe,,bun,ithe
1263,Comhghaolú,,,ú
1264,bPictiúrlann,b,,lann
1265,dobharshaothrú,,do,ú
1266,Torenia,,,ia
1267,bheartófar,,,ófar
1268,Saor-Comhghuaillíochta,,,ta
1269,biteann,,bi,eann
1270,gCorcaigh,g,,aigh
1271,Stamata,,,ta
1272,Dhoirí,,,í
1273,iontach,,ion,ach
1274,Cloigtheach,,,each
1275,clárthréimhse,,,se
1276,cúis,,,is
1277,Poibliú,,,iú
1278,ciontófar,,,ófar
1279,Shealadaigh,,,aigh
1280,doiciméidí,,do,í
1281,idirnáisiúnta,,idir,ta
1282,spriocdháta,,sprioc,ta
1283,Ceadóidh,,,óidh
1284,Seapánach,,,ach
1285,Eagrú,,,ú
1286,dhiailiú,,,iú
1287,n-eiríodh,n-,,íodh
1288,aidhmeanna,,,eanna
1289,Teachfaidh,,,faidh
1290,leanúnacha,,,acha
1291,mheasann,,,ann
1292,griofadach,,,ach
1293,immivoice,,im,e
1294,ndéanfadh,n,dé,fadh
1295,ribíní,,,í
1296,n-aireachasú,n-,,ú
1297,luascadh,,,adh
1298,Socrú,,,ú
1299,fianáin,,fia,in
1300,bardas,,bar,as
1301,tacóidh,t,,óidh
1302,Léiriúcháin,,,in
1303,aonrú,,aon,ú
1304,chúiteántas,,,tas
1305,bhuan-eadránaí,,,aí
1306,Lár-Oirthear,,,ear
1307,Adenomagenesis,,,is
1308,Chuspóir,,,óir
1309,thitfeadh,,,eadh
1310,cairdiúil,,,úil
1311,chruaidh,,,aidh
1312,dtugaidh,d,,aidh
1313,bpléifí,b,,fí
1314,muirmhí,,,í
1315,Ainliú,,,iú
1316,Quba,,,a
1317,príomhghníomhaíochtaí,,príomh,taí
1318,pacáistíodh,,,íodh
1319,comhallfaidh,,comh,faidh
1320,póraitheoirí,,,í
1321,intinne,,in,ne
1322,ghéinea-thocsaineachta,,,ta
1323,anóidí,,an,í
1324,síciteiripe,,síci,e
1325,d'fhearann,d',,ann
1326,có-dhlúite,,,te
1327,Frankie,,,e
1328,fabharaí,,,aí
1329,mearbhia,,,ia
1330,Eagarthóra,,,ra
1331,shocraítear,,,ítear
1332,Mianraí,,,aí
1333,líomóide,,,e
1334,Mí-chumas,,,as
1335,d'fhiachas,d',,achas
1336,leasaítear,,leas,ítear
1337,mhachnamh,,,amh
1338,aistrigh,,ais,igh
1339,carranna,,,anna
1340,Eilvéis,,,is
1341,tSeachtain,t,,in
1342,gcuirfear,g,,fear
1343,Claochladáin,,,in
1344,Neamhbhrabúis,,,is
1345,deichiú,,,iú
1346,gceisteofar,g,,far
1347,ghiúróir,,,óir
1348,tiomantas,t,,tas
1349,gnáis,,,áis
1350,Náisiúnaigh,,,aigh
1351,gealminicíocht,,,íocht
1352,bhrácach,,,ach
1353,adrenaline,,,ne
1354,déantóirí,,dé,í
1355,scoiteacht,,,eacht
1356,míbhuntáiste,,mí,te
1357,fhoghrúpa,,,a
1358,Gaelacha,,,acha
1359,smachta,,,ta
1360,céile,,,e
1361,Dhéirciúla,,,a
1362,ciandíolachán,,,achán
1363,cineál-cheadú,,,ú
1364,earphone,,,ne
1365,Scríobhadh,,,adh
1366,bhronn,,,nn
1367,chealóidh,,,óidh
1368,muilleoirí,,,í
1369,comhlántacht,,comh,tacht
1370,Forchoimeádfar,,,far
1371,Chuideachta,,,ta
1372,baile,,,e
1373,dúnorgain,,dún,in
1374,Poncúil,,,úil
1375,Inmheánach-fuaraithe,,,aithe
1376,bhintiúr,,,úr
1377,forordaíodh,,for,íodh
1378,ollamh,,oll,amh
1379,foleantacha,,fo,acha
1380,Póir,,,óir
1381,gciorcad,g,,ad
1382,Eascainí,,,í
1383,mhórdhíola,,,a
1384,Ard-Stiúrthóireacht,,,eacht
1385,saineolaithe,,sain,aithe
1386,Dhónn,,,nn
1387,fhíorannamha,,,a
1388,fágála,,,a
1389,d'aiscí,d',ais,í
1390,nAistrítear,,,ítear
1391,luí,,,í
1392,luathóige,,luath,e
1393,dhiúltaítear,,,ítear
1394,fheabhsaítear,,,ítear
1395,breiseán,,,eán
1396,gearánaí,,,aí
1397,aistarraingthe,,ais,the
1398,ghnóchan,,,chan
1399,scribhinní,,,í
1400,atúrnae,,,e
1401,cathfear,,,fear
1402,Seolfaidh,,,faidh
1403,dTréimhsí,d,,í
1404,sopanna,,so,anna
1405,úsáideoir-shainithe,,,ithe
1406,ceanglais,,,ais
1407,Milliúin,,,in
1408,bríomhar,,brí,mhar
1409,ballghnólacht,,,acht
1410,Tata,,,ta
1411,éadaí,,éa,aí
1412,deara-agus-éifeacht,,dea,eacht
1413,gcorpraítear,g,,ítear
1414,lánpháirtiú,,,iú
1415,airsíos,,,íos
1416,Curaclaim,,,aim
1417,aontaíodh,,aon,íodh
1418,shloinneadh,,,eadh
1419,Bainne,,,ne
1420,dtárlódh,d,,ódh
1421,leas-tuismitheoir,,leas,eoir
1422,ghnáthchomhnaí,,,aí
1423,chúlghabhálach,,,ach
1424,h-aghaidh,h-,,aidh
1425,shiorcanna,,,anna
1426,pionós,,,ós
1427,foimiúlta,,fo,ta
1428,buan-éagumas,,buan,as
1429,fholeasanna,,,anna
1430,Cologne,,,ne
1431,parlamentin,,,in
1432,ionsaitheach,,ion,each
1433,bolscaireacht,,,eacht
1434,bhithmhéadrach,,,ach
1435,ionadh,,ion,adh
1436,Sainchomhlíonadh,,,adh
1437,Cáilithe,,,ithe
1438,tráthanna,,,anna
1439,scrúdófar,,,ófar
1440,Increasre,,,e
1441,d'ardchaighdeán,d',ard,eán
1442,Ancaire,,,aire
1443,ghráduithe,,,ithe
1444,dhúshlán,,,án
1445,lán-dleacht,,,eacht
1446,fhorcoimeádtar,,,tar
1447,Chúil,,,úil
1448,n-usáidtear,n-,,ear
1449,coisceadh,,,eadh
1450,2-3-bliain,,,in
1451,tascartha,t,,tha
1452,neach,,,each
1453,Masha,,,a
1454,Ath-fhéachainte,,,te
1455,seanmóir,,sean,óir
1456,peacaí,,,aí
1457,Fo-quotanna,,,anna
1458,ard-réiteach,,ard,each
1459,chuibhiúil,,,úil
1460,teilgeoirí,t,,í
1461,sheachbhreithiúnacha,,,acha
1462,chasta,,,ta
1463,thuairimí,,,í
1464,tuigimid,t,,imid
1465,n-dara,n-,,ra
1466,féilte,,,te
1467,traschuartha,,tras,tha
1468,sainliacht,,sain,acht
1469,fheidhmiúcháin,,,in
1470,víreasach,,,ach
1471,Chomhchoiste,,,te
1472,heití,h,,tí
1473,orgánaí,,,aí
1474,sceirdeacha,,,eacha
1475,Cúpla,,,a
1476,d'fhiacha,d',,acha
1477,ngníomhóidh,n,,óidh
1478,dtríú,d,trí,ú
1479,IIIa,,,a
1480,Téann,,,ann
1481,Soilsithe,,,ithe
1482,Tbaharfaidh,,,faidh
1483,Luasanna,,,anna
1484,imscrúdaitheach,,im,each
1485,orlaigh,,,aigh
1486,Fiosrú,,,ú
1487,Earnáil,,,áil
1488,dea-rialachas,,dea,achas
1489,coigeartaigh,,,aigh
1490,Bearnaí,,,aí
1491,aimhrialta,,,ta
1492,Cóiríocht,,,íocht
1493,Soisialta,,,ta
1494,caiméireolaíocht,,,aíocht
1495,chíos,,,íos
1496,Chainnigh,,,igh
1497,Déní,,,í
1498,Ranganna,,,anna
1499,nós-imeachta,,,ta
1500,Cialluíonn,,,íonn
1501,d'iniúchadh,d',in,adh
1502,ceannasachta,,ceann,ta
1503,Aindéis,,,is
1504,Bean,,,an
1505,séidte,,,te
1506,phríomhaidhmeanna,,,eanna
1507,uaineadóir,,,adóir
1508,Feidhmiúcháin,,,in
1509,Tríú,,,ú
1510,Cruthaithe,,,aithe
1511,haon-áit,h,aon,áit
1512,ainneonach,,ain,ach
1513,Foilseachán,,,achán
1514,phataigineacha,,,eacha
1515,athuimhriú,,ath,iú
1516,mionsonraí,,mion,aí
1517,ghalfaire,,,aire
1518,chnocán,,,án
1519,nGnóthachtáil,n,,áil
1520,Nuashonrú,,,ú
1521,amharclanna,,am,anna
1522,choinne,,,ne
1523,n-údaródh,n-,,ódh
1524,ríomhfaí,,ríomh,aí
1525,dualgais,,,ais
1526,sibh,,,ibh
1527,cealófar,,,ófar
1528,sainréimsí,,sain,í
1529,fholúntais,,,ais
1530,bruach-úinéir,,,éir
1531,sintiúisí,,sin,í
1532,Choreaighe,,,e
1533,otroifeinilhiodraisí,,,í
1534,ciallaíonn,,,aíonn
1535,Eadráin,,,in
1536,iostas,,,tas
1537,forléargais,,for,ais
1538,Abhcóide,,,e
1539,Comh-Aireachta,,,ta
1540,dlúthnascadh,,,adh
1541,leapan,,,an
1542,athraÁonn,,ath,nn
1543,ghéineas,,,eas
1544,Chealú,,,alú
1545,luchta,,,ta
1546,Téimid,,,imid
1547,Lámha,,,a
1548,d'eirghe,d',,e
1549,céimshriain,,,in
1550,Fiontraithe,,,aithe
1551,Páirceála,,,a
1552,féiniúlachta,,féin,ta
1553,chomhlíonfadh,,,fadh
1554,Curtain,,,in
1555,alúmanaim,,,aim
1556,Contúirteacha,,,eacha
1557,d'anailísíocht,d',an,íocht
1558,goiríní,,,í
1559,tairbhiú,t,,iú
1560,míchompordach,,mí,ach
1561,marcach,,,ach
1562,Kerastas,,,tas
1563,Laietana,,,na
1564,garraíodóir,,gar,dóir
1565,Broad,,,ad
1566,Chríochnaigh,,,aigh
1567,Impigh,,,igh
1568,murtallach,,,ach
1569,príomh-oifige,,príomh,e
1570,fochuideachta,,fo,ta
1571,Seanóirí,,,í
1572,ndeimhnighidh,n,,idh
1573,bhlianachta,,,ta
1574,hoidhreachtaí,h,,taí
1575,Adrián,,,án
1576,cúirteanna,,,eanna
1577,seoltóirí,,,í
1578,thoirmisctear,,,ear
1579,fhíor-riachtanacha,,,acha
1580,bailítear,,,ítear
1581,Idirghabháil,,,áil
1582,daonnachtúlacht,,daon,acht
1583,seoltar,,,tar
1584,indie,,in,e
1585,Mhargaidh,,,aidh
1586,gcuirfí,g,,fí
1587,ghlúin,,,in
1588,ard-oideachas,,ard,achas
1589,Iniomparthachta,,,ta
1590,heolaíochtaí,h,eo,taí
1591,AE-Íoslainn,,,inn
1592,scalbhóirí,,,í
1593,néarógach,,,ach
1594,leithdháilfear,,,fear
1595,breoslaithe,,,aithe
1596,ateangaireacht,,,eacht
1597,ngearrfaidh,n,gearr,faidh
1598,Idir-Rialtasach,,,ach
1599,d'infheisteoirí,d',in,í
1600,nea-mbolcánuithe,,,ithe
1601,comhoibritheach,,comh,each
1602,neamhreachtúil,,neamh,túil
1603,dhian,,,an
1604,géarchúiseach,,,each
1605,Mhuire,,,ire
1606,cormáin,,,in
1607,cruas,,,as
1608,CEFSanna,,,anna
1609,filleadh,,,eadh
1610,cuspóra,,,ra
1611,Feabhsúcháin,,,in
1612,imdháil,,im,áil
1613,chomhfhreagraigh,,,aigh
1614,fhorbraítear,,,ítear
1615,mhúinteoirí,,,í
1616,stán,,,án
1617,díluailiú,,dí,iú
1618,aicmithe,,,ithe
1619,Reddéirí,,,í
1620,teileafón,t,,fón
1621,n-íocaíocht,n-,,aíocht
1622,ghrinn,,,inn
1623,Nafia,,,ia
1624,bharúla,,,a
1625,cosmaidí,,,í
1626,deartha,,dea,tha
1627,Ballraíochta,,,ta
1628,tasc-oibre,t,,e
1629,Tíreolaíocht,,,aíocht
1630,cláireacha,,,eacha
1631,éineacht,,,eacht
1632,breathnóirí,,,í
1633,toimhdeoidh,t,,idh
1634,staitisticí,,,í
1635,Cathrach,,,ach
1636,nDeontas,n,,tas
1637,difríochta,,,ta
1638,bhaintí,,,tí
1639,Sagartacht,,,tacht
1640,furógra,,,ra
1641,gcladach,g,,ach
1642,Imperiale,,,e
1643,fíorshimpliú,,fíor,iú
1644,milseáin,,,in
1645,toghthóir,t,,thóir
1646,aon-tseilbhe,,aon,e
1647,komitetas,,,tas
1648,Staidreamh,,,amh
1649,CERanna,,,anna
1650,Stamina,,,na
1651,choitianta,,,ta
1652,Séanadh,,,adh
1653,mhalairte,,,te
1654,Dhílleachtaí,,,taí
1655,neamhthábhachtach,,neamh,ach
1656,bheartú,,,ú
1657,luacháil,,,áil
1658,Athchomhaire,,,aire
1659,hairgeadra,h,,ra
1660,fruiltiomána,,,na
1661,chinnteach,,,each
1662,ilchineálacht,,il,acht
1663,aguisín,,,ín
1664,heolaíocht,h,eo,aíocht
1665,cleachtaí,,,taí
1666,cístí,,,tí
1667,Gnóthachtála,,,a
1668,Bríde,,,e
1669,trína,,trí,na
1670,príomhchoinníollacha,,príomh,acha
1671,Chuanta,,,ta
1672,ilmheáin,,il,in
1673,éagsúlacht,,éa,acht
1674,mí-ráiteas,,mí,eas
1675,Gotach,,,ach
1676,Comhlíontach,,,ach
1677,Macadóine,,,ne
1678,háireamhachtaí,h,,taí
1679,féatais,,,ais
1680,Feadóige,,,e
1681,lorgaireacht,,,eacht
1682,cuisniúcháin,,,in
1683,míchothromaíochtaí,,mí,taí
1684,Kazakhstan,,,an
1685,intí,,in,tí
1686,fo-Antartach,,fo,ach
1687,comhthreomhaire,,comh,aire
1688,lamhaigh,,,aigh
1689,snoite,,,te
1690,dhíospóireachtaí,,,taí
1691,Hondúras,,,as
1692,n-uirlisí,n-,,í
1693,éacht,,éa,acht
1694,dhán,,,án
1695,Laitvise,,,se
1696,deifriúla,,,a
1697,féadfa,,,a
1698,carbán,,,án
1699,uaigheanna,,,eanna
1700,ndailcheantar,n,,tar
1701,Theileagrafaíochta,,,ta
1702,Éirí,,,í
1703,Cannabis,,,is
1704,Phléigh,,,igh
1705,ndeisiú,n,,iú
1706,fhoilsithe,,,ithe
1707,Árainn,,,inn
1708,Chalaois,,,is
1709,chomharthaí,,,aí
1710,treallach,,,ach
1711,n-éaga,n-,éa,ga
1712,glaodhadh,,,adh
1713,Bhalla,,,a
1714,Oblagáidí,,,í
1715,Cinntíonn,,,íonn
1716,náiritheofar,,,far
1717,inréadaithe,,in,aithe
1718,Deisiúcháin,,,in
1719,ghhairdín,,,ín
1720,meánna,,meán,na
1721,thráthanna,,,anna
1722,fíoraithe,,fíor,aithe
1723,dtarscaoilfidh,d,tar,fidh
1724,feabhais,,,ais
1725,Shinsireach,,,each
1726,fearainn,,fear,inn
1727,comhspriocanna,,comh,anna
1728,fiúntas,,,tas
1729,aisteoirí,,ais,í
1730,Star,,,tar
1731,n-hormóin,,,in
1732,chuimseofar,,,far
1733,teorannófar,t,teo,ófar
1734,siltear,,,ear
1735,ruíleas,,,eas
1736,sensorineacha,,,eacha
1737,néaróg,,,óg
1738,glancheartúcháin,,,in
1739,slán,,,án
1740,Druganna,,,anna
1741,Cód,,,ód
1742,ríomhchárta,,ríomh,ta
1743,gcláraítear,g,,ítear
1744,haeriompróirí,h,aer,í
1745,Babaí,,,aí
1746,theilgthe,,,the
1747,n-iomláin,n-,,in
1748,Ceannuitheach,,,each
1749,lascthrealamh,,las,amh
1750,lánúine,,,ne
1751,n-ealaíontóirí,n-,,í
1752,aimsíodh,,,íodh
1753,turascáil,t,,áil
1754,dTeaghlach,d,,ach
1755,fhigiúr,,,úr
1756,Chorparáideach,,,each
1757,earrach-cheana,,,na
1758,nianna,,,anna
1759,heconomiciúil,h,,úil
1760,ionsaitheoir,,ion,eoir
1761,uchtaíodh,,,íodh
1762,phána,,,na
1763,tagallamh,t,,amh
1764,ndiúltaítear,n,,ítear
1765,Chuardach,,,ach
1766,dtorthaí,d,,aí
1767,hiarra,h,iar,ra
1768,rialtóir,,,tóir
1769,féiniúlacht,,féin,acht
1770,ndaonnacht,n,daon,acht
1771,eitlíochta,,,ta
1772,ceiliúrfar,,,far
1773,Ghnólacht,,,acht
1774,thacúil,,,úil
1775,éascóidh,,éa,óidh
1776,athleasú,,ath,ú
1777,chosmaí,,,aí
1778,leagfas,,,fas
1779,tóirsí,t,,í
1780,peictin,,,in
1781,smuigléireacht,,,eacht
1782,bunéisteacht,,bun,eacht
1783,spraeála,,,a
1784,bhíodh,,,íodh
1785,daingneáin,,,in
1786,d'ath-leatha,d',ath,tha
1787,m'intinn,,,inn
1788,dhíthiú,,,iú
1789,ngearánach,n,,ach
1790,choigistiú,,,iú
1791,Bhriotáinigh,,,igh
1792,dhealramh,,,amh
1793,neamhfhéidearthacht,,neamh,acht
1794,gnáthúla,,gnáth,a
1795,finiúna,,,na
1796,chrainn,,,inn
1797,Atha,,,tha
1798,Faisnéisíocht,,,íocht
1799,Fóraim,,,aim
1800,treoirlínte,,,te
1801,Caoga,,,ga
1802,deighleáladh,,,adh
1803,aosacha,,,acha
1804,toirchithe,t,,ithe
1805,phéarlaoniam,,,iam
1806,theiripeach,,,each
1807,dtonnta,d,,ta
1808,chalaois,,,is
1809,Ríthe,,,the
1810,buainteoir,,,eoir
1811,cómhaoiniú,,,iú
1812,Isiad,,,ad
1813,Dúigh,,,igh
1814,fhoraoiseachta,,,ta
1815,d'fhíorú,d',,ú
1816,hinghlacthacht,h,in,acht
1817,mBonn,m,,nn
1818,eolaí,,eo,aí
1819,Inseoidh,,,idh
1820,comhchineáil,,comh,áil
1821,sholéite,,,te
1822,n-abróidh,n-,,óidh
1823,Chomhairlitheach,,,each
1824,theastuíonn,,,íonn
1825,n-allmhuirithe,n-,,ithe
1826,Cuillinn,,,inn
1827,fhicsin,,,in
1828,Eiticiúil,,,úil
1829,Dhiúscairtí,,,tí
1830,giorrúcháin,,,in
1831,bheartuíonn,,,íonn
1832,ceirmeach,,,each
1833,samhail,,,amhail
1834,isí,,,í
1835,muirearíoctha,,,tha
1836,caomhanta,,,ta
1837,Chruacháin,,,in
1838,coimeádfaidh,,,faidh
1839,fáilte,,,te
1840,D'fhéach,D',,ach
1841,chainníocht,,,íocht
1842,Léinn,,,inn
1843,phríomha,,,a
1844,scrúdaítear,,,ítear
1845,mBunscoileanna,m,,eanna
1846,neamhchaite,,neamh,te
1847,ampúle,,am,e
1848,Fháis,,,áis
1849,Deaschliceáil,,,áil
1850,réamheitilte,,réamh,te
1851,oiriúnaí,,oir,aí
1852,ngairfear,n,,fear
1853,Fhleadh,,,eadh
1854,Faigh,,,aigh
1855,taitneamhaí,t,,aí
1856,ghnáthchúrsa,,,sa
1857,cheamara,,,ra
1858,monacrómach,,mona,ach
1859,Méadófar,,,ófar
1860,agrafhoraoiseachta,,,ta
1861,plátaí,,,taí
1862,theanga,,,ga
1863,bheagnach,,,ach
1864,Tacaíodh,,,íodh
1865,coinníollach,,,ach
1866,díríodh,,dír,íodh
1867,iargúltacht,,iar,tacht
1868,chúirtealáiste,,,te
1869,Dídeanaithe,,,aithe
1870,modúlachlacht,,,acht
1871,Bhreatimeacht,,,eacht
1872,péacán,,,acán
1873,allmhaireoir,,,eoir
1874,téipe,t,,e
1875,threánn,,,nn
1876,sholáthrófar,,,ófar
1877,uathmheaisíní,,uath,í
1878,réaltaí,,réalt,taí
1879,Uachtaráin,,,in
1880,neamhfheidhmiúlacht,,neamh,acht
1881,Rannán,,,án
1882,fhorcháin,,,in
1883,hiarratais,h,iar,ais
1884,gceaptar,g,,tar
1885,cheirde,,,e
1886,Brotha,,,tha
1887,gcionta,g,,ta
1888,carthanais,,,ais
1889,Dírithe,,,ithe
1890,gríosadh,,,adh
1891,Báite,,,te
1892,chongantóir,,,tóir
1893,cháipéis,,,is
1894,forléireofar,,for,far
1895,Bailíocht,,,íocht
1896,sacrifice,,,e
1897,meánach,,meán,ach
1898,Frithdhílse,,,se
1899,bunlínte,,bun,te
1900,an-chompordach,,an,ach
1901,Eoráiseach,,,each
1902,torthúla,t,,a
1903,mhatar,,,tar
1904,macántacht,,,tacht
1905,tsocrú,t,,ú
1906,ndéanann,n,dé,ann
1907,Raoin,,,in
1908,frith-léiritheacha,,frith,eacha
1909,Deontóra,,,ra
1910,Gaeltarra,,,ra
1911,dteoranta,d,teo,ta
1912,infheicthe,,in,the
1913,dhoras,,,as
1914,intleachtúil,,in,túil
1915,sirtheoireachtaí,,,taí
1916,cothromúil,,,úil
1917,aisghairthe,,ais,the
1918,líonrú,,,ú
1919,nausea,,,a
1920,achrannach,,,ach
1921,bun-píopa,,bun,a
1922,forgéilleadh,,for,eadh
1923,choisceas,,,eas
1924,Phreasa,,,sa
1925,hairgeadas,h,,as
1926,leoicéime,,,e
1927,thosaítear,,,ítear
1928,phéitseog,,,eog
1929,mainneofar,,,far
1930,litearthachta,,,ta
1931,léim,,,im
1932,frith-athlastacha,,frith,acha
1933,Ruffle,,,e
1934,bharúlach,,,ach
1935,rabhadh,,,adh
1936,bataire,,batai,aire
1937,Sirriamí,,,í
1938,ísealvoltais,,,ais
1939,measúnóidh,,,óidh
1940,roimhthréimhse,,ro,se
1941,chomhalta,,,ta
1942,Idirlinne,,,ne
1943,sainchomhairleora,,sain,ra
1944,nDeireadh,n,,eadh
1945,cruibeanna,,,eanna
1946,suimiúil,,,úil
1947,síochánaíochta,,,ta
1948,ghlacadóir,,,adóir
1949,áitreafóirí,,,í
1950,aerlínte,,aer,te
1951,pouradh,,,radh
1952,fluaraiseacha,,,eacha
1953,tuirseach,t,,each
1954,Theastaigh,,,aigh
1955,d'altranas,d',,as
1956,bhogach,,,ach
1957,tsagartacht,t,,tacht
1958,dlí-oifigeach,,,each
1959,Íocfaí,,,aí
1960,mhiondíoltóirí,,,í
1961,Cuimhneachán,,,achán
1962,Choimirceach,,,each
1963,críochnaitheach,,,each
1964,freagracht,,,acht
1965,chaitheann,,,eann
1966,príomh-mhíreanna,,príomh,eanna
1967,r804a,,,a
1968,réamhdhleacht,,réamh,eacht
1969,pearsanaíochta,,,ta
1970,samhain,,,in
1971,Abraha,,,a
1972,Coiscthe,,,the
1973,neamhréireachtaí,,neamh,taí
1974,boige,,,e
1975,Leas-Phríomh-Aire,,,ire
1976,saothraíodh,,,íodh
1977,thonnáiste,,,te
1978,dhaichead,,,ad
1979,mhaoirseoir,,,eoir
1980,d'imtheorannaithe,d',im,aithe
1981,shéalaíocht,,,aíocht
1982,Fhiáin,,,in
1983,gceanglann,g,,lann
1984,cúrsaíochta,,,ta
1985,ró-iomarcach,,ró,ach
1986,dualgas,,,as
1987,Ghealach,,,ach
1988,rangú,,,ú
1989,dteicneolaíocht,d,,aíocht
1990,chéatadán,,,adán
1991,mheas,,,eas
1992,Contrapháirteach,,,each
1993,comhaltas,,comh,tas
1994,steallaire,,,aire
1995,frithchaite,,frith,te
1996,gcó-aontófar,g,,ófar
1997,Phiarsaigh,,,aigh
1998,mb'oiriúnaí,m,,aí
1999,iasachtaithe,,,aithe
2000,Lacha,,,acha
2001,Stiabhna,,,na
2002,iontoghthachta,,ion,ta
2003,baileoidh,,,idh
2004,scratú,,,ú
2005,faaoin,,,in
2006,micrea-cosáin,,,in
2007,eadaí,,,aí
2008,cuimsiú,,,iú
2009,gheallta,,,ta
2010,mBlianachtaí,m,,taí
2011,dúnta-cheisteanna,,dún,eanna
2012,frithshéiseanna,,frith,eanna
2013,Fhraincis,,,is
2014,searmanais,,,ais
2015,Áilleacht,,,eacht
2016,heaspaí,h,eas,aí
2017,trádainmneacha,,,eacha
2018,Huasteorainneacha,,,eacha
2019,thobainn,,,inn
2020,Cuairtíochta,,,ta
2021,sonra,,so,ra
2022,Stairiúla,,,a
2023,athluacháil,,ath,áil
2024,eis-sreabhadh,,,adh
2025,ealaíne,,,ne
2026,comhroinnte,,comh,te
2027,thoghthóir,,,thóir
2028,sheoladh,,,adh
2029,vacsaíniú,,,iú
2030,airbheartaithe,,,aithe
2031,Uidhlín,,,ín
2032,tíosacht,t,,acht
2033,coimhthiú,,,iú
2034,fumigthe,,,the
2035,Iomaíochta,,,ta
2036,cheapfar,,,far
2037,féin-bhainistithe,,féin,ithe
2038,deighleog,,,eog
2039,d'Aibreán,d',,eán
2040,idir-institiúidí,,idir,í
2041,cuimilteoirí,,,í
2042,acraí,,acra,aí
2043,dtairgeoirí,d,,í
2044,fíor-riachtanaí,,fíor,aí
2045,sholáthrófaí,,,ófaí
2046,có-ghabhálas,,,as
2047,chatagóirí,,,í
2048,dlightear,,,ear
2049,Cuasaithe,,,aithe
2050,thoghthóirí,,,í
2051,conarthacha,,,acha
2052,bhuaicphointe,,,te
2053,sofheicthe,,so,the
2054,phríosúnacht,,,acht
2055,Mhídhleathach,,,ach
2056,nAthbhreithnithe,,,ithe
2057,héinní,h,,í
2058,neamhchlaonadh,,neamh,adh
2059,crochadáin,,,in
2060,lacha,,,acha
2061,cinedhíothaithe,,,aithe
2062,adharcach,,,ach
2063,uibhe,,,e
2064,céadrogha,,céad,a
2065,t-uasghrádú,t-,uas,ú
2066,Fianna,,,anna
2067,leas-chathaoirligh,,leas,igh
2068,tacú,t,,ú
2069,Liotúirge,,,e
2070,Choinsiasach,,,ach
2071,fhoras,,,as
2072,salaíodh,,,íodh
2073,huiríolla,h,,a
2074,somplacha,,so,acha
2075,leascheann,,leas,eann
2076,Caingne,,,ne
2077,Réamh-Díolacháin,,,in
2078,neamhluí,,neamh,í
2079,incháinithe,,in,ithe
2080,Trasdula,,,a
2081,n-inniúlachta,n-,in,ta
2082,thrí,,,í
2083,chlárúcháin,,,in
2084,chomhthoileoidh,,,idh
2085,creidiúnúcháin,,,in
2086,sealbhaire,,,aire
2087,Athoiliúna,,,na
2088,dhífhabhtú,,,ú
2089,Lughaidh,,,aidh
2090,déileálann,,dé,lann
2091,dhliteanas,,,as
2092,chruthaitheach,,,each
2093,Comharsanachtaí,,,taí
2094,d'iniúchóir,d',in,óir
2095,Coimeádfar,,,far
2096,Óga,,,ga
2097,tráchtas,,,tas
2098,tortha,t,,tha
2099,chó-dhéanamh,,,amh
2100,Trócaire,,,aire
2101,phéintéireacht,,,eacht
2102,dTimpiste,d,,te
2103,cruthanna,,,anna
2104,mhola,,,a
2105,olachán,,,achán
2106,hEarnála,h,,a
2107,foilsím,,fo,ím
2108,eisiadh,,eisi,adh
2109,1960í,,,í
2110,diúltóidh,,,óidh
2111,bhréige,,,e
2112,imscrúdóidh,,im,óidh
2113,n-bealach,,,ach
2114,bairillí,,,í
2115,eitinn,,,inn
2116,trasinscneacha,,tras,eacha
2117,Scaireanna,,,eanna
2118,Dréacht-Treoirlínte,,,te
2119,Peireatóinéim,,,im
2120,oibríochtúil,,,túil
2121,forléargas,,for,as
2122,Diailigh,,,igh
2123,Solar-Réitigh,,,tigh
2124,criostalú,,,alú
2125,áitreabhaigh,,,aigh
2126,Lathaí,,,aí
2127,samhradh,,,radh
2128,tárrthála,t,,a
2129,géarú,,,ú
2130,Réamhshocrú,,,ú
2131,idirlinne,,idir,ne
2132,fréamhacha,,,acha
2133,Ard-chaighdeánMacasamhail,,,amhail
2134,d'imscrúdú,d',im,ú
2135,phrátaí,,,taí
2136,caipitlithe,,,ithe
2137,achtúil,,,túil
2138,Sonrach,,,ach
2139,deimhníonn,,,íonn
2140,cóimhiotalacha,,,acha
2141,Shláinte,,,te
2142,Shubstaintí,,,tí
2143,agóid,,,óid
2144,náisiúnach,,,ach
2145,Ranníoca,,,a
2146,idirinstitiúideach,,idir,each
2147,ciona,,,na
2148,Feirste,,,te
2149,dTeach,d,,each
2150,dátáin,,dá,in
2151,Feicimid,,,imid
2152,siopadóireacht,,,eacht
2153,Coistí,,,tí
2154,phá-ualach,,,ach
2155,ghraí,,,aí
2156,frithghníomhaí,,frith,aí
2157,ceapachán,,,achán
2158,chumasódh,,,ódh
2159,Méadaítear,,,ítear
2160,mhoilleanna,,,eanna
2161,léis,,,is
2162,réamh-mheas,,réamh,eas
2163,Domhnach,,,ach
2164,Bhallraíocht,,,aíocht
2165,Forordaíonn,,,aíonn
2166,carbónáit,,,áit
2167,tsannta,t,,ta
2168,gCiste,g,,te
2169,urscaoilfear,,ur,fear
2170,bpláta,b,,ta
2171,Boscaí,,,aí
2172,ionracha,,ion,acha
2173,seanmóireacht,,sean,eacht
2174,coimeádta,,,ta
2175,pacáistíochta,,,ta
2176,foirnéisí,,fo,í
2177,gcoimeadáin,g,,in
2178,Caibidile,,,e
2179,mhicreafhótagrafacha,,,acha
2180,sár-riachtanach,,sár,ach
2181,Parlaiminte,,,te
2182,scáthaithe,,,aithe
2183,Espectra,,,ra
2184,Nigh,,,igh
2185,chomhnaithe,,,aithe
2186,páiste,,,te
2187,ranníocaíochta,,,ta
2188,foréileamh,,for,amh
2189,Cumhdóidh,,,óidh
2190,moltóir,,,tóir
2191,bailecheanntar,,,tar
2192,hinstitiúidí,h,in,í
2193,mb'í,m,,í
2194,mhór-riachtanais,,,ais
2195,Teimpléad,,,éad
2196,Talmhaiochta,,,ta
2197,Thógamar,,,amar
2198,Monika,,,a
2199,banéigin,,ban,gin
2200,chlárós,,,ós
2201,thairbhí,,,í
2202,Chomharthaíochta,,,ta
2203,leath-dhéanta,,leath,ta
2204,úrscothacht,,,acht
2205,huibheacha,h,,eacha
2206,Beagnach,,,ach
2207,Toirmisctear,,,ear
2208,chuireamar,,,eamar
2209,Neamh,,,amh
2210,lán-úinéir,,,éir
2211,Eva,,,a
2212,taoide,t,,e
2213,d'athchóirithe,d',ath,ithe
2214,Éisteachtaí,,,taí
2215,heisceacht,h,,eacht
2216,dhaonnúil,,,úil
2217,rósta,,ró,ta
2218,huaireanna,h,,eanna
2219,tiontaithe,t,,aithe
2220,headráin,h,,in
2221,t-iseaglúcós,t-,,ós
2222,Cinnfidh,,,fidh
2223,d'fhásra,d',,ra
2224,dháileacht,,,eacht
2225,mora,,,ra
2226,Caitliceach,,,each
2227,eireadóirí,,,í
2228,fosaidh,,fo,aidh
2229,dílleachta,,dí,ta
2230,domhan,,do,an
2231,Dearbhaítear,,,ítear
2232,Urscaoileadh,,,eadh
2233,Rúnda,,,da
2234,dátaí,,dá,taí
2235,uaillmhianaí,,,aí
2236,óidí,,,í
2237,bútán,,,án
2238,fhiadhúlra,,,ra
2239,bpíopaí,b,,aí
2240,meiscigh,,,igh
2241,Gearrthóga,,,ga
2242,baictéarach,,baictéara,ach
2243,búclaí,,,aí
2244,gníomhaireachtaí,,,taí
2245,poncanna,,,anna
2246,droch-aiste,,droch,te
2247,uillinne,,,ne
2248,Seinnteoir,,,eoir
2249,solátharuíodh,,so,íodh
2250,suimeana,,,na
2251,Tuairiscigh,,,igh
2252,chomhordú,,,ú
2253,gloinithe,,,ithe
2254,léirscriostar,,,tar
2255,neamhdhleathach,,neamh,ach
2256,Rezepte,,,te
2257,Scealga,,,ga
2258,gcleachtas,g,,tas
2259,Le,,,e
2260,mallacht,,,acht
2261,reasúnach,,,ach
2262,cháiníocóir,,,óir
2263,Spúinseach,,,each
2264,sceitheann,,,eann
2265,Bikinis,,,is
2266,mallaibh,,,aibh
2267,mionchrainn,,mion,inn
2268,Carbóin,,,in
2269,tástálaí,t,,aí
2270,eagróidh,,,óidh
2271,So'isialacha,,,acha
2272,Minicíocht,,,íocht
2273,scoireann,,,eann
2274,Thaighde,,,e
2275,ionaclú,,ion,ú
2276,chomónta,,,ta
2277,téarnamh,t,,amh
2278,círéibeacha,,,eacha
2279,Ríse,,,se
2280,Bráithre,,,e
2281,Kyrenia,,,ia
2282,peile,,,e
2283,Forálfaidh,,,faidh
2284,tiomáinte,t,,te
2285,glaofar,,,far
2286,réamh-imeachtaí,,réamh,taí
2287,ionchuimsitheacht,,ion,eacht
2288,Cré-Umhaoise,,,se
2289,mhéadú,,,ú
2290,fhoraois,,,is
2291,próifíliú,,,iú
2292,láidreachtaí,,,taí
2293,phlandaithe,,,aithe
2294,fhealsúnacht,,,acht
2295,breathnaithe,,,aithe
2296,ngéibheann,n,,eann
2297,Díoltas,,,tas
2298,margadhluach,,,ach
2299,chonlán,,,án
2300,pirimidí,,,í
2301,atmaisféir,,,éir
2302,Rannaíocaíochtaí,,,taí
2303,gásacha,,,acha
2304,Mbaineann,,,eann
2305,bhfaighfear,bh,,fear
2306,Seapáine,,,ne
2307,bhfolaíonn,bh,fo,aíonn
2308,pribhléidí,,,í
2309,eagarthóireachta,,,ta
2310,Paitinne,,,ne
2311,imdhíonbhlaba,,im,a
2312,leath-phingin,,leath,gin
2313,galbhánú,,,ú
2314,Valparin,,,in
2315,gigeanna,,,eanna
2316,séasúracha,,,acha
2317,vein,,,in
2318,fásúla,,,a
2319,Cáipéisí,,,í
2320,n-tuilleamh,,,amh
2321,buaigh,,,aigh
2322,foinsithe,,fo,ithe
2323,himlitreach,h,im,each
2324,D'fhiafraigh,D',,aigh
2325,brí,,,í
2326,trócaire,,,aire
2327,shéantar,,,tar
2328,ateangaireachta,,,ta
2329,dliteannais,,,ais
2330,prímhghníomhairí,,,í
2331,oiriúnacha,,oir,acha
2332,fíorúil,,fíor,úil
2333,lia-chomhairleoir,,,eoir
2334,gConradh,g,,radh
2335,fhorléasadh,,,adh
2336,príomhphointí,,príomh,tí
2337,Ullamh,,,amh
2338,tsiopa,t,,a
2339,cómhalartaí,,,taí
2340,moltóireacht,,,eacht
2341,comharbas,,comh,as
2342,foraoise,,for,se
2343,nanashoicindí,,nana,í
2344,Gallachóir,,,óir
2345,dheimhniúcháin,,,in
2346,fhaibhrigh,,,igh
2347,neasléasóir,,neas,óir
2348,Mhionnáin,,,in
2349,príomhchonraitheoirí,,príomh,í
2350,deimhin,,,in
2351,séideadh,,,eadh
2352,Eagraítear,,,ítear
2353,bhacaim,,,aim
2354,gclaochlú,g,,ú
2355,duánacht,,,acht
2356,Díospóireachta,,,ta
2357,ionaduitheach,,ion,each
2358,dhualgais,,,ais
2359,xnxx-a,,,a
2360,dtosach,d,,ach
2361,Réime,,,e
2362,nAfracánach,,,ach
2363,dréineála,,,a
2364,nósanna,,,anna
2365,fhéilire,,,ire
2366,ae,,,e
2367,inaistrithe,,in,ithe
2368,caráistí,,,tí
2369,athaontú,,ath,ú
2370,gComhchóras,g,,as
2371,margaíocht,,,aíocht
2372,naoidhneán,,,eán
2373,dianchoinníollacha,,dia,acha
2374,Domhantaí,,,taí
2375,fhíorais,,,ais
2376,Kabaeva,,,a
2377,tuaslagtar,t,,tar
2378,súdaireachta,,,ta
2379,Parsáil,,,áil
2380,dtionóntacht,d,,tacht
2381,uimhirphlátaí,,,taí
2382,Iamáice,,,e
2383,folmha,,fo,a
2384,taibhealaíona,t,,na
2385,bhfearas,bh,fear,as
2386,athraitheacht,,ath,eacht
2387,Daltas,,,tas
2388,nglanadh,n,,adh
2389,neamhghabhála,,neamh,a
2390,Bán,,,án
2391,Athnuachan,,,chan
2392,d'eisimirce,d',eisi,e
2393,ceardchumainn,,,inn
2394,criostalaithe,,,aithe
2395,Maolaíonn,,,aíonn
2396,inrochtana,,in,na
2397,cumadh,,,adh
2398,oriúnuithe,,,ithe
2399,Campála,,,a
2400,sheachtrach,,,ach
2401,trílsithe,,trí,ithe
2402,polapróipiléine,,pola,ne
2403,imeall-líne,,im,ne
2404,breise,,,se
2405,dtionscnófar,d,,ófar
2406,shuaitheadh,,,eadh
2407,lúthchleasaí,,,aí
2408,Cóiriú,,,iú
2409,Toimhdí,,,í
2410,Yenice,,,e
2411,phriontáil,,,áil
2412,stiúir-tube,,,e
2413,foirlíontach,,fo,ach
2414,mbreithmheas,m,,eas
2415,ceiliúradh,,,radh
2416,cumainn,,,inn
2417,Iúgslavach,,,ach
2418,féin-coigeartaithe,,féin,aithe
2419,t-óstán,t-,,án
2420,blianachtóirí,,,í
2421,eas-ordú,,eas,ú
2422,thonnta,,,ta
2423,hantraicít,h,an,cít
2424,comhchiallaigh,,comh,aigh
2425,leathchéad,,leath,éad
2426,Báille,,,e
2427,tionscnaíodh,t,,íodh
2428,gcoimeádtar,g,,tar
2429,Gunna,,,na
2430,údaras,,,as
2431,Insteallta,,,ta
2432,réamatóideacha,,réa,eacha
2433,fhuaracháin,,,in
2434,fhótagrafacha,,,acha
2435,gualadh,,,adh
2436,Achainíocha,,,a
2437,podchraoltaí,,,taí
2438,fótachóipeáil,,fóta,áil
2439,matáin,,,in
2440,Sioncrónaithe,,,aithe
2441,Díblíocht,,,íocht
2442,ciorcláin,,,in
2443,Pionós,,,ós
2444,Arabacha,,,acha
2445,pandora,,pan,ra
2446,Gearmánach,,,ach
2447,Choróin,,,in
2448,bhintiúra,,,ra
2449,éis-díolacháin,,,in
2450,gnáthchonnartha,,gnáth,tha
2451,adeirtar,,,tar
2452,n-éifeacht,n-,,eacht
2453,gcomórtas,g,,tas
2454,státseirbhísigh,,,igh
2455,allmhairíodh,,,íodh
2456,Cuimsitheacha,,,eacha
2457,riara,,,ra
2458,Maoirseacht,,,eacht
2459,Cuardaitheoirí,,,í
2460,Prionsa,,,sa
2461,tionsclaithe,t,,aithe
2462,gnéas-aibí,,,í
2463,Bionn,,,nn
2464,ionracas,,ion,as
2465,chontúirteach,,,each
2466,neamhaire,,neamh,aire
2467,gabhálais,,,ais
2468,fearchéile,,fear,e
2469,n-inniúlachtaí,n-,in,taí
2470,có-ionnanas,,,as
2471,cobhsaí,,,aí
2472,gnáthbhútán,,gnáth,án
2473,gcartlann,g,,lann
2474,chéimniú,,,iú
2475,dífhoirmithe,,dí,ithe
2476,ghníomhaíocht,,,aíocht
2477,baintrí,,bain,í
2478,ceannaitheora,,ceann,ra
2479,hordaíodh,h,,íodh
2480,mheántéarma,,,a
2481,súilíneach,,,each
2482,mhionnscríbhinn,,,inn
2483,meabhrú,,,ú
2484,buama,,,a
2485,Pléigh,,,igh
2486,iomráiteacha,,,eacha
2487,Prunella,,,a
2488,pháigh,,,igh
2489,déirithe,,dé,ithe
2490,tiarnaí,t,,aí
2491,eolaíocht,,eo,aíocht
2492,Desonide,,,e
2493,Lanca,,,a
2494,heiseofar,h,,far
2495,gheiniúna,,,na
2496,t-aistreoir,t-,ais,eoir
2497,eire,,,ire
2498,amárach,,am,ach
2499,n-éileamh,n-,,amh
2500,Fréamh,,,amh
2501,glórmhar,,,mhar
2502,gcíos,g,,íos
2503,1Bealtaine,,,ne
2504,Cóid,,,óid
2505,Shamhain,,,in
2506,seirbhisí,,,í
2507,d'eachtaroibrithe,d',eachtar,ithe
2508,Wettstein,,,in
2509,shiardhátú,,,ú
2510,Sheachtain,,,in
2511,téacs-bhunaithe,t,,aithe
2512,fhostaíochta,,,ta
2513,rann,,,ann
2514,féasta,,,ta
2515,Ainseabhaithe,,,aithe
2516,Laidineach,,,each
2517,shíor-bhreithniú,,,iú
2518,cosmaideach,,,each
2519,dhéileáil,,,áil
2520,ghlaodhach,,,ach
2521,Mharcach,,,ach
2522,gréine,,,ne
2523,cairde,,,e
2524,déadliachta,,dé,ta
2525,bhformheasfar,bh,for,far
2526,bpreabfaidh,b,,faidh
2527,chóid,,,óid
2528,banriarthóir,,ban,thóir
2529,Ligean,,,an
2530,1800í,,,í
2531,Spealadh,,,adh
2532,Gibraltar,,,tar
2533,Mhéadú,,,ú
2534,Bhreithiúntais,,,ais
2535,Buíochas,,,as
2536,fruilitheoir,,,eoir
2537,Oighear,,,ear
2538,coimisiúnta,,,ta
2539,Mhíle,,,e
2540,phéisteoir,,,eoir
2541,rachmas,,,as
2542,Bearta,,,ta
2543,dhlúthpháirtíocht,,,íocht
2544,ionchúiseamh,,ion,amh
2545,taiseoirí,t,tais,í
2546,Phróiseáil,,,áil
2547,fomhíre,,fo,e
2548,comhordúcháin,,comh,in
2549,Codladh,,,adh
2550,n-agróidh,n-,,óidh
2551,fheirm-shábháilte,,,te
2552,diúltach,,,ach
2553,fithiseach,,,each
2554,príomh-síológa,,príomh,ga
2555,d'uisce-bhealach,d',,ach
2556,tromchúis,,,is
2557,an-simplí,,an,í
2558,ein,,,in
2559,tionscnóirí,t,,í
2560,chríochnóidh,,,óidh
2561,logálacha,,,acha
2562,sara,,,ra
2563,crainn,,,inn
2564,bhFáinní,bh,,í
2565,áirithe,,,ithe
2566,reiptílí,,,í
2567,nua-aoiseach,,nua,each
2568,aiteanna,,,eanna
2569,sliotáin,,,in
2570,chothóidh,,,óidh
2571,Ráigeanna,,,eanna
2572,easaontaíonn,,eas,aíonn
2573,choimín,,,ín
2574,Brandaí,,,aí
2575,bhfritháireamh,bh,frith,amh
2576,Sínigh,,Sín,igh
2577,caillteanas,,,as
2578,Choireacht,,,eacht
2579,fheasachán,,,achán
2580,shórtáil,,,áil
2581,cláraigh,,,aigh
2582,fiáin,,,in
2583,chrapadh,,,adh
2584,hingearach,h,in,ach
2585,ngnéas,n,,as
2586,Canálacha,,,acha
2587,hiasachtaíocht,h,,aíocht
2588,cobhsaitheoirí,,,í
2589,críochnaitheacha,,,eacha
2590,Oibríochta,,,ta
2591,lúba,,,a
2592,phríntíseachta,,,ta
2593,Dea,,,a
2594,dhéanfaidís,,,idís
2595,bonnchlónna,,,na
2596,cheannóidh,,,óidh
2597,charthanais,,,ais
2598,pearsanra,,,ra
2599,bhuanorduithe,,,ithe
2600,infheidhme,,in,e
2601,Gnóthais,,,ais
2602,Lucas,,,as
2603,Dairbhre,,,e
2604,ua,,,a
2605,hEigeanta,h,,ta
2606,thrédhearcach,,,ach
2607,bhfiach-scaireanna,bh,fia,eanna
2608,ban-imtheorannaithe,,ban,aithe
2609,hEealaíona,h,,na
2610,Tionóiscí,,,í
2611,nuashonraithe,,nua,aithe
2612,tacúil,t,,úil
2613,Estáit,,,áit
2614,Paraskeva,,,a
2615,Ríomhchomhdaithe,,,aithe
2616,fhaca,,,a
2617,Shrine,,,ne
2618,bannaí,,ban,aí
2619,dintiúr,,,úr
2620,Tráthúil,,,úil
2621,inbhuanaitheachta,,in,ta
2622,nea-mbailidhe,,,idhe
2623,forórdófar,,for,ófar
2624,leisciúil,,,úil
2625,húsáideoir,h,,eoir
2626,ndroichead,n,,ad
2627,ghreille,,,e
2628,hárthaighe,h,,e
2629,seiligh,,,igh
2630,sheachvótálaí,,,aí
2631,lotnaidí,,,í
2632,fhréamhacha,,,acha
2633,fheiniméan,,,an
2634,príomhchócaire,,príomh,aire
2635,dhiúltófar,,,ófar
2636,Difríocht,,,íocht
2637,Gnólachtaí,,,taí
2638,cheannasaí,,,aí
2639,comh-aireacht,,comh,eacht
2640,Cabhraigh,,,aigh
2641,plandóirí,,,í
2642,Sheachtainiúil,,,úil
2643,Déanaimse,,,se
2644,beagnach,,beag,ach
2645,príomhbhóithre,,príomh,e
2646,fhreastalaí,,,aí
2647,sholáthróid,,,óid
2648,roinnfear,,ro,fear
2649,Miotais,,,ais
2650,ghéiniteach,,,each
2651,choibhneas,,,eas
2652,Sruthanna,,,anna
2653,seirbheáil,,,áil
2654,thaisceoirí,,,í
2655,riachtanaigh,,,aigh
2656,Céafas,,,fas
2657,ardchórais,,ard,ais
2658,léamh,,,amh
2659,Briseadh,,,eadh
2660,éagsúlachta,,éa,ta
2661,Pholasaí,,,aí
2662,ligthe,,,the
2663,ainmniúcháin,,ain,in
2664,Folaíonn,,,aíonn
2665,cráiteach,,,each
2666,Bígí,,,ígí
2667,leagfaidh,,,faidh
2668,Ard-Mhéara,,,ra
2669,gcúrsaíocht,g,,aíocht
2670,díomuan,,dí,an
2671,báisteach,,,each
2672,gConamara,g,,ra
2673,fhorchuirtear,,,ear
2674,Gréigis,,,is
2675,boladh,,,adh
2676,Táblaí,,,aí
2677,madhmóir,,,óir
2678,coin,,,in
2679,ceannuigh,,ceann,igh
2680,Oiliúnóirí,,,í
2681,Chomhionannas,,,as
2682,príomhfheidhmeanna,,príomh,eanna
2683,mbainfe,m,bain,e
2684,easpórtáladh,,eas,adh
2685,mbiotáille,m,bi,e
2686,Acadúla,,,a
2687,nochtaithe,,,aithe
2688,aistrithí,,ais,í
2689,neamhdhearbhaithe,,neamh,aithe
2690,Tatarais,,,ais
2691,insamhalta,,in,ta
2692,Taighde,,,e
2693,Deilbhíní,,,í
2694,Chomhbheartais,,,ais
2695,éadán,,éa,adán
2696,Gaelach,,,ach
2697,ballerinas,,,as
2698,d'Fheidhmeannach,d',,ach
2699,forluí,,for,í
2700,lira,,,ra
2701,Eile,,,e
2702,Laidine,,,ne
2703,Bailíodh,,,íodh
2704,Fhundúireacht,,,eacht
2705,Eagraithe,,,aithe
2706,mensaí,,,aí
2707,cúiseofar,,,far
2708,interessa,,in,sa
2709,Dheisigh,,,igh
2710,Algirdas,,,as
2711,dírithe,,dír,ithe
2712,séasúcháin,,,in
2713,choibhéiseach,,,each
2714,urúsanna,,ur,anna
2715,Stocmhlartáin,,,in
2716,Poipín,,,ín
2717,gearrthaim,,gearr,aim
2718,Monde,,,e
2719,Calderdale,,,e
2720,thuairisceofar,,,far
2721,Modhnaíodh,,,íodh
2722,boise,,,se
2723,éagóra,,éa,ra
2724,Chaitheamh,,,amh
2725,n-ardán,n-,ard,án
2726,tíolacadh,t,,adh
2727,foirnéis,,fo,is
2728,Església,,,ia
2729,paitinne,,,ne
2730,dtoilithe,d,,ithe
2731,Glóthach,,,ach
2732,Fionnachtana,,,na
2733,fajitas,,,tas
2734,Pollóg,,,óg
2735,Clárathóir,,,thóir
2736,raidghníomhacha,,,acha
2737,hiarradh,h,iar,radh
2738,hidirbhearta,h,idir,ta
2739,mhargadhluach,,,ach
2740,n-eintitis,n-,,is
2741,Mháistreacht,,,eacht
2742,turasóireachta,t,,ta
2743,Roghnóidh,,,óidh
2744,Nochtuithe,,,ithe
2745,Dronuilleog,,,eog
2746,suibscríobhtha,,,tha
2747,bata,,,ta
2748,t-eintiteas,t-,,eas
2749,mheascann,,,ann
2750,cutie,,,e
2751,táirgfear,t,,fear
2752,n-impleachtaí,n-,im,taí
2753,ghineacha,,,eacha
2754,príomh-ordú,,príomh,ú
2755,gastroparesis,,,is
2756,Ilghnéitheachta,,,ta
2757,d'urrúis,d',ur,is
2758,vegetable,,,e
2759,bhfo-dhlí,bh,fo,í
2760,inbhuanaithe,,in,aithe
2761,Cinnte,,,te
2762,dTicéad,d,,éad
2763,raghfar,,,far
2764,Futurama,,,a
2765,Luaíochta,,,ta
2766,gruagaire,,,aire
2767,lomra,,,ra
2768,horgánaigh,h,,aigh
2769,athbhreithniú,,ath,iú
2770,Cheoláras,,,as
2771,sheomra,,,ra
2772,sealadach,,,ach
2773,chleithiúnaithe,,,aithe
2774,Life,,,e
2775,dúmas,,dú,as
2776,neamhinghlactha,,neamh,tha
2777,iompórtáilte,,,te
2778,mhalartacha,,,acha
2779,Ninja,,,a
2780,postáil,,,áil
2781,culaith-chásanna,,,anna
2782,canálach,,,ach
2783,Gairmréim,,,im
2784,Sonraíonn,,,aíonn
2785,chleachtas,,,tas
2786,Tagraíonn,,,aíonn
2787,Criosanna,,,anna
2788,Rialaítear,,,ítear
2789,Ghnóchan,,,chan
2790,ionraoin,,ion,in
2791,ngnáthphraghas,n,gnáth,as
2792,mamaí,,,aí
2793,Plaisteacha,,,eacha
2794,easaontachta,,eas,ta
2795,stiúir-bhalla,,,a
2796,fianna,,fia,anna
2797,tórainniú,t,,iú
2798,blíana,,,na
2799,n-aimseofar,n-,,far
2800,parlaiminteach,,,each
2801,mhíochaine,,,ne
2802,comhloghadh,,comh,adh
2803,suirbhéireacht,,,eacht
2804,dháthaobhach,,,ach
2805,neasú,,neas,ú
2806,Tuigim,,,im
2807,gnáth-chonnartha,,gnáth,tha
2808,diananáis,,dia,áis
2809,d'eisceacht,d',,eacht
2810,instealltaí,,in,taí
2811,Chúrsa,,,sa
2812,Sintéiseach,,,each
2813,fíre,,,e
2814,sliteann,,,eann
2815,réasúnta,,réa,ta
2816,Deisigh,,,igh
2817,Nigéir,,,éir
2818,fhorbrófar,,,ófar
2819,seiceála,,,a
2820,bharrachas,,,achas
2821,míchruinne,,mí,ne
2822,dócmhainneacht,,dó,eacht
2823,arduithe,,ard,ithe
2824,bhfaigh,bh,,aigh
2825,t-iarrthóir,t-,iar,thóir
2826,bhféilire,bh,,ire
2827,ngéarghátar-atá,n,,tá
2828,eiteachais,,,ais
2829,neamhréitigh,,neamh,tigh
2830,Undead,,,ad
2831,Achtachan,,,chan
2832,hairgead,h,,ad
2833,Úsáidimid,,,imid
2834,gheataí,,,taí
2835,riochtaí,,,taí
2836,gnáthnós,,gnáth,ós
2837,Déileálfaimid,,,aimid
2838,dífhostaíocht,,dí,aíocht
2839,fhairsingiú,,,iú
2840,Dea-fhoirmiú,,,iú
2841,piaraí,,,aí
2842,galtáin,,,in
2843,mórdhíoltóirí,,mór,í
2844,séasúr,,,úr
2845,amfaibiaigh,,amfai,aigh
2846,seacháitribh,,,ibh
2847,anailísíochta,,ana,ta
2848,déanmhais,,dé,ais
2849,n-imirceach,n-,im,each
2850,ribín,,,ín
2851,Físeán,,,eán
2852,adhartha,,,tha
2853,Mhóir,,,óir
2854,feidhmíochta,,,ta
2855,uathoibrithe,,uath,ithe
2856,mí-mheabhrach,,mí,ach
2857,aeriompróirí,,aer,í
2858,beairice,,,e
2859,Buenavista,,,ta
2860,tírdhreachú,t,,ú
2861,íobairtí,,,tí
2862,trasteorann,,tras,ann
2863,choraintín,,,ín
2864,Stiúrtha,,,tha
2865,Ghaeltachtaí,,,taí
2866,Uasghrádaithe,,,aithe
2867,neamhnaíonn,,neamh,aíonn
2868,Múnla,,,a
2869,brící,,brí,í
2870,Scagaire,,,aire
2871,fheidhmeanna,,,eanna
2872,duánachta,,,ta
2873,theachtaireacht,,,eacht
2874,radaíocht,,rada,aíocht
2875,França,,,a
2876,lárbhainistiú,,lár,iú
2877,gnóthachtáil,,,áil
2878,solú,,so,ú
2879,síciteiripeoir,,síci,eoir
2880,Teanndáileog,,,eog
2881,chóipeáil,,,áil
2882,gloiní,,,í
2883,Zonisamide,,,e
2884,mhuilleoireachta,,,ta
2885,choice,,,e
2886,saileánaigh,,,aigh
2887,cúlaitheach,,cúl,each
2888,ndeimhnithe,n,,ithe
2889,Cearbán,,,án
2890,líneach,,,each
2891,ghlanann,,,ann
2892,Andreas,,,eas
2893,báirsí,,,í
2894,liostáladh,,,adh
2895,gnáthchomhalta,,gnáth,ta
2896,fhabhrach,,,ach
2897,d'Iontaobhaithe,d',,aithe
2898,hadmhálacha,h,,acha
2899,scarfaidh,,,faidh
2900,hAireachta,h,,ta
2901,Cruthúnas,,,únas
2902,t-im,t-,im,im
2903,dúile,,dú,e
2904,Inchúiseamh,,,amh
2905,dheimhíonn,,,íonn
2906,dhiúltacha,,,acha
2907,d'earrach,d',,ach
2908,dtionóntaí,d,,taí
2909,Ilchodach,,,ach
2910,radaiteiripe,,rada,e
2911,bpóir,b,,óir
2912,Vótálaithe,,,aithe
2913,bhuirge,,,e
2914,dhlighfeadh,,,eadh
2915,n-earráidí,n-,,í
2916,dota,,do,ta
2917,bhfágtaí,bh,,taí
2918,heisitheoirí,h,eisi,í
2919,ghrátáil,,,áil
2920,fholmha,,,a
2921,plánáil,,,áil
2922,dinnéir,,,éir
2923,Pinxta,,,ta
2924,gnéithe,,,ithe
2925,sábháil,,,áil
2926,Athchóiriú,,,iú
2927,bronntanas,,,tanas
2928,hionstraim,h,ion,aim
2929,fáithmheas,,,eas
2930,phian-tseirbhíse,,,se
2931,phleanála,,,a
2932,hidé-eolaíocht,h,,aíocht
2933,Elba,,,a
2934,áras,,,as
2935,máthair-de-dhiailiú,,,iú
2936,Éifeachtach,,,ach
2937,ábharthachta,,,ta
2938,póiriúil,,,úil
2939,ghnóthaítear,,,ítear
2940,thiocfadh,,,fadh
2941,andúileach,,an,each
2942,Poiblíochta,,,ta
2943,sciobadh,,,adh
2944,athbhunaithe,,ath,aithe
2945,ndleachtanna,n,,anna
2946,bhaineamar,,,eamar
2947,bhfrithdhílse,bh,frith,se
2948,chomhsheasmhacht,,,acht
2949,t-uirlis,t-,,is
2950,Fógrófar,,,ófar
2951,substaintiúla,,,a
2952,glutathione,,,ne
2953,mhuirí,,,í
2954,Chríostaíocht,,,aíocht
2955,rsa,,,sa
2956,iste,,,te
2957,dearbhaíodh,,dearbh,íodh
2958,cheartais,,,ais
2959,forstruchtúr,,for,úr
2960,iolra,,,ra
2961,oscailbhriseadh,,os,eadh
2962,míréasúnta,,mí,ta
2963,dhromchlaí,,,aí
2964,Téaváin,,,in
2965,eorpach,,eo,ach
2966,ndéileáiltear,n,dé,ear
2967,eolaíche,,eo,e
2968,príomh-charachtar,,príomh,tar
2969,Leasuchain,,,in
2970,Eachaidh,,,aidh
2971,Dháil,,,áil
2972,Diúscairtí,,,tí
2973,Sho-mhaiteacha,,,eacha
2974,mbronntas,m,,tas
2975,Miondíola,,,a
2976,cúltaca,,cúl,a
2977,gnáthiasachtú,,gnáth,ú
2978,Choinneáil,,,áil
2979,sriantachta,,,ta
2980,mhionsonraithe,,,aithe
2981,bunaitheoir,,bun,eoir
2982,Úinéirí,,,í
2983,gcinntíonn,g,cinn,íonn
2984,craoltóirí,,,í
2985,ghreannacha,,,acha
2986,réamhscolaíocht,,réamh,aíocht
2987,réamheolairí,,réamh,í
2988,gComhaltaí,g,,taí
2989,fhuaraithe,,,aithe
2990,Teachtaireachta,,,ta
2991,mbreitheamh,m,,amh
2992,réamhdhréacht,,réamh,acht
2993,athscríbhinní,,ath,í
2994,cnap-shuim,,,im
2995,phreas,,,eas
2996,gealltáin,,,in
2997,athshlánúcháin,,ath,in
2998,có-theoranta,,,ta
2999,Ard-Rialaitheoir,,,eoir
3000,mian,,,an
3001,díobháil,,dí,áil
3002,Ceathartha,,,tha
3003,gcuidiú,g,,iú
3004,lámhdhéanta,,,ta
3005,d'onnmhuiriú,d',,iú
3006,Laochra,,,ra
3007,Comhbheartais,,,ais
3008,Vótáilaithe,,,aithe
3009,shaoistí,,,tí
3010,Aontuithe,,,ithe
3011,Admhaíonn,,,aíonn
3012,chlaonann,,,ann
3013,taisclann,t,tais,lann
3014,roinntear,,ro,ear
3015,rúndacht,,,acht
3016,Mhéara,,,ra
3017,thíos-sínithe,,,ithe
3018,saoirseacht,,,eacht
3019,bhiatais,,,ais
3020,t-ardán,t-,ard,án
3021,Infhaighteacht,,,eacht
3022,eascróidh,,eas,óidh
3023,dhréachtaigh,,,aigh
3024,toibleagáideoir,t,,eoir
3025,mbeagán,m,beag,agán
3026,Cathain,,,in
3027,athdhearbhú,,ath,ú
3028,scoile,,,e
3029,Trágha,,,a
3030,agóide,,,e
3031,inlamhálta,,in,ta
3032,ndéanfaimid,n,dé,aimid
3033,nea-náireach,,,each
3034,Maoirseoirí,,,í
3035,Búinne,,,ne
3036,tógáil,t,,áil
3037,maite,,,te
3038,cuartú,,,ú
3039,Pleanála,,,a
3040,huimhreacha,h,,eacha
3041,Bhrí,,,í
3042,idirdhealaitheacha,,idir,eacha
3043,bhfoirceannfaidh,bh,fo,faidh
3044,Úsáideacha,,,eacha
3045,an-faiseanta,,an,ta
3046,peitriceimiceáin,,peitri,in
3047,grianghrafadóirí,,grian,í
3048,mhargaíocht,,,aíocht
3049,hiomaíochta,h,,ta
3050,osclaíomar,,os,íomar
3051,réasúnaíocht,,réa,aíocht
3052,ochtód,,,ód
3053,fabharach,,,ach
3054,bharúntachta,,,ta
3055,hairíonna,h,,na
3056,Ainmníocht,,,íocht
3057,ngairtí,n,,tí
3058,heinsímí,h,,í
3059,mhótar-óstáin,,,in
3060,hArabaigh,h,,aigh
3061,chairteacha,,,eacha
3062,Stát-Sheirbhíse,,,se
3063,an-leathan,,an,an
3064,Bhíonn,,,íonn
3065,fíonta,,,ta
3066,dhéarcas,,,as
3067,Éascaitheoir,,,eoir
3068,Fo-Rúnaí,,,aí
3069,ionchasaí,,ion,aí
3070,poibleofar,,,far
3071,bhfuirinn,bh,,inn
3072,céadchinneadh,,céad,eadh
3073,oirbhire,,oir,ire
3074,hoibleagáide,h,,e
3075,Shlí,,,í
3076,páirtdiúscairtí,,páirt,tí
3077,Liúntaisí,,,í
3078,Aerárthaigh,,,aigh
3079,bhfeidhmíochta,bh,,ta
3080,bhearfaidh,,,faidh
3081,solanacha,,so,acha
3082,Riachtanacha,,,acha
3083,Scríofa,,,a
3084,fánaire,,,aire
3085,tíolacais,t,,ais
3086,chearnach,,,ach
3087,bréagacha,,bréag,acha
3088,Forbairte,,,te
3089,Laghdaigh,,,aigh
3090,suaibhreacha,,,eacha
3091,Tabharfar,,,far
3092,mhalartaithe,,,aithe
3093,íseal-pas,,,as
3094,bhfeidhmeannas,bh,,as
3095,Amháin,,,in
3096,Comhordaithe,,,aithe
3097,fhíseáin,,,in
3098,Olmesartan,,,an
3099,aigéan,,,an
3100,logála,,,a
3101,Dheonach,,,ach
3102,chleachtóir,,,tóir
3103,beartófar,,,ófar
3104,cháilíochtúla,,,a
3105,bhforlíonfaí,bh,for,aí
3106,Pamela,,,a
3107,faibhrithe,,,ithe
3108,fheabhsaíonn,,,aíonn
3109,píoráidithe,,,ithe
3110,tháirgiúil,,,úil
3111,Buncháilíochtaí,,,taí
3112,cáiliú,,,iú
3113,leaschathaoirleach,,leas,each
3114,chontúirteacha,,,eacha
3115,chiliméadar,,,méadar
3116,maidin,,,in
3117,Conradh,,,radh
3118,ceathrachad,,,ad
3119,radiorialacha,,,acha
3120,coigeartuithe,,,ithe
3121,Dáil,,,áil
3122,aosa,,,sa
3123,Americe,,,e
3124,Ordanáis,,,áis
3125,fada,,fad,da
3126,chreataí,,,taí
3127,gealltóireachta,,,ta
3128,bhitíopa,,,a
3129,theachtar,,,tar
3130,cuibhiúil,,,úil
3131,bhunódh,,,ódh
3132,chaillfidh,,,fidh
3133,Láimhe,,,e
3134,Minnesota,,,ta
3135,periwinkle,,,e
3136,Ualaí,,,aí
3137,seachas,,,achas
3138,gnó-go-tomhaltóir,,,tóir
3139,Shamhna,,,na
3140,mbronnfar,m,,far
3141,scrúdaithe,,,aithe
3142,dtaisbeántar,d,tais,tar
3143,coigeartóir,,,tóir
3144,raidió-theileagrafaíochta,,,ta
3145,sighneofar,,,far
3146,meathlaithe,,meath,aithe
3147,sholáthrós,,,ós
3148,Impleacht,,,eacht
3149,coispeach,,,each
3150,léirscriosta,,,ta
3151,Histeolaíocht,,,aíocht
3152,Nochtfar,,,far
3153,mhí-chumas,,,as
3154,Smachtbhannaí,,,aí
3155,sreabhach-líonadh,,,adh
3156,Foraoisí,,,í
3157,staitisteoirí,,,í
3158,glioscarnach,,,ach
3159,n-ordú,n-,,ú
3160,preas-brionnaithe,,,aithe
3161,díghrádaithe,,dí,aithe
3162,árachaithe,,,aithe
3163,mhéadaithe,,,aithe
3164,oideachasóir,,,óir
3165,beirte,,,te
3166,fhorcoimeádta,,,ta
3167,tabhartha,t,,tha
3168,nAturnaetha,,,tha
3169,gcead,g,,ad
3170,Scoileanna,,,eanna
3171,fuinneog,,,eog
3172,síoraí,,síor,aí
3173,fasaigh,,,aigh
3174,uisce-tréscaoilte,,,te
3175,asesquiterpene,,as,ne
3176,startende,,,e
3177,bhfeabhsaíonn,bh,,aíonn
3178,d'Iascach,d',,ach
3179,Iorras,,,as
3180,saintreoracha,,sain,acha
3181,fearr-ina,,fear,na
3182,achoimrí,,,í
3183,níotráit,,,áit
3184,sceithí,,,í
3185,il-vitimíní,,il,í
3186,fógairtí,,,tí
3187,dhearfar,,,far
3188,mhais,,,ais
3189,imréitigh,,im,tigh
3190,Ceolchuirmeacha,,,eacha
3191,Rindreáil,,,áil
3192,Alena,,,na
3193,athléimneacht,,ath,eacht
3194,neamh-éifeachtúla,,neamh,a
3195,t-eagrán,t-,,án
3196,Bhólachta,,,ta
3197,dheireadh,,,eadh
3198,naíolanna,,naí,anna
3199,thithíochta,,,ta
3200,neamhshoiléir,,neamh,éir
3201,Harvia,,,ia
3202,mhairle,,,e
3203,chúiteamh,,,amh
3204,Scaoileann,,,eann
3205,Bróigíní,,,í
3206,Intíre,,,e
3207,achomharcóra,,,ra
3208,súthaireacht,,,eacht
3209,phríomhphíopa,,,a
3210,Seanad-toghachán,,,achán
3211,éiceathurasóireacht,,éicea,eacht
3212,athphointeáil,,ath,áil
3213,mholtaí,,,taí
3214,bPolasaí,b,,aí
3215,Gnáth-Dhleachta,,,ta
3216,gnáthmhéideanna,,gnáth,eanna
3217,lasctha,,las,tha
3218,SFManna,,,anna
3219,Luibhe,,,e
3220,scairtigh,,,tigh
3221,leannán,,,án
3222,clárathachta,,,ta
3223,dlúis,,,is
3224,gcláraithe,g,,aithe
3225,líomhanta,,,ta
3226,chuirim,,,im
3227,athéisteacht,,ath,eacht
3228,dtíolacfaidh,d,,faidh
3229,ionadathacha,,ion,acha
3230,léasaigh,,,aigh
3231,ógraidh,,,aidh
3232,n-táibléad,,,éad
3233,auto-aistrithe,,,ithe
3234,ard-luas,,ard,as
3235,tiúnadh,t,,adh
3236,príomhthorthaí,,príomh,aí
3237,mbeairicí,m,,í
3238,seandachtaí,,sean,taí
3239,scillingthe,,,the
3240,tromaí,,,aí
3241,d'urrúsuithe,d',ur,ithe
3242,Cópháirteach,,,each
3243,eagraíonn,,,aíonn
3244,Réamhíocaíochtaí,,,taí
3245,léirbhreithniú,,,iú
3246,bpeann,b,,eann
3247,nuashonrú,,nua,ú
3248,d'iarrataí,d',iar,taí
3249,dhligheadh,,,eadh
3250,Leathnaigh,,,aigh
3251,chuideachta,,,ta
3252,nUachtarán,,,án
3253,géara,,,ra
3254,trédhearcacht,,tré,arcacht
3255,Fágann,,,ann
3256,ghléasta,,,ta
3257,Fóin,,,in
3258,féin-tástála,,féin,a
3259,Cliceáil,,,áil
3260,Soláthraímid,,,aímid
3261,Comhar-Arachas,,,achas
3262,Uileghabhálach,,,ach
3263,Lanna,,,anna
3264,mífholláin,,mí,in
3265,grianmhara,,grian,ra
3266,úsáideoirí,,,í
3267,Stá,,,tá
3268,railroad,,,ad
3269,phríomhfhaighteoirí,,,í
3270,rialtóirí,,,í
3271,Talmhaidheachta,,,ta
3272,Ghenerálta,,,ta
3273,Riail-phraghas,,,as
3274,Taidhleoireacht,,,eacht
3275,Unitas,,,tas
3276,Trioblóidí,,,í
3277,Eagle,,,e
3278,cinnscríbe,,cinn,e
3279,Aibí,,,í
3280,Turcach,,,ach
3281,gnáthchomhaltaí,,gnáth,taí
3282,ceardlann,,,lann
3283,sobaldrámaí,,so,aí
3284,gcinnte,g,cinn,te
3285,ciapadh,,,adh
3286,abhaile,,,e
3287,neamhchéime,,neamh,e
3288,eisíocaíochta,,,ta
3289,bhreithiúin,,,in
3290,créiche,,,e
3291,intobhaigh,,in,aigh
3292,R-Tástáil,,,áil
3293,Faighne,,,ne
3294,pailnithe,,,ithe
3295,Ranníocóirí,,,í
3296,breithneofar,,,far
3297,jade,,,e
3298,ionfhabhtaithe,,ion,aithe
3299,mhorálta,,,ta
3300,Chogaidh,,,aidh
3301,Onóracha,,,acha
3302,Bónas,,,as
3303,chabhrú,,,ú
3304,frith-ocsaídiúcháin,,frith,in
3305,Aerchóir,,,óir
3306,Scrúdófar,,,ófar
3307,fásúil,,,úil
3308,Gnáthíocaíocht,,,aíocht
3309,bialanna,,bi,anna
3310,ceathrú,,,ú
3311,rialaitheacha,,,eacha
3312,chaighdeánaigh,,,aigh
3313,neisiamh,,,amh
3314,spéisiúla,,,a
3315,peictíocha,,,a
3316,fhorchoimeádta,,,ta
3317,mórathrú,,mór,ú
3318,leitreach,,,each
3319,Please,,,se
3320,Daoine,,,ne
3321,Bige,,,e
3322,dúlra,,dú,ra
3323,neamhleachtacha,,neamh,acha
3324,príomhathruaithe,,príomh,aithe
3325,chúrsáil,,,áil
3326,cheaduíonn,,,íonn
3327,Şentepe,,,e
3328,n-einsímí,n-,,í
3329,fíon-bhiotáille,,,e
3330,tuarasgabháil,t,,áil
3331,Burgúine,,,ne
3332,drámaíochta,,,ta
3333,Mhargadh-luach,,,ach
3334,Ceirteacha,,,eacha
3335,measfaí,,,aí
3336,gcaitheann,g,,eann
3337,ritear,,,ear
3338,Cesare,,,e
3339,Gebze,,,e
3340,diaibéiteach,,dia,each
3341,mbíonn,m,,íonn
3342,ghnáthaiste,,,te
3343,ngnóthais,n,,ais
3344,mutatis,,,is
3345,mion-deighleáil,,mion,áil
3346,gcabáiste,g,,te
3347,Comhaltaí,,,taí
3348,Unicycle,,,e
3349,phríomh-áit,,,áit
3350,fhíorú,,,ú
3351,sriantacha,,,acha
3352,gComisinéirí,g,,í
3353,easláinte,,eas,te
3354,doiciméadaithe,,do,aithe
3355,poblacht,,,acht
3356,d'íocadh,d',,adh
3357,XVa,,,a
3358,Téarmaí,,,aí
3359,duais-íocaíocht,,,aíocht
3360,cúl-chiste,,cúl,te
3361,Dréachtchaighdeáin,,,in
3362,breithiúnach,,,ach
3363,armónach,,,ach
3364,laincis,,,is
3365,an-phraghas,,an,as
3366,dtograí,d,,aí
3367,giorra,,,ra
3368,GCoMhréir,,,éir
3369,athfhruiliú,,ath,iú
3370,an-airdeallach,,an,ach
3371,conclúidí,,,í
3372,Liathróid,,,óid
3373,dalta-múinteora,,,ra
3374,n-ollscoileanna,n-,oll,eanna
3375,ngairfí,n,,fí
3376,scáthrapóirtéir,,,éir
3377,gnásanna,,,anna
3378,bolgáin,,,in
3379,chromán,,,án
3380,comparáideacha,,,eacha
3381,do-fhostaitheachta,,do,ta
3382,mhiola,,,a
3383,Gníomhaíocht,,,aíocht
3384,ghenerálta,,,ta
3385,tailte,t,,te
3386,breathnóireacht,,,eacht
3387,sraithe,,,aithe
3388,Teilifíseáin,,,in
3389,Aigéan,,,an
3390,Cealaíodh,,,íodh
3391,Bhínse,,,se
3392,cainníochtúla,,,a
3393,chionroinnfear,,,fear
3394,Mótarcháin,,,in
3395,díospóid,,dí,óid
3396,ndearbhuithe,n,dea,ithe
3397,slánuítear,,,ítear
3398,bleáin,,,in
3399,sratharnach,,,ach
3400,margaíochta,,,ta
3401,cíosta,,,ta
3402,gcreidmheasanna,g,,anna
3403,gharraí,,,aí
3404,d'iallach,d',,ach
3405,cúis-aithris,,,is
3406,Impleachtaí,,,taí
3407,chataitéir,,,éir
3408,Cuireann,,,eann
3409,Chugainn,,,inn
3410,módh,,,ódh
3411,hiomportáltar,h,,tar
3412,n-imtheorannaithe,n-,im,aithe
3413,Rúnaí,,,aí
3414,iomdha,,,a
3415,thaispeánaimid,,,aimid
3416,inghlacthachta,,in,ta
3417,fearais,,fear,ais
3418,díolmhaithe,,dí,aithe
3419,todhchúil,t,,úil
3420,Cróite,,,te
3421,bpearsan,b,,san
3422,neamhbhailíochtóidh,,neamh,óidh
3423,Dhópála,,,a
3424,baininscneach,,bain,each
3425,fostcheannaigh,,fo,aigh
3426,bhlasanna,,,anna
3427,Léiritheoir,,,eoir
3428,n-airíonna,n-,,na
3429,óga,,,ga
3430,Ard-Dioplóma,,,óma
3431,shuaimhneach,,,each
3432,bileog,,bi,eog
3433,droch-éifeachtaí,,droch,taí
3434,súgóidí,,,í
3435,chreimthe,,,the
3436,Moslamach,,,ach
3437,n-ordaítear,n-,,ítear
3438,Mhuiris,,,is
3439,forfheidhmiúcháin,,for,in
3440,ikke,,,e
3441,nglacfadh,n,,fadh
3442,ceapa,,,a
3443,Shlándáil,,,áil
3444,Statisticí,,,í
3445,bláthmhar,,,mhar
3446,chlúdaítear,,,ítear
3447,n-Tiarna,,,na
3448,Imbhuailtí,,,tí
3449,atreorú,,,ú
3450,chruthaíonn,,,aíonn
3451,bhacadh,,,adh
3452,thromchúiseacha,,,eacha
3453,an-neamhrialta,,an,ta
3454,ceanglófar,,,ófar
3455,leathan,,leath,an
3456,fholúntas,,,tas
3457,bainne,,bain,ne
3458,scrúdaigh,,,aigh
3459,stuaraí,,,aí
3460,n-ullamhú,n-,,ú
3461,Cífidh,,,fidh
3462,cíos,,,íos
3463,idirbheartaíocht,,idir,aíocht
3464,thaiscéalaíocht,,,aíocht
3465,chlaochladáin,,,in
3466,Potaí,,,taí
3467,Scriosann,,,ann
3468,n-iontrálacha,n-,ion,acha
3469,mbosca,m,,a
3470,dea-chlú,,dea,ú
3471,himthosca,h,im,a
3472,díorthaigh,,dí,aigh
3473,fhorleathana,,,na
3474,Breige,,,e
3475,postbhallóide,,,e
3476,áitritheoir,,,eoir
3477,bhFiaclóirí,bh,,í
3478,chomharbais,,,ais
3479,n-iompraíocht,n-,,aíocht
3480,ghile,,,e
3481,paidríní,,,í
3482,Foilsitheoireachta,,,ta
3483,cófra,,,ra
3484,méadaíodh,,,íodh
3485,bhfachtóirí,bh,,í
3486,ee,,,e
3487,fartha,,,tha
3488,slí,,,í
3489,dhearthóirí,,,í
3490,ghnáth-thuairisceán,,,eán
3491,éirí,,,í
3492,Sochaí,,,aí
3493,eisceachtúil,,,túil
3494,Katalin,,,in
3495,ceannuíodh,,ceann,íodh
3496,diamhaslach,,dia,ach
3497,Neamh-Udaruithe,,,ithe
3498,Athbhreithnithe,,,ithe
3499,thaiscí,,,í
3500,consalach,,,ach
3501,Meisciúla,,,a
3502,luaidhe,,,aidhe
3503,imoibreoir,,im,eoir
3504,socheolaithe,,soch,aithe
3505,fíorthairbheacha,,fíor,eacha
3506,dréachtchinneadh,,,eadh
3507,shubstaintí,,,tí
3508,dtuismitheoir,d,,eoir
3509,iliomad,,il,ad
3510,bhfaibhreoidh,bh,,idh
3511,Botúin,,,in
3512,lonracha,,,acha
3513,oifigeamhail,,,amhail
3514,éifeachtúil,,,túil
3515,Rastvorin,,,in
3516,Glaofar,,,far
3517,thuismitheóirí,,,í
3518,maidí,,,í
3519,traenáil,,,áil
3520,bhforfheidhmiú,bh,for,iú
3521,thosóidh,,,óidh
3522,teaghasán,t,,án
3523,daichidí,,,í
3524,réiteach,,ré,each
3525,dianscaoileadh,,dia,eadh
3526,seapáine,,,ne
3527,leacht,,,eacht
3528,Polainnis,,,is
3529,íona,,,na
3530,folaithe,,fo,aithe
3531,d'Fhórsa,d',,sa
3532,ceaintín,,,ín
3533,Gheofar,,,far
3534,ualach-línte,,,te
3535,damhsa,,,sa
3536,siamsúil,,,úil
3537,n-úlla,n-,,a
3538,intseolta,,in,ta
3539,Uas,,,as
3540,Probháide,,,e
3541,haoisliúntas,h,,tas
3542,d'oifigí,d',,igí
3543,lúbadh,,,adh
3544,bhFaoileáin,bh,,in
3545,Fiadhúlra,,,ra
3546,Carthanach,,,ach
3547,pháistí,,,tí
3548,gnáthreifrinn,,gnáth,inn
3549,Gliúnna,,,na
3550,gcomharsanacht,g,comh,acht
3551,dlighfear,,,fear
3552,tháirgeoirí,,,í
3553,micreafóin,,,in
3554,glomerulonephritis,,,is
3555,comhlachaithe,,comh,aithe
3556,h-uibheacha,h-,,eacha
3557,VIIa,,,a
3558,rdhreach,,,each
3559,Greim,,,im
3560,dtugadh,d,,adh
3561,débhliantúil,,dé,túil
3562,gcomhaltaí,g,comh,taí
3563,Sásóidh,,,óidh
3564,gcaighdeán,g,,eán
3565,cionúireachta,,,ta
3566,Oreste,,,te
3567,nea-chorpordha,,,a
3568,comhlíonachta,,comh,ta
3569,bleibíní,,,í
3570,hearnála,h,,a
3571,metoclopramide,,,e
3572,Cheannaigh,,,aigh
3573,Martingale,,,e
3574,Inghlactha,,,tha
3575,Cruthóidh,,,óidh
3576,Léamh,,,amh
3577,ceistneoirí,,,í
3578,custaim,,,aim
3579,Díreoidh,,,idh
3580,chatagóir,,,óir
3581,neamh-fhighteach,,neamh,each
3582,gaelscoileanna,,,eanna
3583,Glasraí,,,aí
3584,bpáipéirí,b,,í
3585,lae,,,e
3586,theachtaireachtaí,,,taí
3587,ríomhaireachtaí,,ríomh,taí
3588,teicneolaíochtaí,t,,taí
3589,fhiche,,,e
3590,dochrach,,do,ach
3591,Sagrada,,,da
3592,huasteorainneacha,h,uas,eacha
3593,muirearófar,,,ófar
3594,ríomhaireachtúil,,ríomh,túil
3595,ghlacfaimid,,,aimid
3596,sócánta,,,ta
3597,chobhsaíonn,,,aíonn
3598,garraíodóireachta,,gar,ta
3599,gheobha,,,a
3600,an-críochnúil,,an,úil
3601,gcoinn,g,,inn
3602,dhéanfas,,,fas
3603,thoghchán,,,án
3604,Chuairteoirí,,,í
3605,Fiabhrais,,,ais
3606,Cíoch-bheathú,,,ú
3607,Baranja,,,a
3608,3-chuaille,,,e
3609,bhfanfidh,bh,,fidh
3610,tomhsaire,t,,aire
3611,bhfaigheann,bh,,eann
3612,máirseáil,,,áil
3613,ndéantóireachta,n,dé,ta
3614,cuibhe-údaruithe,,,ithe
3615,cailliúint,,,úint
3616,Cháilíochtaí,,,taí
3617,Nikola,,,a
3618,Teicnící-Roghnú,,,ú
3619,seachanta,,,ta
3620,comhacht,,comh,acht
3621,Pacastáine,,,ne
3622,sainriachtanais,,sain,ais
3623,Tiocfaidh,,,faidh
3624,íoslaghdaíonn,,íos,aíonn
3625,cheapfas,,,fas
3626,cartúis,,,is
3627,fíochán,,,án
3628,gcniotáil,g,,áil
3629,chleachtóirí,,,í
3630,phróisisín,,,ín
3631,d'airbheartaigh,d',,aigh
3632,bhféachfaidh,bh,,faidh
3633,Áisiúil,,,úil
3634,Threoraithe,,,aithe
3635,Aidhmeanna,,,eanna
3636,ndrugaí,n,,aí
3637,dháilcheanntar,,,tar
3638,sútha,,,tha
3639,Tairgeann,,,eann
3640,fhoghlaimeora,,,ra
3641,bhileoige,,,e
3642,mbanna-stóras,m,ban,as
3643,Fós,,,ós
3644,neas,,,eas
3645,ngairmiúlacht,n,,acht
3646,Forálfar,,,far
3647,có-leantach,,,ach
3648,cniotáilte,,,te
3649,bodhraigh,,,aigh
3650,Kurtalan,,,an
3651,Cobras,,,as
3652,shinsearacht,,,acht
3653,Saoránacht,,,acht
3654,chonarthach,,,ach
3655,cuibheas,,,eas
3656,gcealú,g,,alú
3657,páirt-déantachta,,páirt,ta
3658,mhatrach,,,ach
3659,Cabhlaigh,,,aigh
3660,shiúil,,,úil
3661,r803a,,,a
3662,comh-leas,,comh,eas
3663,nítriginiú,,nítri,iú
3664,ceangailteacha,,,eacha
3665,thabhartais,,,ais
3666,Buaiteoirí,,,í
3667,taosrán,t,,án
3668,Gearrfar,,,far
3669,Úinéireachta,,,ta
3670,ginearál-oifigeach,,,each
3671,Tabhartha,,,tha
3672,coinsíníodh,,,íodh
3673,éifeachtúlacht,,,acht
3674,Feide,,,e
3675,Féachfar,,,far
3676,Ardbheachtais,,,ais
3677,il-réiteach,,il,each
3678,bhreis,,,is
3679,leathbhealach,,leath,ach
3680,thabhaíonn,,,aíonn
3681,fo-thionónta,,fo,ta
3682,gnáthleaganacha,,gnáth,acha
3683,halla,h,alla,a
3684,idirnaisiúnta,,idir,ta
3685,Muuga,,,ga
3686,curaclaim,,,aim
3687,ioraí,,,aí
3688,fhaighim,,,im
3689,chicagotribune,,,ne
3690,Anglacánach,,Angla,ach
3691,iseaglúcós,,,ós
3692,roghnú,,ro,ú
3693,foghrúpa,,fo,a
3694,Glaonn,,,nn
3695,ion-aththoghtha,,ion,tha
3696,dhéanfa,,,a
3697,Geografacha,,,acha
3698,dhroch-íde,,,e
3699,Lapidaria,,,ia
3700,n-eitneachas,n-,,achas
3701,neamhshuiteáilte,,neamh,te
3702,breacán,,breac,acán
3703,choinneála,,,a
3704,coinín,,,ín
3705,míneofar,,mín,far
3706,ardbheachta,,ard,ta
3707,sómhar,,,mhar
3708,dhúnadh,,,adh
3709,ceadú,,,ú
3710,uisce-cruthúnas,,,únas
3711,nasctha,,,tha
3712,n-athnuafar,n-,ath,far
3713,dea-mheastacháin,,dea,in
3714,Éireoidh,,,idh
3715,híocóirí,h,,í
3716,cheansú,,,ú
3717,thaisbeántas,,,tas
3718,Superyacht,,,acht
3719,Chomhlachas,,,achas
3720,urrú,,ur,ú
3721,Bhradáin,,,in
3722,Cuntaisí,,,í
3723,an-dramatúil,,an,túil
3724,mhíne,,,ne
3725,sholáthraíos,,,íos
3726,Féadtar,,,tar
3727,áthas,,,as
3728,ansan,,an,san
3729,Gearmánach-Éireannach,,,ach
3730,fho-Shahárach,,,ach
3731,Seasann,,,ann
3732,Ciontaíodh,,,íodh
3733,thine,,,ne
3734,5-ú,,,ú
3735,gníomhóidh,,,óidh
3736,neiseoidh,,,idh
3737,almóinní,,,í
3738,hoíche,h,,e
3739,contúirteach,,,each
3740,fhócais,,,ais
3741,mhion-choda,,,da
3742,hiodrála,h,,a
3743,Íoslaghdaítear,,,ítear
3744,gealach,,,ach
3745,Freastalaí,,,aí
3746,ndícháilítear,n,dí,ítear
3747,d'árachaisí,d',,í
3748,Cónasctha,,,tha
3749,d'Oifigigh,d',,igh
3750,chárta,,,ta
3751,Euodia,,,ia
3752,Dia,,,ia
3753,bainfeadh,,bain,eadh
3754,hiascaireacht,h,,eacht
3755,Somáilis,,,is
3756,deimhneoidh,,,idh
3757,Cearnóg,,,óg
3758,n-Ionchais,n-,,ais
3759,Arkamin,,,in
3760,Laitvia,,,ia
3761,coileach-ghann,,,ann
3762,rioscabhunaithe,,,aithe
3763,chóipeanna,,,eanna
3764,gnéaschlaonadh,,,adh
3765,saor-chead,,,ad
3766,gcógas,g,,as
3767,stallaí,,,aí
3768,d'fhad,d',,ad
3769,sheirbheálfaidh,,,faidh
3770,Fuadach,,,ach
3771,lárphointe,,lár,te
3772,príomhúinéir,,príomh,éir
3773,íceanna,,,eanna
3774,gcadhnraí,g,,aí
3775,deis,,,is
3776,fóntas,,,tas
3777,bhagáiste,,,te
3778,Éifeacht,,,eacht
3779,nuashonruithe,,nua,ithe
3780,bhriathartha,,,tha
3781,almsaineach,,,each
3782,dhachad,,,ad
3783,greannú,,,ú
3784,gcomhlánú,g,comh,ú
3785,Chúirte,,,te
3786,bhfírinne,bh,,ne
3787,Líonra,,,ra
3788,Quercetin,,,in
3789,Scáthscátha,,,tha
3790,Aba,,,a
3791,suite,,,te
3792,n-scéalta,,,ta
3793,thallann,,,lann
3794,leathbhliana,,leath,na
3795,sonraithe,,so,aithe
3796,tOchtú,t,,ú
3797,dhíospóideann,,,eann
3798,oibléagáidí,,,í
3799,móruaisle,,mór,e
3800,scanadh,,,adh
3801,aibigh,,,igh
3802,cláirsí,,,í
3803,dhísle,,,e
3804,Iarscríbhinn,,,inn
3805,dianiarracht,,dia,acht
3806,leigheasach,,,ach
3807,modúlach,,,ach
3808,leasuithe,,leas,ithe
3809,Cruthaitheacht,,,eacht
3810,Tugann,,,ann
3811,gintlithe,,,ithe
3812,Scríobhann,,,ann
3813,Imréitigh,,,tigh
3814,póite,,,te
3815,n-idirghabhálaithe,n-,idir,aithe
3816,chompordú,,,ú
3817,rialtach,,,ach
3818,dreasacht,,,acht
3819,Aquasana,,,na
3820,rófhéichiúnas,,ró,únas
3821,Díbhinne,,,ne
3822,Dúisíonn,,,íonn
3823,comhalta,,comh,ta
3824,nea-ghnáthacha,,,acha
3825,diúltú,,,ú
3826,léirmheas,,,eas
3827,beo-acmhainní,,,í
3828,mbreathódh,m,,ódh
3829,náisiÃoin,,,in
3830,ranníocóra,,,ra
3831,Tasmáin,,,in
3832,mhúnla,,,a
3833,Telegrafa,,,a
3834,bhunlíne,,,ne
3835,sealadaighe,,,e
3836,bheachtas,,,tas
3837,Caitliceacha,,,eacha
3838,airleacain,,,in
3839,libh,,,ibh
3840,ordaíonn,,,aíonn
3841,Armas,,,as
3842,grinnanailísí,,,í
3843,scairscéim,,,im
3844,Piréiní,,,í
3845,Inscne,,,ne
3846,Oifigiúil,,,úil
3847,Tríonóide,,,e
3848,seilín,,,ín
3849,maighnéadach-optúil,,,túil
3850,Leathanbhanda,,,da
3851,mheastóirí,,,í
3852,tirimcastacht,t,,tacht
3853,athbhreithnigh,,ath,igh
3854,pholasaithe,,,aithe
3855,fíordheimhneofar,,fíor,far
3856,scórnach,,,ach
3857,bhailitheora,,,ra
3858,dé-lárnach,,dé,ach
3859,mhonaróra,,,ra
3860,thodóga,,,ga
3861,Tchím,,,ím
3862,Dí-cháilíocht,,,íocht
3863,Míochaine,,,ne
3864,mbeagnach,m,beag,ach
3865,ionduchtuithe,,ion,ithe
3866,gcainteanna,g,,eanna
3867,Athnuachana,,,na
3868,shéarachta,,,ta
3869,tsábháilteacht,t,,eacht
3870,thráchtála,,,a
3871,ngrúpa,n,grúp,a
3872,glaotar,,,tar
3873,bunreachtanna,,bun,anna
3874,D'inis,D',in,is
3875,roghnaithe,,ro,aithe
3876,bhfolach,bh,fo,ach
3877,soghluaiseachta,,so,ta
3878,millíní,,,í
3879,thríocha,,,a
3880,dúiche,,dú,e
3881,radharcmhastóir,,,tóir
3882,Comhghabhálacha,,,acha
3883,glóire,,,ire
3884,Fuaimeann,,,eann
3885,bourgeoisie,,,e
3886,lánaimsearach,,,ach
3887,Cleachtaí,,,taí
3888,bheoir,,,eoir
3889,Cóipeannatear,,,ear
3890,Córas,,,as
3891,leannlusanna,,,anna
3892,Forálann,,,lann
3893,gceanglaíonn,g,,aíonn
3894,mothaithe,,,aithe
3895,dtimpiste,d,,te
3896,scríbhinne,,,ne
3897,deifre,,,e
3898,n-iris,n-,,is
3899,Baja,,,a
3900,neamhrialta,,neamh,ta
3901,bpáirceanna,b,,eanna
3902,Mheasúnaithe,,,aithe
3903,pacáilte,,,te
3904,bádóg,,,óg
3905,déirciúil,,dé,úil
3906,faillí,,,í
3907,bhabhtáil,,,áil
3908,athdhéanamh,,ath,amh
3909,isteach,,,each
3910,Tweetáil,,,áil
3911,chomhréiteach,,,each
3912,tArd-ráta,t,,ta
3913,dteipfidh,d,,fidh
3914,coinneoidh,,,idh
3915,aiste,,ais,te
3916,faisnéiseach,,,each
3917,trifeinilhiodraisí,,,í
3918,neamh-mhonaraithe,,neamh,aithe
3919,amhránaíochta,,am,ta
3920,hagaí,h,,aí
3921,ionramháil,,ion,áil
3922,easpónantúla,,eas,a
3923,pillíní,,,í
3924,marcáil,,,áil
3925,d'fheabhsú,d',,ú
3926,freagraí,,,aí
3927,Áineas,,,eas
3928,Comsa,,,sa
3929,sainscileanna,,sain,eanna
3930,thairgeoirí,,,í
3931,teilifíseáin,t,teili,in
3932,speisialta,,,ta
3933,cógais,,,ais
3934,treanála,,,a
3935,Reachtáiltear,,,ear
3936,Mhaighnéadaigh,,,aigh
3937,shaorga,,,ga
3938,cumraíochta,,,ta
3939,dtaithí,d,,í
3940,malartóidh,,,óidh
3941,athchomhairleach,,ath,each
3942,próistí,,,tí
3943,dhiúltuigh,,,igh
3944,fheadh,,,eadh
3945,míre,,mí,e
3946,chosúla,,,a
3947,gníomhachtúcháin,,,in
3948,cólíonfar,,,far
3949,Leictriteicniúil,,,úil
3950,chothabhálfar,,,far
3951,foleasanna,,fo,anna
3952,chéim,,,im
3953,Uibhe,,,e
3954,Breathnú,,,ú
3955,gceartú,g,,ú
3956,bhfásfaidh,bh,,faidh
3957,Creidimid,,,imid
3958,thrampáil,,,áil
3959,cruthaíodh,,,íodh
3960,chomhdhéanamh,,,amh
3961,Revenge,,,e
3962,léarscáil,,,áil
3963,róthéamh,,ró,amh
3964,Friotaíochta,,,ta
3965,ndlífidh,n,,fidh
3966,Searmanais,,,ais
3967,chamchuairte,,,te
3968,Saintréithe,,,ithe
3969,athbreithnithe,,ath,ithe
3970,sreabhachta,,,ta
3971,garastúin,,gar,in
3972,Rialófar,,,ófar
3973,Iarrann,,,ann
3974,8-ú,,,ú
3975,cionroinnte,,,te
3976,Iodáil,,,áil
3977,gcuireann,g,,eann
3978,B'ionann,,,ann
3979,ceadunaithe,,,aithe
3980,Cinnteoireachta,,,ta
3981,nádÃortha,,,tha
3982,Allamanda,,,da
3983,leadóige,,,e
3984,hardchobhsaíocht,h,ard,aíocht
3985,d'infrastruchtúr,d',in,úr
3986,bhfionnann,bh,,ann
3987,thrastomhas,,,as
3988,thromchúisigh,,,igh
3989,seanachoiste,,sean,te
3990,has-bhainfear,h,as,fear
3991,Europese,,,se
3992,Konya,,,a
3993,Sualannach-Danmhairgis,,,is
3994,Cherubim,,,im
3995,bhraistintí,,,tí
3996,Éicea-Cháiliúil,,,úil
3997,déimeagrafacha,,dé,acha
3998,scothbhuí,,scoth,í
3999,Rómánsacha,,,acha
4000,fhorálacha,,,acha
4001,néarthocsaineacha,,,eacha
4002,Treisithe,,,ithe
4003,Teagascóirí,,,í
4004,Bhríona,,,na
4005,chisteoir,,,eoir
4006,thurasóireacht,,,eacht
4007,mhinice,,,e
4008,ghineadóir,,,adóir
4009,dramhaíolaítear,,,ítear
4010,Crann,,,ann
4011,ceangailte,,,te
4012,hiniúchaithe,h,in,aithe
4013,fiuchphointe,,,te
4014,éagóracha,,éa,acha
4015,3-chéim,,,im
4016,dánlanna,,dá,anna
4017,Uachtarach,,,ach
4018,Idir-réigiúnach,,,ach
4019,tairbhiúla,t,,a
4020,Beacht,,,eacht
4021,chosáin,,,in
4022,Féin-Fostaíochta,,,ta
4023,fhadseirbhíse,,,se
4024,mionbhusanna,,mion,anna
4025,Athraigh,,,aigh
4026,Reachtúil,,,túil
4027,imthosca,,im,a
4028,únéir,,,éir
4029,brionglóid,,,óid
4030,dearnadh,,dea,adh
4031,Silene,,,ne
4032,neamhfhorghníomhú,,neamh,ú
4033,Tuigbheála,,,a
4034,clipeanna,,,eanna
4035,Cháit,,,áit
4036,gile,,,e
4037,shléibhteacha,,,eacha
4038,inÁoctha,,in,tha
4039,steirilithe,,,ithe
4040,Ceartas,,,tas
4041,thocsaineach,,,each
4042,Sanna,,,anna
4043,Clann,,,lann
4044,mbailte,m,,te
4045,theanta,,,ta
4046,fo-thorthaí,,fo,aí
4047,chéanna,,,anna
4048,ró-chumhacht,,ró,acht
4049,Eirionn,,,nn
4050,Leachtú,,,ú
4051,lódairí,,,í
4052,Sna,,,na
4053,imchuach,,im,ach
4054,toitín,t,,ín
4055,Stáiseanóireacht,,,eacht
4056,Cainníocht,,,íocht
4057,mheáchainte,,,te
4058,smeartha,,,tha
4059,urramaíodh,,ur,íodh
4060,fhondúireachtaí,,,taí
4061,n-asbhaintí,n-,as,tí
4062,déantúsaíochta,,dé,ta
4063,Bronntanas,,,tanas
4064,gconairí,g,,í
4065,brabúsachta,,,ta
4066,chruthú,,,ú
4067,cumhdaítear,,,ítear
4068,leasaithe,,leas,aithe
4069,seapáinis,,,is
4070,bácála,,,a
4071,fhuaimeann,,,eann
4072,dromchla,,,a
4073,salann,,,lann
4074,gceithre,g,,e
4075,Trasnánach,,,ach
4076,Oiliúint,,,úint
4077,tharlódh,,,ódh
4078,Glactar,,,tar
4079,Ghníomhartha,,,tha
4080,ngnáthaois,n,gnáth,is
4081,Forbróidh,,,óidh
4082,ró-tapa,,ró,a
4083,mholfas,,,fas
4084,piarghrúpaí,,,aí
4085,mhórbhorradh,,,radh
4086,n-iarrfar,n-,iar,far
4087,ndeaghaidh,n,dea,aidh
4088,bhacainní,,,í
4089,deiridh,,,idh
4090,neamhfhreagracha,,neamh,acha
4091,hachuinge,h,,e
4092,cosnóidh,,,óidh
4093,freagrúil,,,úil
4094,bhforálfaidh,bh,for,faidh
4095,fho-chuóta,,,ta
4096,Leathnaíonn,,,aíonn
4097,lag-intinne,,lag,ne
4098,comhfhiosach,,comh,ach
4099,bhfeirmeoir,bh,,eoir
4100,Luna,,,na
4101,bua,,,a
4102,gcaillfidís,g,,fidís
4103,dtrádáil,d,,áil
4104,mbeartaítear,m,,ítear
4105,toirtiúil,t,,úil
4106,Tuirc-Úcráin,,,in
4107,Theastas,,,tas
4108,theaglaigh,,,aigh
4109,Cuideachtan,,,an
4110,pháirtnéirí,,,í
4111,chailpeanna,,,eanna
4112,dhein,,,in
4113,Eisiach,,,ach
4114,Breathable,,,e
4115,réalta,,réalt,ta
4116,fionnraí,,,aí
4117,árachais,,,ais
4118,Ard-Rúnaíocht,,,aíocht
4119,tacsaí,t,,aí
4120,áitrithe,,,ithe
4121,gCumann,g,,ann
4122,beathaithe,,beath,aithe
4123,ghnóthach,,,ach
4124,lonnaitheach,,,each
4125,séaracha,,,acha
4126,cheangaltáin,,,in
4127,ndréachtú,n,,ú
4128,Chríochnú,,,ú
4129,bhreithiúnach,,,ach
4130,aerdhíonach,,aer,ach
4131,mbrionglóid,m,,óid
4132,Conarthaí,,,aí
4133,tAonad,t,,ad
4134,grian,,,an
4135,Inseirbhíse,,,se
4136,n-athchruthú,n-,ath,ú
4137,bhuaileann,,,eann
4138,screamhuisce,,,e
4139,pancóga,,pan,ga
4140,déiríochta,,dé,ta
4141,Kaynarca,,,a
4142,toscaireachta,t,,ta
4143,caomhnaitheachta,,,ta
4144,Deighlealaithe,,,aithe
4145,bhunaíonn,,,aíonn
4146,camóg,,,óg
4147,mionleagan,,mion,an
4148,Fhoireann,,,eann
4149,seirbhise,,,se
4150,threisithe,,,ithe
4151,chóiríochta,,,ta
4152,leithne,,,ne
4153,máinliachta,,,ta
4154,ndeireadh,n,,eadh
4155,fhoillseoidh,,,idh
4156,cobhsaíochta,,,ta
4157,cainníochta,,,ta
4158,ndea-chaighdeán,n,dea,eán
4159,Creidmheasaí,,,aí
4160,Margaidh,,,aidh
4161,an-iniompartha,,an,tha
4162,bandaleithead,,ban,ad
4163,leasaitheach,,leas,each
4164,Parlaiminteach,,,each
4165,údaruíonn,,,íonn
4166,seachbhreithiúnach,,,ach
4167,Fúndúireachta,,,ta
4168,ghníomhaireacht,,,eacht
4169,féin-bhraitear,,féin,ear
4170,loingsiú,,,iú
4171,t-aitheantas,t-,aith,tas
4172,báis,,,áis
4173,mainistreach,,,each
4174,Amharclannaíochta,,,ta
4175,hearnaitheoir,h,,eoir
4176,ais-deireadh,,ais,eadh
4177,dhíscaoiltear,,,ear
4178,úsáidfeas,,,eas
4179,Eifeacht,,,eacht
4180,leathanaigh,,leath,aigh
4181,suncáltar,,,tar
4182,ndeachaidh,n,dea,aidh
4183,fíoras,,fíor,as
4184,t-ísliú,t-,,iú
4185,triú,,,iú
4186,comhlachtaí,,comh,taí
4187,Creole,,,e
4188,díghrádaíodh,,dí,íodh
4189,Táible,,,e
4190,frithdhúnadh,,frith,adh
4191,lonrach,,,ach
4192,luaithrigh,,,igh
4193,mbrabhsálaithe,m,,aithe
4194,spártha,,,tha
4195,leath-digiteach,,leath,each
4196,ya,,,a
4197,urruíochta,,ur,ta
4198,naoú,,,ú
4199,chíoradh,,,radh
4200,Traenála,,,a
4201,Uirlisí,,,í
4202,rúnbhallóide,,,e
4203,comhbhrúiteoirí,,comh,í
4204,an-athchúrsáilte,,an,te
4205,ailmentí,,,tí
4206,phríomhthairbhithe,,,ithe
4207,Chuideachtaí,,,taí
4208,Soithí,,,í
4209,trédhearcaí,,tré,aí
4210,mbaintreach,m,bain,each
4211,Ródú,,,ú
4212,Coimisiúin,,,in
4213,Coinbhinsiúin,,,in
4214,locfar,,,far
4215,loitiméireacht,,,eacht
4216,trópaiceach,,,each
4217,shráide,,,e
4218,Chorpoideachas,,,achas
4219,cúrsa,,,sa
4220,aisghaireann,,ais,eann
4221,neamhbheartaithe,,neamh,aithe
4222,Dhoinn,,,inn
4223,inniúla,,in,a
4224,damhain,,,in
4225,spreagtha,,,tha
4226,searraigh,,,aigh
4227,Cíosa,,,sa
4228,eipeasóid,,eipea,óid
4229,gcosúlacht,g,,acht
4230,rannchuidíonn,,,íonn
4231,Chárta,,,ta
4232,coimhlintí,,,tí
4233,cloisteála,,,a
4234,Fionraí,,,aí
4235,phróiseálfaidh,,,faidh
4236,gnáthchóir,,gnáth,óir
4237,n-áitritheoirí,n-,,í
4238,bplandaí,b,,aí
4239,iarmhéideanna,,iar,eanna
4240,Poirceallán,,,án
4241,féinrialaithe,,féin,aithe
4242,Cásdlí,,,í
4243,hathchóirithe,h,ath,ithe
4244,dhífhoirmiú,,,iú
4245,n-abrann,n-,,ann
4246,Sreabháin,,,in
4247,Láithreach,,,each
4248,móipéidí,,,í
4249,gearrann,,gearr,ann
4250,éisiúint,,,úint
4251,ngnáth-chúrsa,n,gnáth,sa
4252,Seas,,,eas
4253,bradaíl,,,aíl
4254,Faoileán,,,eán
4255,mbearta,m,,ta
4256,tampáil,t,,áil
4257,Tábhairne,,,ne
4258,anamacha,,ana,acha
4259,Barraí,,,aí
4260,ghrúdú,,,ú
4261,Áirithigh,,,igh
4262,inghearrtha,,in,tha
4263,Arfa,,,a
4264,leatromach,,,ach
4265,Bhratach,,,ach
4266,bpíobáin,b,,in
4267,gcobhsaíocht,g,,aíocht
4268,Ginéive,,,e
4269,an-ghlórach,,an,ach
4270,braite,,,te
4271,Cheanada,,,da
4272,Rioscaí,,,aí
4273,thráchtáil,,,áil
4274,dhosú,,,ú
4275,chompháirtí,,,tí
4276,fuathchainte,,,te
4277,gní,,,í
4278,críochta,,,ta
4279,ghréine,,,ne
4280,deoraíocht,,,aíocht
4281,ró-sheasamh,,ró,amh
4282,bpiara,b,,ra
4283,Thearmann,,,ann
4284,comhfheidhmiú,,comh,iú
4285,nGlantach,n,,ach
4286,dtagróidh,d,,óidh
4287,fairis,,,is
4288,156ú,,,ú
4289,fo-ionstraim,,fo,aim
4290,oideoirí,,,í
4291,Olea,,,a
4292,ndeimhnítear,n,,ítear
4293,Roinntear,,,ear
4294,bainfimid,,bain,fimid
4295,bhaileoimid,,,imid
4296,chúinge,,,e
4297,réamhphacáil,,réamh,áil
4298,d'Íomhán,d',,án
4299,Acmhainní-Stiúrtha,,,tha
4300,Bainteach,,,each
4301,ghlóthach,,,ach
4302,taisce,t,tais,e
4303,phaitinneacha,,,eacha
4304,Oibreoir,,,eoir
4305,Orgánach,,,ach
4306,díolachán,,dí,achán
4307,chomhfhreagróidh,,,óidh
4308,Bogdan,,,an
4309,tArd-Stiúrthóir,t,,thóir
4310,thrádála,,,a
4311,Dhúiche,,,e
4312,choisctheach,,,each
4313,fháidh,,,idh
4314,Nua,,,a
4315,Muí,,,í
4316,chnáinín,,,ín
4317,cianoideachas,,,achas
4318,mharthanach,,,ach
4319,leathshúilíneach,,leath,each
4320,Bréagacha,,,acha
4321,sainmhínitear,,sain,ear
4322,sosa,,so,sa
4323,sainghníomhaireachtaí,,sain,taí
4324,diúscraíodh,,,íodh
4325,tuathánach,t,,ach
4326,coirce,,,e
4327,leabharchoimeádta,,,ta
4328,Corrfholúntais,,,ais
4329,marófar,,,ófar
4330,fochuideachtaí,,fo,taí
4331,Phríobháideacha,,,eacha
4332,thárlann,,,lann
4333,clocha-brabúsaí,,,aí
4334,airbheartÃ3idh,,,idh
4335,fhuinneoga,,,ga
4336,sreabhach,,,ach
4337,mheabhrán,,,án
4338,Pixie,,,e
4339,thiomna,,,na
4340,Conairí,,,í
4341,Inniúla,,,a
4342,róid,,ró,óid
4343,mb'fhusaide,m,,e
4344,idé-eolaíocht,,,aíocht
4345,d'fhearchéile,d',,e
4346,Anndáin,,,in
4347,chomharsan,,,san
4348,leictreiceimiceach,,leictr,each
4349,dianchaibidlíochtaí,,dia,taí
4350,Thiomána,,,na
4351,ghluaisteán,,,eán
4352,bearnaí,,,aí
4353,mheaisin,,,in
4354,ndualgais,n,,ais
4355,dearaí,,dea,aí
4356,sásÃ3far,,,far
4357,Chonaiceamar,,,eamar
4358,Cluiche,,,e
4359,droch-nós,,droch,ós
4360,Chruinniú,,,iú
4361,imoibríocha,,im,a
4362,críochta-difríocht,,,íocht
4363,theastais,,,ais
4364,cláróidh,,,óidh
4365,ainmníodh,,ain,íodh
4366,Linnte,,,te
4367,Filipina,,,na
4368,dtoircheas,d,,eas
4369,téamúil,t,,úil
4370,maisíonn,,,íonn
4371,Coimiriceacha,,,eacha
4372,bhFeasacht,bh,,acht
4373,seachtar,,seacht,tar
4374,ceartas,,,tas
4375,gcaillfear,g,,fear
4376,loingseofar,,,far
4377,Téarnamh,,,amh
4378,Íde,,,e
4379,Príomhfhostaithe,,,aithe
4380,teachtadh,t,,adh
4381,Idirlín,,,ín
4382,Bricfeasta,,,ta
4383,fhoilseacháin,,,in
4384,gcuardach,g,,ach
4385,innealtóir,,in,tóir
4386,Sinsearach,,,ach
4387,néaróga,,,ga
4388,Christophe,,,e
4389,an-neamhghníomhach,,an,ach
4390,ghrinnfhiosrú,,,ú
4391,aisghabáil,,ais,áil
4392,andraigineach,,andra,gineach
4393,gcábáiste,g,,te
4394,luibheach,,,each
4395,shornaí,,,aí
4396,chumadóir,,,adóir
4397,smacht-fhionraí,,,aí
4398,seasmhach,,,ach
4399,creidiúnaíodh,,,íodh
4400,láithreoireachtaí,,,taí
4401,cóionann,,,ann
4402,t-oibríocht,t-,,íocht
4403,scaoilfidh,,,fidh
4404,Fheirtéaraigh,,,aigh
4405,toghthóirí,t,,í
4406,neamhbhardasaigh,,neamh,aigh
4407,Chomhpháirtíocht,,,íocht
4408,stánadh,,,adh
4409,Fhaisnéis,,,is
4410,fo-rollaí,,fo,aí
4411,ceannach,,ceann,ach
4412,athchleachtach,,ath,ach
4413,Gaireas,,,eas
4414,Comh-chatalóg,,,óg
4415,Cinnfear,,,fear
4416,Dhaonlathach,,,lathach
4417,bréagach,,bréag,ach
4418,saolaítear,,,ítear
4419,crúbóga,,,ga
4420,Acmhainní-Fáil,,,áil
4421,hoiriúnacht,h,oir,acht
4422,sciáil,,,áil
4423,bpolaiméir,b,pola,méir
4424,chothaíonn,,,aíonn
4425,aerspáis,,aer,áis
4426,gceangaltán,g,,án
4427,Régime,,,e
4428,gcósta,g,,ta
4429,Chima,,,a
4430,phacáistíocht,,,íocht
4431,lán-cháilíocht,,,íocht
4432,cháiníocóirí,,,í
4433,dea-oideachas,,dea,achas
4434,Sandy-Kapidere,,,e
4435,gnóthacha,,,acha
4436,eithneacha,,,eacha
4437,íde,,,e
4438,Vótaí,,,taí
4439,ard-sliseanna,,ard,eanna
4440,brúidiúla,,,a
4441,comhaimsire,,comh,ire
4442,Raideolaíocht,,,aíocht
4443,cómhargántaíochta,,,ta
4444,Samhradh,,,radh
4445,oidhreacht,,,eacht
4446,dhíotáil,,,áil
4447,De,,,e
4448,ghríos,,,íos
4449,Ailgéir,,,éir
4450,Euroopan,,,an
4451,Bhúrsa,,,sa
4452,deimhniúchán,,,án
4453,aon-tríthoiseach,,aon,each
4454,réamhsonraíocht,,réamh,aíocht
4455,comhchaibidlí,,comh,í
4456,21ú,,,ú
4457,cothathaigh,,,aigh
4458,mionghearrtha,,mion,tha
4459,ríomhaire,,ríomh,aire
4460,shocraíonn,,,aíonn
4461,chainníochtúil,,,túil
4462,dtrian,d,,an
4463,noibríochtaí,,,taí
4464,taisceora,t,tais,ra
4465,Leanaí,,,aí
4466,n-voltas,,,tas
4467,19ú,,,ú
4468,garnóireachta,,gar,ta
4469,teicniúla,t,teicni,a
4470,saorsála,,,a
4471,scamhóga,,,ga
4472,maighnéad,,,éad
4473,ceannuítear,,ceann,ítear
4474,Athshlánú,,,ú
4475,Féindoirteadh,,,eadh
4476,brabhsálaí,,,aí
4477,Dola,,,a
4478,d'aisgabháil,d',ais,áil
4479,aigéadacht,,,acht
4480,fhaillítear,,,ítear
4481,inseachadtachta,,in,ta
4482,Caithfimid,,,fimid
4483,t-athscrúdú,t-,ath,ú
4484,Gluais,,,ais
4485,spreagthach,,,ach
4486,Mhíleata,,,ta
4487,aersheirbhísí,,aer,í
4488,shlánaithe,,,aithe
4489,amhrasach,,am,ach
4490,forghabháil,,for,áil
4491,cróim,,,im
4492,aoibh,,,ibh
4493,n-athnuachan,n-,ath,chan
4494,forghabhála,,for,a
4495,neamhbhailí,,neamh,í
4496,hathghairmtear,h,ath,ear
4497,clónáilte,,,te
4498,Táirgthí,,,í
4499,20-leathanach,,,ach
4500,grafach,,,ach
4501,foillseofar,,fo,far
4502,Gearrann,,,ann
4503,dTiarna,d,,na
4504,bunchóipeanna,,bun,eanna
4505,hóipiam,h,,iam
4506,teoiriciúil,t,teo,úil
4507,thugas,,,as
4508,Tagtha,,,tha
4509,fhiontar,,,tar
4510,bhroidiúil,,,úil
4511,pholagán,,,agán
4512,gCríostaíthe,g,,the
4513,shofaisticiúla,,,a
4514,réamh-dhréachtbhuiséad,,réamh,éad
4515,dúntaí,,dún,taí
4516,fhéilte,,,te
4517,tseana-choiste,t,,te
4518,thiarna,,,na
4519,Rialáil,,,áil
4520,cimeádfar,,,far
4521,dachas,,,achas
4522,hullmhúcháin,h,,in
4523,pholaireatán,,,án
4524,fho-shirriaim,,,aim
4525,ghluaiseacht,,,eacht
4526,40a,,,a
4527,d'fhónaigh,d',,aigh
4528,monaplacht,,mona,acht
4529,ísealmhinicíochta,,,ta
4530,deilbheán,,,eán
4531,scread,,,ad
4532,uachtaraighe,,,e
4533,paisnéara,,,ra
4534,EU-Russia,,,ia
4535,gcomhfhreagaíonn,g,comh,aíonn
4536,imrím,,im,ím
4537,fáiscthe,,,the
4538,Chartreuse,,,se
4539,feofheirme,,,e
4540,Karelia,,,ia
4541,clód,,,ód
4542,Reáchtálfar,,,far
4543,haistriúchán,h,ais,án
4544,im-bhoscaí,,im,aí
4545,tapúla,t,,a
4546,daingnithe,,,ithe
4547,Fairisínigh,,,igh
4548,gaolmhara,,,ra
4549,micreaflóta,,,ta
4550,mear-scaoileadh,,,eadh
4551,treoirlíne,,,ne
4552,chónraí,,,aí
4553,n-onnmhairiú,n-,,iú
4554,Theorainneacha,,,eacha
4555,tharchuirtear,,,ear
4556,códhlúite,,,te
4557,Sreanga,,,ga
4558,féidearthachtaí,,,taí
4559,deontaisí,,,í
4560,ainmniúil,,ain,úil
4561,áithiú,,,iú
4562,Dhlí-Chumann,,,ann
4563,Fhaigheann,,,eann
4564,hárachuítear,h,,ítear
4565,gciontaíonn,g,,aíonn
4566,IDanna,,,anna
4567,dithe,,,ithe
4568,liachomhairleoir,,,eoir
4569,Fhiachas,,,achas
4570,mbunófaí,m,bun,ófaí
4571,próstatach,,,ach
4572,Euro-Latin,,,in
4573,consighneachta,,,ta
4574,Láithreas,,,eas
4575,neamhghlan,,neamh,an
4576,hInstitiúidí,h,,í
4577,Dhroichead,,,ad
4578,bhfolófaí,bh,fo,ófaí
4579,Chontae-Bhuirge,,,e
4580,hOnnmhuireofar,h,,far
4581,Deirge,,,e
4582,Anamúlacht,,,acht
4583,Neodracht,,,acht
4584,feabhsaithe,,,aithe
4585,saoistí,,,tí
4586,athraítear,,ath,ítear
4587,Clárú,,,ú
4588,seiftithe,,,ithe
4589,ullmhóidh,,,óidh
4590,mótarbhealaí,,,aí
4591,Inniúlachtaí,,,taí
4592,casachtach,,,ach
4593,d'fhorlíonadh,d',,adh
4594,aclaíocht,,,aíocht
4595,roimh-aire,,ro,aire
4596,greanta,,,ta
4597,gcaomhnóirí,g,,í
4598,ghairmí,,,í
4599,Cheannaim,,,aim
4600,Dáiltí,,,tí
4601,n-oifigí,n-,,igí
4602,chinfeas,,,eas
4603,morgáistiú,,,iú
4604,ngeallúint,n,,úint
4605,Ias,,,as
4606,Caine,,,ne
4607,gaile,,,e
4608,Ionstraim,,,aim
4609,an-iompórtála,,an,a
4610,Cloífidh,,,fidh
4611,tseachtain,t,,in
4612,bailíochta,,,ta
4613,Gnóthas,,,as
4614,Gazette,,,te
4615,gineadh,,,eadh
4616,chorrlach,,,ach
4617,Athshóiteáin,,,in
4618,fheistiú,,,iú
4619,bhfíorú,bh,fíor,ú
4620,Teagmhálaí,,,aí
4621,gcaithfí,g,,fí
4622,ceangailteach,,,each
4623,sighneoidh,,,idh
4624,Chrosairí,,,í
4625,scáileán,,,eán
4626,acadh,,,adh
4627,glantromlach,,,ach
4628,rann-íocacha,,,acha
4629,urramaíonn,,ur,aíonn
4630,eadránacha,,,acha
4631,Sealbhaíocht,,,aíocht
4632,Bhreataineach,,,each
4633,teastáil,t,,áil
4634,néifeacht,,,eacht
4635,Taifead,,,fead
4636,Aireachta,,,ta
4637,díghalrú,,dí,ú
4638,staisiúin,,,in
4639,scríbhneoireacht,,,eacht
4640,Caiteachas,,,achas
4641,aisíoctar,,ais,tar
4642,seansloinnte,,sean,te
4643,phictiúrtha,,,tha
4644,stóinseach,,,each
4645,iondaithe,,ion,aithe
4646,baileofar,,,far
4647,gcigire,g,,ire
4648,shroichfidh,,,fidh
4649,barr-shocrú,,barr,ú
4650,Dúchais,,,ais
4651,neamhluaite,,neamh,te
4652,speansais,,,ais
4653,Tráchtála,,,a
4654,Dian-iomardú,,,ú
4655,barúlacha,,bar,acha
4656,driogtha,,,tha
4657,athbheartú,,ath,ú
4658,scálaí,,,aí
4659,Dheimhneach,,,each
4660,Cuidíonn,,,íonn
4661,siogairlín,,,ín
4662,Dréacht-Chinneadh,,,eadh
4663,Bhainistíochta,,,ta
4664,theoir,,,eoir
4665,réamhshainithe,,réamh,ithe
4666,Lean,,,an
4667,thuilleann,,,eann
4668,uisceacha,,,eacha
4669,ceannófar,,ceann,ófar
4670,gcostas,g,,tas
4671,n-eilimintí,n-,,tí
4672,bainfear,,bain,fear
4673,dude,,,e
4674,tsáinn,t,,inn
4675,dioplóma,,,óma
4676,an-teoranta,,an,ta
4677,larbhaí,,,aí
4678,rannacha,,,acha
4679,gcongantóirí,g,,í
4680,maoine,,,ne
4681,Rialachan,,,chan
4682,Aisghairthe,,,the
4683,cheárd-chumainn,,,inn
4684,Maoiniúcháin,,,in
4685,híorónach,h,,ach
4686,ulóga,,,ga
4687,inchomharthaí,,in,aí
4688,rúnaíochta,,,ta
4689,fromhthanna,,,anna
4690,nOlóg,,,óg
4691,eagraithe,,,aithe
4692,Gaora,,,ra
4693,laicearaithe,,,aithe
4694,cúiteofar,,,far
4695,fisiceoir,,,eoir
4696,luigheadófar,,,ófar
4697,cailíní,,,í
4698,íoschritéir,,íos,éir
4699,ceathrúna,,,na
4700,roicéad-armtha,,ro,tha
4701,Féithleann,,,eann
4702,bpróiseálfar,b,,far
4703,doiciméad,,do,éad
4704,comhlimistéir,,comh,éir
4705,Creidmheasa,,,sa
4706,Folamh,,,amh
4707,húinéir,h,,éir
4708,d'éisteacht,d',,eacht
4709,aithriste,,aith,te
4710,comhthionscnamh,,comh,amh
4711,cuirtíní,,,í
4712,Aontaigh,,,aigh
4713,síolú,,,ú
4714,deona,,,na
4715,airleacadh,,,adh
4716,neamh-tocsaineach,,neamh,each
4717,Iarann,,,ann
4718,rabhamar,,,amar
4719,féinmharú,,féin,ú
4720,fhochuideachta,,,ta
4721,tuíodóireacht,t,,eacht
4722,tslánaithe,t,,aithe
4723,scoilbhliain,,,in
4724,Cambogia,,,ia
4725,lobhra,,,ra
4726,banua,,ban,a
4727,calaíochta,,,ta
4728,headarghnóthaí,h,,aí
4729,Prim-leagan,,,an
4730,Líomatáistí,,,tí
4731,dornálaíocht,,do,aíocht
4732,dtaistealaíonn,d,tais,aíonn
4733,céiliúradh,,,radh
4734,Soiléiríonn,,,íonn
4735,analaí,,ana,aí
4736,ragha,,,a
4737,stalla,,,a
4738,fhisciúil,,,úil
4739,chomhadlann,,,lann
4740,áiritheofar,,,far
4741,Barántúlacht,,,acht
4742,Leapa,,,a
4743,Spáinneach,,,each
4744,ionchonspóidthe,,ion,the
4745,Timfhilleadh,,,eadh
4746,tsaoirse,t,,se
4747,hAoichainteoir,h,,eoir
4748,iasachtóir,,,tóir
4749,mhion-fheabhsuithe,,,ithe
4750,Coigilteoirí,,,í
4751,géine,,,ne
4752,brathadóirí,,,í
4753,gcorrán,g,corr,án
4754,mótarbhealach,,,ach
4755,parthas,,,as
4756,rialála,,,a
4757,fáltas,,,tas
4758,hálainn,h,,inn
4759,thástálacha,,,acha
4760,bhfástar,bh,,tar
4761,éifeacht,,,eacht
4762,clódóirí,,,í
4763,Aonáin,,,in
4764,spéartha,,,tha
4765,shannfaidh,,,faidh
4766,Amach,,,ach
4767,líomtáiste,,,te
4768,fháis,,,áis
4769,Aonad,,,ad
4770,Polaitíochta,,,ta
4771,cháilitheachta,,,ta
4772,Ilchraolacháin,,,in
4773,Saponis,,,is
4774,bPríomh-Chláraitheoir,b,,eoir
4775,neachothroma,,,a
4776,dangle,,,e
4777,ghnóthófar,,,ófar
4778,ngéarchéim,n,,im
4779,comhghuaillíochta,,comh,ta
4780,gceardlann,g,,lann
4781,hIonstraime,h,,e
4782,cionúire,,,ire
4783,Bharócach,,,ach
4784,déanfa,,dé,a
4785,astaróideach,,as,óideach
4786,Chéadchéime,,,e
4787,máinliaigh,,,aigh
4788,intriailte,,in,te
4789,Difriúil,,,úil
4790,Deannaigh,,,aigh
4791,Larne,,,ne
4792,diúscróra,,,ra
4793,iascairea,,,a
4794,Fheidhmeannacht,,,acht
4795,leithscaradh,,,radh
4796,só-ghineacht,,,eacht
4797,fionnuisceteaghlach,,,ach
4798,bhfondúireachtaí,bh,fo,taí
4799,gcomhartha,g,comh,tha
4800,óige,,,e
4801,t-ionstraim,t-,ion,aim
4802,conarthach,,,ach
4803,náirítear,,,ítear
4804,mana,,,na
4805,seachfhoinsiú,,,iú
4806,pleanála,,,a
4807,Breathnóir,,,óir
4808,d'oibríocht,d',,íocht
4809,cailciam,,cailc,iam
4810,Grinnfhiosrúchán,,,án
4811,turas,t,,as
4812,phacáistithe,,,ithe
4813,hopaí,h,,aí
4814,dífhoirmiú,,dí,iú
4815,Comhreathach,,,ach
4816,comrádaithe,,,aithe
4817,Liúntaísí,,,í
4818,Ilseirbhísí,,,í
4819,íosluchtú,,íos,ú
4820,Gairmoideachais,,,ais
4821,bhearna,,,na
4822,Íoslainn,,,inn
4823,dianghluaiseacht,,dia,eacht
4824,thuairiscítear,,,ítear
4825,príomh-innealltóir,,príomh,tóir
4826,chothabhála,,,a
4827,gcúlchiste,g,cúl,te
4828,Críochnaíonn,,,aíonn
4829,féin-foirceannadh,,féin,adh
4830,fhrithpháirtigh,,,tigh
4831,airne-chumhraithe,,,aithe
4832,bainistí,,bain,tí
4833,gcaitheamh,g,,amh
4834,Sheinn,,,inn
4835,réiteoirí,,ré,í
4836,Bradáin,,,in
4837,gCáin,g,,in
4838,n-ionsaithe,n-,ion,aithe
4839,Reachtach,,,ach
4840,Athshondais,,,ais
4841,American_Bridge,,,e
4842,Maointe,,,te
4843,eifidrín,,,ín
4844,ísle,,,e
4845,leictrimheicniúla,,leictri,a
4846,mhian,,,an
4847,fhoirceanta,,,ta
4848,Melbourne,,,ne
4849,nóiminiúil,,,úil
4850,bhfostaithe,bh,fo,aithe
4851,cóipeáil,,,áil
4852,comhdhlúite,,comh,te
4853,líomhainte,,,te
4854,fothain,,fo,in
4855,ceannaíochta,,ceann,ta
4856,caithfeadh,,,eadh
4857,tairsí,t,,í
4858,seónna,,,na
4859,cinneadh,,cinn,eadh
4860,dhíolaim,,,aim
4861,mhuicfheola,,,a
4862,Cumhdaigh,,,aigh
4863,meastacháin,,,in
4864,uilechuimsitheach,,uile,each
4865,Ribín,,,ín
4866,gceanglófaí,g,,ófaí
4867,Cailiuchain,,,in
4868,fhadhbanna,,,anna
4869,calórach,,,ach
4870,bhéile,,,e
4871,Spesialta,,,ta
4872,d'fhoirfheidhmiú,d',,iú
4873,radaithe,,rada,aithe
4874,Scrúdaítear,,,ítear
4875,léasaí,,,aí
4876,iargúlta,,iar,ta
4877,nea-láithreacht,,,eacht
4878,líomhaintí,,,tí
4879,lánais,,,ais
4880,samplacha,,,acha
4881,chánachas,,,achas
4882,bPoitigéirí,b,,í
4883,fuirmeacha,,,eacha
4884,cairdeolaí,,,aí
4885,Bealtaine,,,ne
4886,cairdiúlacht,,,acht
4887,bhallpháirtithe,,,ithe
4888,tsealbhaire,t,,aire
4889,déarfar,,dé,far
4890,Sliema,,,a
4891,caomhnúcháin,,,in
4892,lamháladh,,,adh
4893,chorpas,,,as
4894,Tacú,,,ú
4895,haosú,h,,ú
4896,ardráta,,ard,ta
4897,Cúlchiste-Soladach,,,ach
4898,Uibheacha,,,eacha
4899,impróir,,im,óir
4900,chomhnaí,,,aí
4901,Shúilleabháin,,,in
4902,roghain,,ro,in
4903,Áireoidh,,,idh
4904,ligfear,,,fear
4905,aníos,,an,íos
4906,Cinn,,,inn
4907,cailín,,,ín
4908,deachúlacha,,dea,acha
4909,hinfheistíocht,h,in,íocht
4910,marcálta,,,ta
4911,d'fhodhlíthe,d',,the
4912,Cuirte,,,te
4913,haisghabhála,h,ais,a
4914,cócaireán,,,eán
4915,Bodicea,,,a
4916,áirgiúlacht,,,acht
4917,hathbhreithnithe,h,ath,ithe
4918,Lóistíocht,,,íocht
4919,cruinne,,,ne
4920,bhforchuirtear,bh,for,ear
4921,Siniú,,,iú
4922,Buille,,,e
4923,comhphróiseas,,comh,eas
4924,léirítí,,,ítí
4925,thrasnú,,,ú
4926,trasbhealaí,,tras,aí
4927,dhlítheanaigh,,,aigh
4928,míondíola,,mí,a
4929,n-athdhúichiú,n-,ath,iú
4930,iamh,,,amh
4931,roinne,,ro,ne
4932,TurasÃ3ireachta,,,ta
4933,bhFáilí,bh,,í
4934,Íoslódáilí,,,í
4935,bpríomhghnéithe,b,príomh,ithe
4936,d'fheachtas,d',,tas
4937,PowerPáirtí,,,tí
4938,bróicéireachta,,,ta
4939,céadna,,céad,na
4940,rothra,,ro,ra
4941,Inghlacthacht,,,acht
4942,caibidlí,,,í
4943,cúpóin,,,in
4944,tsúil,t,,úil
4945,eagraigh,,,aigh
4946,ghearra,,,ra
4947,dtráthanna,d,,anna
4948,ghlaisála,,,a
4949,chruthanna,,,anna
4950,Achtanna,,,anna
4951,chosúlacht,,,acht
4952,líonléitheoir,,,eoir
4953,charthanacht,,,acht
4954,acusan,,,san
4955,mhórthonnáiste,,,te
4956,neamhchaighdeánacha,,neamh,acha
4957,húsáitear,h,,ear
4958,Síceolaí,,,aí
4959,forásach,,for,ach
4960,dabhachán,,,achán
4961,para,,,ra
4962,ortsa,,,sa
4963,mhalairtiú,,,iú
4964,bhialann,,,lann
4965,Réada,,,da
4966,Harris,,,is
4967,bhrú-scaoileadh,,,eadh
4968,Absalóideach,,,óideach
4969,píosaí,,,aí
4970,atrátha,,,tha
4971,gníomhaireacht,,,eacht
4972,fhrithdhílse,,,se
4973,shaineolaí,,,aí
4974,cuntasacht,,,acht
4975,hÚMEanna,h,,anna
4976,chara,,,ra
4977,chodarsnacht,,,acht
4978,suimithe,,,ithe
4979,chompordach,,,ach
4980,ceannasach,,ceann,ach
4981,saincheisteanna,,sain,eanna
4982,chlúmhilltigh,,,tigh
4983,Bahámaí,,,aí
4984,Casacht,,,acht
4985,2-méadar,,,méadar
4986,eidhneán,,,eán
4987,ilchodaigh,,il,aigh
4988,fhorordaithe,,,aithe
4989,Malartú,,,ú
4990,mionnaí,,mion,aí
4991,sheolfar,,,far
4992,Íoca,,,a
4993,laigí,,,igí
4994,chríochnaiteach,,,each
4995,tugtar,t,,tar
4996,fúinn,,,inn
4997,Mhíchumas,,,as
4998,tomhaiseanna,t,,eanna
4999,haturnae,h,,e
5000,toscaireacht,t,,eacht
5001,Comhachtanna,,,anna
5002,thábhachtacha,,,acha
5003,cumhdaigh,,,aigh
5004,dínádúróir,,dí,óir
5005,spíosa,,,sa
5006,Oileán,,,eán
5007,infheidhmeachta,,in,ta
5008,dteorannú,d,teo,ú
5009,dhófaidh,,,faidh
5010,mion-fháltais,,mion,ais
5011,fhéiceáil,,,áil
5012,Mhacasamhlú,,,ú
5013,ceannoifigí,,ceann,igí
5014,víreolaíocht,,,aíocht
5015,gceapfar,g,,far
5016,nguais,n,,ais
5017,Fíoraigh,,,aigh
5018,leabharliostaí,,,taí
5019,chumarsáide,,,e
5020,nAirí,,,í
5021,peataí,,,taí
5022,foscaidh,,fo,aidh
5023,Uaine,,,ne
5024,nichurtha,,,tha
5025,colláis,,,áis
5026,Diúltaímid,,,aímid
5027,Díospóide,,,e
5028,neamh-silicone,,neamh,ne
5029,meáin,,,in
5030,niú,,,iú
5031,Fheistí,,,tí
5032,déileáladh,,dé,adh
5033,gcuidíonn,g,,íonn
5034,shortáil,,,áil
5035,Cnámha,,,a
5036,phríomhscannán,,,án
5037,Mhacadóin,,,in
5038,Bhaineann,,,eann
5039,Chaisleáin,,,in
5040,caomhnóir,,,óir
5041,diverse,,,se
5042,náirithíonn,,,íonn
5043,Thíos,,,íos
5044,fo-iarsmaí,,fo,aí
5045,gCeanada,g,,da
5046,bliain,,,in
5047,iasachta,,,ta
5048,Státchiste,,,te
5049,háirmhíodh,h,,íodh
5050,dtairbhíonn,d,,íonn
5051,radio-theileagrafíochta,,,ta
5052,Mainneachtain,,,in
5053,craoltóra,,,ra
5054,aeraspáis,,aera,áis
5055,mhionscála,,,a
5056,gcinneadh,g,cinn,eadh
5057,mbreosla,m,,a
5058,dronuilleogacha,,,acha
5059,Ordaithe,,,aithe
5060,comhchomhairle,,comh,e
5061,foghabhálacha,,fo,acha
5062,Comhroghnaítear,,,ítear
5063,Trédhearcacht,,,arcacht
5064,íocadh,,,adh
5065,mhine,,,ne
5066,comórtasach,,,ach
5067,bhuan-fhostaithe,,,aithe
5068,earcóirí,,,í
5069,maisiúla,,,a
5070,malartófar,,,ófar
5071,Sholáthraigh,,,aigh
5072,Ceangailte,,,te
5073,Taisce,,,e
5074,Rúis,,,is
5075,gcuntar,g,,tar
5076,fhorlíonta,,,ta
5077,D'aithin,D',aith,in
5078,liathróidí,,,í
5079,áirmheofar,,,far
5080,chomhbheartas,,,tas
5081,Alvegia,,,ia
5082,príomha,,príomh,a
5083,Fhorálacha,,,acha
5084,meicniúla,,,a
5085,caibidlíocht,,,íocht
5086,timpistí,t,,tí
5087,imcheimniúcháin,,im,in
5088,leathstad,,leath,ad
5089,neodróin,,neo,in
5090,dteachtfaidh,d,,faidh
5091,gléasanna,,,anna
5092,chumasú,,,ú
5093,Eadaigh,,,aigh
5094,brónna,,,na
5095,treoróidh,,,óidh
5096,Aturnaetha,,,tha
5097,dtomhaltán,d,,án
5098,gcúis,g,,is
5099,fheirmeoirí,,,í
5100,leigeann,,,eann
5101,deascadh,,dea,adh
5102,dhaingneoidh,,,idh
5103,Déirithe,,,ithe
5104,Quinn,,,inn
5105,meargánta,,,ta
5106,hArdeaglaise,h,,se
5107,seirbheálfaí,,,aí
5108,theage,,,e
5109,Éanna,,,anna
5110,meghabiskan,,,an
5111,píb-líne,,,ne
5112,fhíseán,,,eán
5113,trópaiceacha,,,eacha
5114,Spáráil,,,áil
5115,misinéirí,,,í
5116,liricí,,,í
5117,corpraíodh,,,íodh
5118,tráthrialta,,,ta
5119,onnmhuiriucháin,,,in
5120,mótarchánach,,,ach
5121,gcuimsítear,g,,ítear
5122,uisce-dhíonacha,,,acha
5123,Inneallghluaiste,,,te
5124,Tagraítear,,,ítear
5125,mór-imeachtaí,,mór,taí
5126,neamhumhlóid,,neamh,óid
5127,hIarrataí,h,,taí
5128,comhfhreagrach,,comh,ach
5129,ciseán,,,eán
5130,plugáilte,,,te
5131,sorcóir,,so,óir
5132,fhaiche,,,e
5133,Melaleuca,,,a
5134,cneasaithe,,,aithe
5135,Sheas,,,eas
5136,neamhchreidmheasa,,neamh,sa
5137,Meáchain,,,in
5138,bhinsí,,,í
5139,ardbhrú,,ard,ú
5140,suíochánra,,,ra
5141,obháideacha,,,eacha
5142,fhormheasfas,,,fas
5143,Riarthóir,,,thóir
5144,mamaigh,,,aigh
5145,Gloiní,,,í
5146,nuachóirithe,,nua,ithe
5147,4ú,,,ú
5148,gcustaiméirí,g,,í
5149,shnáithe,,,ithe
5150,sraitheacha,,,eacha
5151,daingníodh,,,íodh
5152,fealsúnach,,,ach
5153,mheanma,,,a
5154,héadan,h,éa,an
5155,tuilte,t,,te
5156,iarrfar,,iar,far
5157,Díchumasaigh,,,aigh
5158,Díolmhófar,,,ófar
5159,táibléad,t,,éad
5160,neamh-inslithe,,neamh,ithe
5161,lánaimseartha,,,tha
5162,ceannaíocht,,ceann,aíocht
5163,Ághais,,,ais
5164,ruithniúcháin,,,in
5165,soláthraítear,,so,ítear
5166,deirtear,,,ear
5167,Maidne,,,ne
5168,colann,,,lann
5169,bhinn,,,inn
5170,bhrostú,,,ú
5171,thrialaigh,,,aigh
5172,Triamterene,,,ne
5173,Druidim,,,im
5174,Aontaithe,,,aithe
5175,chomlíonfaidh,,,faidh
5176,gúnaí,,,aí
5177,liotúirge,,,e
5178,Oibriúcháin,,,in
5179,Ghnóthú,,,ú
5180,muileanndamba,,,a
5181,Dréachtóidh,,,óidh
5182,dhíobhálú,,,ú
5183,maoirseahta,,,ta
5184,Uachtaraighe,,,e
5185,chánach,,,ach
5186,náisiúntachtaí,,,taí
5187,Tarchurtha,,,tha
5188,Dliteanais,,,ais
5189,Príomh-Fheidhmeannach,,,ach
5190,ghabhtar,,,tar
5191,dhírialáil,,,áil
5192,thaibhsí,,,í
5193,haithníodh,h,aith,íodh
5194,comhinfheistíochta,,comh,ta
5195,phráinnigh,,,igh
5196,tsean-choróinchíos,t,,íos
5197,ard-chumhachta,,ard,ta
5198,d'uigeachtaí,d',,taí
5199,taobhlach,t,,ach
5200,daille,,,e
5201,phiocadh,,,adh
5202,fhichiú,,,iú
5203,doiléireachta,,do,ta
5204,Luisa,,,sa
5205,shnasú,,,ú
5206,Sceidealacha,,,acha
5207,Clárú-chruthú,,,ú
5208,Samhain,,,in
5209,mbreithiúna,m,,na
5210,sár-iarracht,,sár,acht
5211,Sanka,,,a
5212,tharraingteach,,,each
5213,fhéiniúlacht,,,acht
5214,ballapháipéir,,,éir
5215,Fa,,,a
5216,thógainte,,,te
5217,Iomlán,,,án
5218,díshealbhú,,dí,ú
5219,sruthchúrsa,,,sa
5220,úsáidfar,,,far
5221,thonna,,,na
5222,Éigin,,,gin
5223,colúin,,,in
5224,thromaí,,,aí
5225,thortanna,,,anna
5226,trasatlantacha,,tras,acha
5227,Ard-beachtais,,,ais
5228,imoibriú,,im,iú
5229,dtéigheann,d,,eann
5230,n-eireoidh,n-,,idh
5231,áitreibh,,,ibh
5232,Beartaithe,,,aithe
5233,Costaisí,,,í
5234,Near,,,ear
5235,hardcore,h,ard,e
5236,Phríomh-Chiste,,,te
5237,Ilchreidmheach,,,each
5238,asaithe,,as,aithe
5239,dea-eitleoireacht,,dea,eacht
5240,cuairteanna,,,eanna
5241,hÉireann,h,,eann
5242,Críochnófar,,,ófar
5243,chomhéadan,,,an
5244,Tuarascálacha,,,acha
5245,athláimhe,,ath,e
5246,chomhaontófar,,,ófar
5247,infheidhmithe,,in,ithe
5248,Uachtaraí,,,aí
5249,mianach,,,ach
5250,breac-dhífhostaíocht,,breac,aíocht
5251,íosta,,íos,ta
5252,ghlacann,,,ann
5253,taifeadta,t,,ta
5254,poirceallán,,,án
5255,pheirspictíocht,,,íocht
5256,urraim,,ur,aim
5257,cionroinneadh,,,eadh
5258,póna,,,na
5259,oilte,,,te
5260,t-easnamh,t-,eas,amh
5261,Tarraingíodh,,,íodh
5262,fiaclóireachta,,fia,ta
5263,Dea-Coileach,,,each
5264,Máithreacha,,,eacha
5265,Insamhlóir,,,óir
5266,Fuaimniú,,,iú
5267,Slainte,,,te
5268,potais,,,ais
5269,oileadh,,,eadh
5270,bhána,,,na
5271,m'íocaíocht,,,aíocht
5272,Teicniúil,,,úil
5273,mhí,,,í
5274,gcreidiúint,g,,úint
5275,có-dhéanta,,,ta
5276,fíona,,,na
5277,Maoirsithe,,,ithe
5278,iar-réamhainmneacha,,iar,eacha
5279,ard-choitianta,,ard,ta
5280,an-ionadh,,an,adh
5281,theicniúil,,,úil
5282,Gléasanna,,,anna
5283,fhioscach,,,ach
5284,manach,,,ach
5285,Ghearmánacha,,,acha
5286,corrlach,,corr,ach
5287,athghiniúint,,ath,úint
5288,dteangacha,d,,acha
5289,d'fheistiú,d',,iú
5290,chomhchónaitheoir,,,eoir
5291,bhiteicneolaíocht,,,aíocht
5292,léirmheastóireacht,,,eacht
5293,stóirín,,,ín
5294,Mhórbhóithre,,,e
5295,dáiríre,,dá,e
5296,ath-ordú,,ath,ú
5297,tOllamh,t,,amh
5298,fheictear,,,ear
5299,t-achomharcóir,t-,,óir
5300,páirtnéara,,páirt,ra
5301,hAthruithe,h,,ithe
5302,D'fhoghlaim,D',,aim
5303,t-aonad,t-,aon,ad
5304,dtuigfeadh,d,,eadh
5305,Stalingrad,,,ad
5306,láidir-amuigh,,,igh
5307,Locadh,,,adh
5308,fheabhsaithe,,,aithe
5309,hallmhairí,h,,í
5310,inghairthe,,in,the
5311,aeroibrithe,,aer,ithe
5312,phíopaí,,,aí
5313,phríomhfheidhmeannaigh,,,aigh
5314,taisligh,t,tais,igh
5315,dhearcaí,,,aí
5316,consighníodh,,,íodh
5317,séarachas,,,achas
5318,gclófar,g,,ófar
5319,roimh-shealbhadóir,,ro,adóir
5320,Aithrisíonn,,,íonn
5321,n-airbheartaíonn,n-,,aíonn
5322,ilchríochach,,il,ach
5323,chompánach,,,ach
5324,Skłodowska-Curie,,,e
5325,Chlós,,,ós
5326,fionnachtana,,,na
5327,guaillí,,,í
5328,gcalaois,g,,is
5329,Excise,,,se
5330,scarráil,,,áil
5331,bainim,,bain,im
5332,Dúnadóir,,,adóir
5333,pailéad,,pailé,éad
5334,ndeonaítear,n,,ítear
5335,Láithreacht-feabhsaithe,,,aithe
5336,oslódáil,,os,áil
5337,cairte,,,te
5338,fornáisiúnta,,for,ta
5339,údáilte,,,te
5340,neamhdhleathacha,,neamh,acha
5341,Mhoncaí,,,aí
5342,hinniúlacht,h,in,acht
5343,Scagdhealú,,,alú
5344,phríobhaideachas,,,achas
5345,Andóra,,,ra
5346,hästdelägare,,,e
5347,dtomhaltóirí,d,,í
5348,ciontóir,,,tóir
5349,maidine,,,ne
5350,páirtnéireachtaí,,páirt,taí
5351,Aclaíocht,,,aíocht
5352,tosnú,t,,ú
5353,gcumhachtú,g,,ú
5354,tuisceana,t,,na
5355,As-Cúrsa,,,sa
5356,tancanna,t,,anna
5357,forchoimeádais,,for,ais
5358,neamhábalta,,neamh,ta
5359,scuipéara,,,ra
5360,fraochán,,,án
5361,impire,,im,ire
5362,mholfaimis,,,imis
5363,n-iniúchadh,n-,in,adh
5364,salicin,,,in
5365,d'fhorleathnú,d',,ú
5366,brúigh,,,igh
5367,Cheannuitheach,,,each
5368,infhaighteacht,,in,eacht
5369,fheabhsúcháin,,,in
5370,píopaí,,,aí
5371,geall-phaideanna,,,eanna
5372,dTosach,d,,ach
5373,cúntach,,,ach
5374,n-oideachasóirí,n-,,í
5375,phríomhoidí,,,í
5376,Liteartha,,,tha
5377,cheartanna,,,anna
5378,Cócaráil,,,áil
5379,litriú,,,iú
5380,narrativa,,,a
5381,gciallaíonn,g,,aíonn
5382,comhoibríocha,,comh,a
5383,comhaiseacha,,comh,eacha
5384,druimáil,,,áil
5385,leathnuithe,,leath,ithe
5386,mheascán,,,án
5387,Céad,,,éad
5388,abairtí,,,tí
5389,Chaiteachas,,,achas
5390,hordacháin,h,,in
5391,tairisgintí,t,,tí
5392,comhchórais,,comh,ais
5393,faighteoirí,,,í
5394,d'fhéastaí,d',,taí
5395,Sanatoria,,,ia
5396,mairfidh,,,fidh
5397,chalaoiseach,,,each
5398,thréineáil,,,áil
5399,Méide,,,e
5400,éagumais,,éa,ais
5401,Athsheiceáil,,,áil
5402,forbróir,,for,óir
5403,inspéise,,in,se
5404,próisisín,,,ín
5405,Leasaitheoirí,,,í
5406,Phoblacht,,,acht
5407,earrach-bhunúsach,,,ach
5408,Cúnta,,,ta
5409,fhorbhia,,,ia
5410,osclaíodh,,os,íodh
5411,follasach,,fo,ach
5412,áirmhithe,,,ithe
5413,chruinnigh,,,igh
5414,fichiú,,,iú
5415,caocha,,,a
5416,Redhead,,,ad
5417,bhfearann,bh,fear,ann
5418,réamhbhearta,,réamh,ta
5419,Móraonach,,,ach
5420,Féin,,,éin
5421,Bhuan-Orduithe,,,ithe
5422,mb'ionann,m,,ann
5423,Fhine,,,ne
5424,mailíseach,,,each
5425,bhunaitheoir,,,eoir
5426,áireoidh,,,idh
5427,beag-sreabhach,,beag,ach
5428,heisiúint,h,eisi,úint
5429,7-9-ú,,,ú
5430,easpach,,eas,ach
5431,hearcú,h,,ú
5432,mhacasamhail,,,amhail
5433,vacsaínithe,,,ithe
5434,Chuma,,,a
5435,Ardluais,,,ais
5436,góchumtha,,,tha
5437,gcónaí,g,,aí
5438,Giúise,,,se
5439,creamadh,,,adh
5440,deataíodh,,dea,íodh
5441,leigfí,,,fí
5442,mhílíste,,,te
5443,ndíbhfidh,n,dí,fidh
5444,Bhagóid,,,óid
5445,páirithe,,,ithe
5446,próiseála,,,a
5447,Seiceáil,,,áil
5448,GCUInna,,,na
5449,turgabhála,t,,a
5450,chrúiscín,,,ín
5451,bhréatha,,,tha
5452,gcliantanna,g,,anna
5453,bréifneach,,,each
5454,d'oidhreacht,d',,eacht
5455,síciatrach,,síci,ach
5456,éifeachtúla,,,a
5457,Cuirimid,,,imid
5458,d'eolas,d',eo,as
5459,ciúine,,,ne
5460,Iarmhairtí,,,tí
5461,imghabhála,,im,a
5462,Chokwe,,,e
5463,airleactha,,,tha
5464,chomhdháil,,,áil
5465,Ullmhú,,,ú
5466,Nua-Theangacha,,,acha
5467,críochnaímid,,,aímid
5468,charnadh,,,adh
5469,Makka,,,a
5470,flótaí,,,taí
5471,Ainneoin,,,in
5472,gloine-snáithín,,,ín
5473,meicníochtaí,,,taí
5474,tobann,t,,ann
5475,Éalú,,,alú
5476,mionfháltais,,mion,ais
5477,t-innealra,t-,in,ra
5478,Marcóirí,,,í
5479,mhias,,,as
5480,Nanomicelle,,,e
5481,bhratach,,,ach
5482,Iodáilis,,,is
5483,péire,,,ire
5484,bhaintear,,,ear
5485,chomhairligh,,,igh
5486,shíneofar,,,far
5487,Máighe,,,e
5488,Fhinne,,,ne
5489,gcúrsa,g,,sa
5490,suntas,,,tas
5491,suiteála,,,a
5492,comhdhlúthú,,comh,ú
5493,phríobháideacha,,,eacha
5494,Chóireála,,,a
5495,t-infheistiú,t-,in,iú
5496,again,,,in
5497,hionstruim,h,ion,im
5498,Meaisín,,,ín
5499,fhorluchtú,,,ú
5500,fhormheasann,,,ann
5501,diarioas,,dia,as
5502,bpaicéad,b,,éad
5503,coillearnach,,,ach
5504,Dhírigh,,,igh
5505,deilfeanna,,,eanna
5506,dhealrós,,,ós
5507,ró-eaglach,,ró,ach
5508,Caomhantais,,,ais
5509,sárú,,sár,ú
5510,Beannaithe,,,aithe
5511,iníonacha,,in,acha
5512,héasúinte,h,éa,te
5513,Folúntas,,,tas
5514,cúiseanna,,,eanna
5515,thionscain,,,in
5516,príomh-aireagán,,príomh,agán
5517,29-bliain,,,in
5518,horduíodh,h,,íodh
5519,luachan,,,chan
5520,lánchomhaltaí,,,taí
5521,hábharthacht,h,,acht
5522,Físe,,,se
5523,fhionraí,,,aí
5524,chartlainne,,,ne
5525,Iad,,,ad
5526,nearraí,,,aí
5527,Neamh-tocsaineach,,,each
5528,hEamhain,h,,in
5529,t-eolas,t-,eo,as
5530,Éifeachtaí,,,taí
5531,Fáinní,,,í
5532,ireannach,,,ach
5533,Fhilleadh,,,eadh
5534,chiallaigh,,,aigh
5535,Liotuáine,,,ne
5536,chumadh,,,adh
5537,Shannta,,,ta
5538,gCiníochas,g,,as
5539,thoimhdítear,,,ítear
5540,fho-roinn,,,inn
5541,shealbhóidh,,,óidh
5542,thairbhiúil,,,úil
5543,Speiceas,,,eas
5544,Inphriontáilte,,,te
5545,comhionannas,,comh,as
5546,Gearrthéarmach,,,ach
5547,léinn,,,inn
5548,shláine,,,ne
5549,sláinte,,,te
5550,chreidmheas,,,eas
5551,Breathnadóirí,,,í
5552,só-chaighdeán,,,eán
5553,bhfuinneog,bh,,eog
5554,caithfidh,,,fidh
5555,ceartaigh,,,aigh
5556,leamhain,,,in
5557,chéannú,,,ú
5558,nDochtúirí,n,,í
5559,poncaíochta,,,ta
5560,toirchiú,t,,iú
5561,Tuigtear,,,ear
5562,Brathadóir,,,adóir
5563,d'fhostaíocht,d',,aíocht
5564,tionónta,t,,ta
5565,stoirmeacha,,,eacha
5566,sean-fhostaidhe,,sean,aidhe
5567,cógaseolaíochta,,,ta
5568,Réin-Main,,,in
5569,Liachta,,,ta
5570,neamhspléach,,neamh,ach
5571,Bríce,,,e
5572,fíor-miracle,,fíor,e
5573,muilinn,,,inn
5574,Cumarsáide,,,e
5575,Chadáis,,,áis
5576,éadaigh,,éa,aigh
5577,athsceidealú,,ath,alú
5578,fho-choistí,,,tí
5579,neamh-chaighdeánach,,neamh,ach
5580,fhormhuinithe,,,ithe
5581,meitibileacht,,meiti,eacht
5582,Europea,,,a
5583,mheascadh,,,adh
5584,Éileamh,,,amh
5585,Infhostaitheachta,,,ta
5586,tSrutháin,t,,in
5587,coinbhinseanúla,,,a
5588,Dronuilleogach,,,ach
5589,ceangaltar,,,tar
5590,daithte,,,te
5591,Neantóige,,,e
5592,urscaoilfidh,,ur,fidh
5593,Cailleann,,,eann
5594,críche,,,e
5595,duánacha,,,acha
5596,mahagaine,,,ne
5597,d'Achta,d',,ta
5598,nglaochanna,n,,anna
5599,debentiúirí,,,í
5600,Gabhadh,,,adh
5601,inmheánaigh,,in,aigh
5602,Éisteacht,,,eacht
5603,neamhchónaitheacha,,neamh,eacha
5604,casúr,,,úr
5605,oibreoir,,,eoir
5606,gnáthuaireanta,,gnáth,ta
5607,dtuarascálacha,d,,acha
5608,Tréithe,,,ithe
5609,Cabhrach,,,ach
5610,leorráta,,,ta
5611,ionchúisítear,,ion,ítear
5612,mí-mheabhracha,,mí,acha
5613,maighdean,,,an
5614,Fillteán,,,eán
5615,Hiodrálacha,,,acha
5616,bhonnlínte,,,te
5617,prímhfhéicheamh,,,amh
5618,coigríche,,,e
5619,cluasa,,cluas,sa
5620,Meicníocht,,,íocht
5621,ghaelscolaíocht,,,aíocht
5622,aerárthaí,,aer,aí
5623,Iascach,,,ach
5624,ghabhálais,,,ais
5625,stumpaí,,,aí
5626,iniúchóir,,in,óir
5627,chúlghairfear,,,fear
5628,scáthanna,,,anna
5629,ísealchríocha,,,a
5630,phríosúnach,,,ach
5631,d'orduithe,d',,ithe
5632,primulas,,,as
5633,theagmháil,,,áil
5634,tiachóga,t,,ga
5635,comh-aireachta,,comh,ta
5636,Teacht,,,eacht
5637,eagla,,,a
5638,n-éistfear,n-,,fear
5639,seamhan,,,an
5640,ngnóthas,n,,as
5641,mianadóireacht,,,eacht
5642,shiarghabhálach,,,ach
5643,scaipeadh,,,eadh
5644,shintéis,,,is
5645,múiscnimheanna,,,eanna
5646,5-meántréimhse,,,se
5647,Fhealsúnaí,,,aí
5648,cúinse,,,se
5649,toghchán,t,,án
5650,seachfhreastalaí,,,aí
5651,earcú,,,ú
5652,clú,,,ú
5653,ailtireacht,,,eacht
5654,Marguithe,,,ithe
5655,sanaithnítear,,,ítear
5656,Iarmhartach,,,ach
5657,athfhorbartha,,ath,tha
5658,fhailleoidh,,,idh
5659,suidheamh,,,amh
5660,buanscéim,,buan,im
5661,chóliona,,,na
5662,scrolla,,,a
5663,forchoimeádfar,,for,far
5664,bhfinnéithe,bh,,ithe
5665,rithte,,,te
5666,comhbhrúite,,comh,te
5667,bhallghnólacht,,,acht
5668,nDroichead,n,,ad
5669,bhfaghaidh,bh,,aidh
5670,fheirmeoireachta,,,ta
5671,coipe,,,e
5672,sheirbhísiú,,,iú
5673,príomhdhualgas,,príomh,as
5674,meirgí,,,í
5675,réamhthoghcháin,,réamh,in
5676,hainmníochtaí,h,ain,taí
5677,ghnáthsheoladh,,,adh
5678,Ionstraimeachtaí,,,taí
5679,hidrileictreach,h,hidri,each
5680,Fenerbahçe,,,e
5681,Fosfáit,,,áit
5682,gcomhcheangailte,g,comh,te
5683,macasamhail,,,amhail
5684,Slánlusanna,,,anna
5685,Cuairteoirí,,,í
5686,mí-oiriúnach,,mí,ach
5687,Again,,,in
5688,allmhairítear,,,ítear
5689,Socraíodh,,,íodh
5690,Fógraítear,,,ítear
5691,staidreamh,,,amh
5692,Breithníonn,,,íonn
5693,dteistiméireacht,d,,eacht
5694,clear,,,ear
5695,foirceann,,fo,eann
5696,gcáis,g,,áis
5697,seamaithe,,,aithe
5698,dtogróidh,d,,óidh
5699,Fionlainne,,,ne
5700,Leagfaidh,,,faidh
5701,tráchtais,,,ais
5702,Iasachta,,,ta
5703,thitfidh,,,fidh
5704,Uimhreacha,,,eacha
5705,sásúla,,,a
5706,Feidhmiuchain,,,in
5707,Sainaithneofar,,,far
5708,géire,,,ire
5709,aisghabhála,,ais,a
5710,cheapadh,,,adh
5711,dhíolúine,,,ne
5712,neamhéifeachtúil,,neamh,túil
5713,treoluas,,,as
5714,bpáirtíocht,b,páirt,íocht
5715,tréigin,,tré,gin
5716,dreidireacht,,,eacht
5717,neamhphearsanta,,neamh,ta
5718,babhtála,,,a
5719,ngobhanna,n,,anna
5720,aoldathú,,,ú
5721,vótálfaidh,,,faidh
5722,ghreamú,,,ú
5723,pinsean,,,sean
5724,frásaí,,,aí
5725,cháilitheach,,,each
5726,n-infheistíocht,n-,in,íocht
5727,athairgeadaithe,,ath,aithe
5728,Geyve,,,e
5729,síoróipe,,síor,e
5730,príomhaigh,,príomh,aigh
5731,Mhínealaín,,,ín
5732,smachtbhanna,,,anna
5733,Eangach,,,ach
5734,iarraidh,,iar,aidh
5735,éilíonn,,,íonn
5736,chapaillíní,,,í
5737,Úcráin,,,in
5738,crocosmia,,,ia
5739,saorghluaiseachta,,,ta
5740,freasabhra,,,ra
5741,dhlíthe,,,the
5742,ainmhidhe,,ain,idhe
5743,Kazanova,,,a
5744,Díolúine,,,ne
5745,fhorbróirí,,,í
5746,aontaobhach,,aon,ach
5747,fhínnithe,,,ithe
5748,stralucirea,,,a
5749,comhardaithe,,comh,aithe
5750,Teachtaí,,,taí
5751,phinsinéirí,,,í
5752,sábháilteachta,,,ta
5753,reacht-shaoirse,,,se
5754,gáinneála,,,a
5755,dea-cháilíochta,,dea,ta
5756,Comhthimpeallach,,,ach
5757,gcomhallann,g,comh,lann
5758,idirmhódúil,,idir,úil
5759,athbhreithneoidh,,ath,idh
5760,geomhlíontar,,geo,tar
5761,Eistfidh,,,fidh
5762,neamhcheadaithe,,neamh,aithe
5763,seribhíse,,,se
5764,Cheatharlach,,,ach
5765,ansin,,an,in
5766,ainhidriúil,,ain,úil
5767,teaghráin,t,,in
5768,aistritheora,,ais,ra
5769,shainsiléir,,,éir
5770,cultúr,,,úr
5771,fhéideacha,,,eacha
5772,básanna,,,anna
5773,hordachán,h,,achán
5774,glacfar,,,far
5775,contaebhuirgí,,,í
5776,gcéad-torthaí,g,céad,aí
5777,ainmhí,,ain,í
5778,Eireannacha,,,acha
5779,leathnóidh,,leath,óidh
5780,neamhfhabhtaithe,,neamh,aithe
5781,Chomhdhéanta,,,ta
5782,altóir,,,tóir
5783,shú,,,ú
5784,stumpáil,,,áil
5785,íonú,,,ú
5786,mbása,m,,sa
5787,fhíona,,,na
5788,Díolphointe,,,te
5789,fhrithstatach,,,ach
5790,Mheánmhéide,,,e
5791,ghlansócmhainní,,,í
5792,fuinseog,,,eog
5793,t-arrachtach,t-,,ach
5794,dhéanas,,,as
5795,foirfe,,fo,e
5796,cleachtóirí,,,í
5797,scoráil,,,áil
5798,ciumhsóga,,,ga
5799,dtoileoidh,d,,idh
5800,Chóta,,,ta
5801,gceannairí,g,ceann,í
5802,gcuinne,g,,ne
5803,n-áireoidh,n-,,idh
5804,threalmhú,,,ú
5805,ailléirgeach,,,each
5806,rómánsúla,,ró,a
5807,bhailíonn,,,íonn
5808,ráillí,,,í
5809,Scéimeanna,,,eanna
5810,tAontas,t,,tas
5811,ardéifeachtúlachta,,ard,ta
5812,dtagartar,d,,tar
5813,Béárla,,,a
5814,Angelika,,,a
5815,gcruthaítear,g,,ítear
5816,Bhallóide,,,e
5817,ró-thrócaireach,,ró,each
5818,comhionanna,,comh,anna
5819,Lúbhadh,,,adh
5820,sloinneadh,,,eadh
5821,leor-shocruithe,,,ithe
5822,áiritheoidh,,,idh
5823,Tharla,,,a
5824,chónasctha,,,tha
5825,innste,,in,te
5826,n-eolaíochtaí,n-,eo,taí
5827,dosháraitheacht,,do,eacht
5828,mór-ionsaitheacha,,mór,eacha
5829,láithrean,,,an
5830,bhfostaíocht,bh,fo,aíocht
5831,turasóir,t,,óir
5832,dhlí,,,í
5833,seiriceán,,,eán
5834,Dréineáil,,,áil
5835,dtithe,d,,ithe
5836,cladáilte,,,te
5837,neamhchonarthaigh,,neamh,aigh
5838,Téama,,,a
5839,ardbhainistíocht,,ard,íocht
5840,d'fháil,d',,áil
5841,Monarú,,,ú
5842,comharthú,,comh,ú
5843,cufróg,,,óg
5844,freisin,,,in
5845,nascthacht,,,acht
5846,Jabanna,,,anna
5847,Thread,,,ad
5848,Athchúrsála,,,a
5849,shiopadóireacht,,,eacht
5850,n-Yuan,,,an
5851,dtéitear,d,,ear
5852,chomhlíontar,,,tar
5853,craein,,,in
5854,shuaitheantas,,,tas
5855,téigheann,t,,eann
5856,fhada,,,da
5857,sintiúsaire,,sin,aire
5858,leachtaitheora,,,ra
5859,rollaí,,ro,aí
5860,Ceapacháin,,,in
5861,inmhianuithe,,in,ithe
5862,Tsacsain,,,in
5863,Moladh,,,adh
5864,atrialltacht,,,tacht
5865,chomhpháirtí,,,tí
5866,Raithneach,,,each
5867,gnáthchóras,,gnáth,as
5868,fhreasú,,,ú
5869,n-inseoidh,n-,in,idh
5870,Basta,,,ta
5871,meastóireachtaí,,,taí
5872,dúthaigh,,dú,aigh
5873,héilitheoir,h,héili,eoir
5874,méaróige,,,e
5875,Tirimithe,,,ithe
5876,Chomhchomhlachta,,,ta
5877,scanóirí,,,í
5878,bailiúchán,,,án
5879,Afganastánach,,,ach
5880,Ghardaí,,,aí
5881,Mheasúnacht,,,acht
5882,gceathrú,g,,ú
5883,caighdeánaighe,,,e
5884,Disléicse,,,se
5885,Gréige,,,e
5886,sclábhaithe,,,aithe
5887,Taiscéalaíochta,,,ta
5888,Fhionraí,,,aí
5889,chontrapháirtí,,,tí
5890,20ú,,,ú
5891,Bhárdas,,,as
5892,fhorthromós,,,ós
5893,rósaí,,ró,aí
5894,Seiceacha,,,eacha
5895,alternaria,,,ia
5896,Ard-Chlárathóir,,,thóir
5897,chreidfidh,,,fidh
5898,próifiolacsach,,,ach
5899,laghad,,lag,ad
5900,leanadh,,,adh
5901,mhargaidh,,,aidh
5902,prúnaí,,,aí
5903,príomhthéama,,príomh,a
5904,choireanna,,,eanna
5905,Arachais,,,ais
5906,gnáthnósanna,,gnáth,anna
5907,greamú,,,ú
5908,creidiúna,,,na
5909,Chomhlacht,,,acht
5910,tairisginte,t,,te
5911,blagairí,,,í
5912,chrann-ghrainn,,,inn
5913,Uvaria,,,ia
5914,Cheathrú,,,ú
5915,anvnvända,,an,da
5916,dhéanann,,,ann
5917,forghearradh,,for,radh
5918,ndócmhainní,n,dó,í
5919,páirtaimseartha,,páirt,tha
5920,só-ghineach,,,each
5921,shealbháin,,,in
5922,Dhomhnach,,,ach
5923,Mhaidéara,,,ra
5924,Cógaiseoirí,,,í
5925,ndambaí,n,,aí
5926,aontuíonn,,aon,íonn
5927,séarachais,,,ais
5928,leabharlanna,,,anna
5929,dócmhainneachta,,dó,ta
5930,trasnaíonn,,tras,aíonn
5931,pórú,,,ú
5932,héifeachtúlachta,h,,ta
5933,féimhigh,,,igh
5934,fostaítear,,fo,ítear
5935,Ceadúnaisí,,,í
5936,gáinneáil,,,áil
5937,breifnithe,,,ithe
5938,leas-cheann,,leas,eann
5939,Comhar,,,mhar
5940,Roimhe,,,e
5941,dumpáilte,,,te
5942,míshuaimhneas,,mí,eas
5943,tharloingsiú,,,iú
5944,DVDanna,,,anna
5945,inleagtha,,in,tha
5946,iarrtar,,iar,tar
5947,tAire,t,,ire
5948,Tábhacht,,,acht
5949,Íosluchtaigh,,,aigh
5950,Sceidealta,,,ta
5951,gcomhlachtaí,g,comh,taí
5952,hoiliúint,h,,úint
5953,dhearmad,,,ad
5954,cuairte,,,te
5955,umshábháilteacht,,,eacht
5956,inghnóthuithe,,in,ithe
5957,clársceidealú,,,alú
5958,iascaireachta,,,ta
5959,Dearbhaithe,,,aithe
5960,scuirfear,,,fear
5961,gnáthcheadúnais,,gnáth,ais
5962,marcaíocht,,,aíocht
5963,Déidliachta,,,ta
5964,Chó-aontuithe,,,ithe
5965,coimeadáin,,,in
5966,shóc-shóisialta,,,ta
5967,scroichtear,,,ear
5968,ardchomhairleoirí,,ard,í
5969,ráthaíochta,,,ta
5970,Talmhanna,,,anna
5971,maisiú,,,iú
5972,thaiscfear,,,fear
5973,géagach,,,ach
5974,astaíocht,,as,aíocht
5975,Leigheasra,,,ra
5976,fillteach,,,each
5977,chughainn,,,inn
5978,Samplacha,,,acha
5979,d'fhorcháin,d',,in
5980,Cumhdach,,,ach
5981,bandia,,ban,ia
5982,fheabhsófaí,,,ófaí
5983,sábhadh,,,adh
5984,chruthaítear,,,ítear
5985,mhíniúcháin,,,in
5986,Shlogtha,,,tha
5987,paitinte,,,te
5988,24faoin,,,in
5989,íocaíochta,,,ta
5990,Doimhneacht,,,eacht
5991,ghású,,,ú
5992,lóisteála,,,a
5993,bhlaise,,,se
5994,thrialta,,,ta
5995,tsionagóg,t,,óg
5996,gcomhiomlánófar,g,comh,ófar
5997,lánpháirtíocht,,,íocht
5998,droimneach,,,each
5999,hainmneofar,h,ain,far
6000,fáthanna,,,anna
6001,mhorgáisteora,,,ra
6002,neamhthraenáilte,,neamh,te
6003,Neamhchoimisiúnta,,,ta
6004,leoraí,,,aí
6005,bhaictéir,,,éir
6006,cruthófar,,,ófar
6007,thuiste,,,te
6008,tsochtheangeolaíocht,t,,aíocht
6009,Cúinní,,,í
6010,dífhabhtaithe,,dí,aithe
6011,Áis,,,is
6012,cúigear,,,ear
6013,n-aithníonn,n-,aith,íonn
6014,shláintíochta,,,ta
6015,gceadúnóidh,g,,óidh
6016,Eisiachtain,,,in
6017,Thoilleadh,,,eadh
6018,Choiriúla,,,a
6019,fhostú,,,ú
6020,Poiblidhe,,,idhe
6021,N-áirítear,,,ítear
6022,Plátaí,,,taí
6023,diúltuíodh,,,íodh
6024,ghlaoigh,,,igh
6025,eachtrannacha,,,acha
6026,nEarraí,,,aí
6027,séalaí,,,aí
6028,faichí,,,í
6029,bhreisluach,,,ach
6030,airbheartaíonn,,,aíonn
6031,comharthacht,,comh,acht
6032,mhothaiú,,,iú
6033,phátrúin,,,in
6034,dúbailte,,dú,te
6035,saibhre,,,e
6036,tearmann,t,,ann
6037,Breathnaíodh,,,íodh
6038,dinimiciúla,,,a
6039,mhór-oifige,,,e
6040,rialtóra,,,ra
6041,athchomhare,,ath,e
6042,dhífhostaíocht,,,aíocht
6043,D'imigh,D',im,igh
6044,Taispeána,,,na
6045,meantóirí,,,í
6046,iarrtha,,iar,tha
6047,ghléis,,,is
6048,stopallán,,,án
6049,dtrasnaíonn,d,tras,aíonn
6050,Bheaga,,,ga
6051,stádas,,,as
6052,síneann,,,eann
6053,higiméadar,h,,méadar
6054,Bancanna,,,anna
6055,caipitiúil,,,úil
6056,faidiú,,,iú
6057,ualúcháin,,,in
6058,Rataí,,,taí
6059,Heilsincí,,,í
6060,done,,do,ne
6061,fhionnfaidh,,,faidh
6062,Neamhfhoirmiúil,,,úil
6063,d'údaráis,d',,áis
6064,tiompróir,t,,óir
6065,ghnáthchónaí,,,aí
6066,tús-sásta,t,,ta
6067,d'urra,d',ur,ra
6068,dhaonna,,,na
6069,fhoirceann,,,eann
6070,n-éagóiritheoirí,n-,éa,í
6071,lascaire,,las,aire
6072,d'aistriú,d',ais,iú
6073,hiomláine,h,,ne
6074,Abhcóideacht,,,eacht
6075,miste,,,te
6076,fireanna,,,eanna
6077,lóisteáltar,,,tar
6078,nuálacha,,,acha
6079,scimeáil,,,áil
6080,sceana,,,na
6081,hUachtaránachta,h,,ta
6082,treoirphlean,,,an
6083,réadmhaoin,,réa,in
6084,lárchiste,,lár,te
6085,mheántréimhse,,,se
6086,áirítear,,,ítear
6087,déanfaidh,,dé,faidh
6088,dhiaidh,,,aidh
6089,chomhthiomsú,,,ú
6090,Súile,,,e
6091,gasra,,,ra
6092,neamhphósta,,neamh,ta
6093,folúntas,,fo,tas
6094,chomhchoiteanna,,,eanna
6095,sobermhar,,so,mhar
6096,thrasfhoirmiú,,,iú
6097,dán,,dá,án
6098,Seacht,,,eacht
6099,gcúraimí,g,,í
6100,n-chuntas,,,tas
6101,dedea-charachtar,,,tar
6102,sleamhain,,,in
6103,ionárachuithe,,ion,ithe
6104,Dhíreach,,,each
6105,La,,,a
6106,Normalú,,,alú
6107,Tumadóireachta,,,ta
6108,phearsanra,,,ra
6109,guerránach,,,ach
6110,ndóirse,n,dó,se
6111,Ghulaisteán,,,eán
6112,bharra,,,ra
6113,Thapa,,,a
6114,hiarrata,h,iar,ta
6115,saibhreas,,,eas
6116,shéalú,,,alú
6117,ndeonaidh,n,,aidh
6118,Comhaimseartha,,,tha
6119,comhchraolacháin,,comh,in
6120,cruthaithí,,,í
6121,easaontas,,eas,tas
6122,Chaipitiúla,,,a
6123,thíotáiniam,,,iam
6124,chruthófar,,,ófar
6125,ndídeanaithe,n,dí,aithe
6126,riomh-ghrinnfhiosrúcháin,,,in
6127,d'ullmhúcháin,d',,in
6128,Erika,,,a
6129,chosnófar,,,ófar
6130,slata,,,ta
6131,croí-foirne,,,ne
6132,inmharthanacht,,in,acht
6133,Aonú,,,ú
6134,luasteorainn,,,inn
6135,bhfeirmeoirí,bh,,í
6136,maoirseachta,,,ta
6137,éide,,,e
6138,aois-liúntais,,,ais
6139,Tháirgeadh,,,eadh
6140,cóiriú,,,iú
6141,cosmaideacha,,,eacha
6142,marthanacht,,,acht
6143,teasaithe,t,,aithe
6144,Breisoideachais,,,ais
6145,Narendra,,,ra
6146,Soudní,,,í
6147,pléascanna,,,anna
6148,fheadán,,,adán
6149,Airne,,,ne
6150,bhFoireann,bh,,eann
6151,oileán,,,eán
6152,luachálaí,,,aí
6153,riaras,,,as
6154,ndearbhófar,n,dea,ófar
6155,crómatagrafaíochta,,crómata,ta
6156,shaoráidí,,,í
6157,cháílíochtaí,,,taí
6158,teagmhálacha,t,,acha
6159,thionóntachta,,,ta
6160,bhfógróidh,bh,,óidh
6161,racmhas,,,as
6162,Tírdhreacha,,,eacha
6163,quad-lárnach,,,ach
6164,thorann,,,ann
6165,scealpadh,,,adh
6166,Chosantóirí,,,í
6167,tsealbhóir,t,,óir
6168,thograí,,,aí
6169,úsáideadh,,,eadh
6170,cleithiúnaigh,,,aigh
6171,Sásaíonn,,,aíonn
6172,có-réire,,,ire
6173,Ró-intuartha,,,tha
6174,Pras,,,as
6175,theicniúla,,,a
6176,mhairfeadh,,,eadh
6177,léitheoir,,,eoir
6178,tiontaire,t,,aire
6179,ordóige,,,e
6180,deirimid,,,imid
6181,cainteoirí,,,í
6182,scéalaíochta,,,ta
6183,meáchan,,,chan
6184,greamán,,,án
6185,páirceáil,,,áil
6186,plaisteach-brataithe,,,aithe
6187,Inrochtaineacht,,,eacht
6188,QIFanna,,,anna
6189,liachleachtóir,,,tóir
6190,chomhlíonann,,,ann
6191,d'éamais,d',éa,ais
6192,beoléiriú,,,iú
6193,falsaithe,,,aithe
6194,Athbhreithniú,,,iú
6195,dhochracha,,,acha
6196,ualach,,,ach
6197,Bambusa,,,sa
6198,dtoimhdítear,d,,ítear
6199,d'áiseanna,d',,eanna
6200,lia-chleachtóirí,,,í
6201,Aibhne,,,ne
6202,mbainfeadh,m,bain,eadh
6203,fostaíodh,,fo,íodh
6204,trastíre,,tras,e
6205,rianúla,,,a
6206,haireagán,h,,agán
6207,ortaipéideach,,orta,each
6208,Centre,,,e
6209,Stiúrthóireachta,,,ta
6210,ceoldráma,,,a
6211,Cynomycin,,,in
6212,fhorlíontaigh,,,aigh
6213,ndeontais,n,,ais
6214,slogadh,,,adh
6215,dhímheas,,,eas
6216,iarrthacha,,iar,acha
6217,úsáidimid,,,imid
6218,comhlachta,,comh,ta
6219,leathchríochnaithe,,leath,aithe
6220,Athnuaigh,,,aigh
6221,aonionstraim,,aon,aim
6222,Gearmánaigh,,,aigh
6223,honnmhuireofar,h,,far
6224,Forghéilltear,,,ear
6225,lán-fhéidhmithe,,,ithe
6226,lamhálfaidh,,,faidh
6227,healaíontóirí,h,,í
6228,headrána,h,,na
6229,háise,h,,se
6230,díthiomnacht,,dí,acht
6231,Malaicí,,,í
6232,n-Oideachas,n-,,achas
6233,kafasitas,,,tas
6234,gabhfaimid,,,aimid
6235,chómhalartúcháin,,,in
6236,pháirtmhaoiniú,,,iú
6237,Tóin,,,in
6238,húsáideoirí,h,,í
6239,bíonn,,,íonn
6240,Príomh-Rialacháin,,,in
6241,n-bogann,,,ann
6242,neamhúsmhara,,neamh,ra
6243,chabáin,,,in
6244,Roinnsean,,,sean
6245,thoildheonach,,,ach
6246,bhforais,bh,for,ais
6247,Atalanta,,,ta
6248,irítear,,,ítear
6249,feirmeoireachta,,,ta
6250,luath-eaglaisí,,luath,í
6251,Liriceoir,,,eoir
6252,mataí,,,taí
6253,dheifnídeach,,,each
6254,sracadh,,,adh
6255,artaireach,,,each
6256,déanaim,,dé,aim
6257,t-imréiteach,t-,im,each
6258,Dócmhainneachta,,,ta
6259,spórt-chlubanna,,,anna
6260,Gearmánaí,,,aí
6261,leibhéalta,,,ta
6262,chúiche,,,e
6263,preasfhoilseacháin,,,in
6264,aicmiú,,,iú
6265,scríobhadh,,,adh
6266,gcomórfar,g,,far
6267,Cláracha,,,acha
6268,Athrú,,,ú
6269,luacháladh,,,adh
6270,Sáraíonn,,,aíonn
6271,grianmhar,,grian,mhar
6272,Caomhnóireacht,,,eacht
6273,thosnaigh,,,aigh
6274,n-uiscí,n-,,í
6275,breathe,,,the
6276,Dálaigh,,,aigh
6277,Bhruach,,,ach
6278,meitibileach,,meiti,each
6279,neamhláimhe,,neamh,e
6280,suitcase,,,se
6281,péirí,,,í
6282,Ríomhaireacht,,,eacht
6283,toghaoháin,t,,in
6284,Ghrádaigh,,,aigh
6285,Chekhova,,,a
6286,athraíos,,ath,íos
6287,díobháilte,,dí,te
6288,Claonpháirteachas,,,achas
6289,leagtar,,,tar
6290,Ghlan,,,an
6291,chomhleanúnacha,,,acha
6292,cúlghairthe,,cúl,the
6293,Ghairmréimeanna,,,eanna
6294,Comhroinn,,,inn
6295,fo-líomatáistí,,fo,tí
6296,reiligiúnacha,,,acha
6297,searbhas,,,as
6298,cuirtear,,,ear
6299,foirmliú,,fo,iú
6300,ghrádú,,,ú
6301,chinéimiteach,,,each
6302,plúr,,,úr
6303,leachtófar,,,ófar
6304,Éin,,,in
6305,fhréamhshamhla,,,a
6306,mór-choda,,mór,da
6307,nIMCSanna,,,anna
6308,in-neamhnithe,,in,ithe
6309,Iaráin,,,in
6310,charbóin,,,in
6311,gcúnamh,g,,amh
6312,Cruthaíonn,,,aíonn
6313,códú,,,ú
6314,gealtachta,,,ta
6315,Míbhuntáistí,,,tí
6316,mionchainníochtaí,,mion,taí
6317,bhforléiriú,bh,for,iú
6318,parúil,,,úil
6319,Luaineacht,,,eacht
6320,Aicrileach,,,each
6321,easaontú,,eas,ú
6322,gcreidmheas,g,,eas
6323,víreas,,,eas
6324,teiripeach,t,,each
6325,shóisireacha,,,eacha
6326,chinntí,,,tí
6327,d'fheirmeoirí,d',,í
6328,Ruagra,,,ra
6329,ionadaitheacha,,ion,eacha
6330,Fheisirí,,,í
6331,urrann,,ur,ann
6332,treas,,,eas
6333,fhorghéilleadh,,,eadh
6334,Macháin,,,in
6335,ghlanfháil,,,áil
6336,SeirbhÁse,,,se
6337,dinimiciúil,,,úil
6338,próiseas,,,eas
6339,Rialtachta,,,ta
6340,sásra,,,ra
6341,meánuimhreacha,,meán,eacha
6342,t-ath-láimhseoir,t-,ath,eoir
6343,tiománaí,t,,aí
6344,cumhduithe,,,ithe
6345,chomhchaibidlí,,,í
6346,Pháirtí,,,tí
6347,Phrobháide,,,e
6348,caipitíochta,,,ta
6349,ghiúis,,,is
6350,teicnící,t,,í
6351,oiliúna,,,na
6352,hoifigí,h,,igí
6353,dúisigh,,dú,igh
6354,drioglann,,,lann
6355,Idirghabhálacha,,,acha
6356,nea-thionóntuithe,,,ithe
6357,ghnathproifiliú,,,iú
6358,gcomshocraíochtaí,g,,taí
6359,dtionóiscí,d,,í
6360,Greannmhar,,,mhar
6361,Toghchán,,,án
6362,Chuimsithigh,,,igh
6363,Coimirceacha,,,eacha
6364,fobhealaí,,fo,aí
6365,fhístéipeanna,,,eanna
6366,sainoiriúnaithe,,sain,aithe
6367,Seanliachta,,,ta
6368,discréidí,,dis,í
6369,haithne,h,aith,ne
6370,Samh,,,amh
6371,Suí,,,í
6372,mhála,,,a
6373,iarliúntas,,iar,tas
6374,fónta,,,ta
6375,Meicnic-nochtadh,,,adh
6376,dhí-lomháil,,,áil
6377,fhisiciúla,,,a
6378,Brústocaireacht,,,eacht
6379,oiriúnaíodh,,oir,íodh
6380,margántaíochta,,,ta
6381,féadfar,,,far
6382,déanaighe,,dé,e
6383,súgarthaí,,,aí
6384,nós,,,ós
6385,Creat-Treorach,,,ach
6386,Uachtarán,,,án
6387,Gearmáine,,,ne
6388,eisiata,,eisi,ta
6389,cúbláil,,,áil
6390,Fhéile,,,e
6391,eisceachtaí,,,taí
6392,chaindíocht,,,íocht
6393,neamh-mharcáilte,,neamh,te
6394,Péine,,,ne
6395,tíliú,t,,iú
6396,Cause,,,se
6397,Ioslamacha,,,acha
6398,siombailí,,,í
6399,neamhchorpraithe,,neamh,aithe
6400,heascóga,h,eas,ga
6401,comhairceanna,,comh,eanna
6402,neamhchreidiúnaithe,,neamh,aithe
6403,Ainsealach,,,ach
6404,Héifeachtaí,,,taí
6405,Bhainne,,,ne
6406,Cheada,,,da
6407,mhiasa,,,sa
6408,feidhmeoidh,,,idh
6409,tanaí,t,,aí
6410,ceasaíneonna,,,na
6411,gealltán,,,án
6412,ghníomhas,,,as
6413,leachtaí,,,taí
6414,Spreagann,,,ann
6415,Fhreagraíonn,,,aíonn
6416,Stiúrthóra,,,ra
6417,óimige,,,e
6418,thomhaltóir,,,tóir
6419,choisithe,,,ithe
6420,Túr,,,úr
6421,chomhlánaithe,,,aithe
6422,Gualainn,,,inn
6423,Custaiméirí,,,í
6424,Bhearaigh,,,aigh
6425,gclúdach,g,,ach
6426,dara,,,ra
6427,shrianfar,,,far
6428,oiliúnatheachta,,,ta
6429,Farantóireachta,,,ta
6430,príomh-oifigeach,,príomh,each
6431,acadúla,,,a
6432,Ciorcad,,,ad
6433,n-atharófar,n-,ath,ófar
6434,neamh-chomhordaithe,,neamh,aithe
6435,bpáirtnéirí,b,páirt,í
6436,hAchta,h,,ta
6437,bhfochuideachta,bh,fo,ta
6438,fhreastalaithe,,,aithe
6439,Dúbailte,,,te
6440,Forghasa,,,sa
6441,phionna,,,na
6442,Mhórdhíola,,,a
6443,bhfear,bh,fear,fear
6444,iznasilovanie,,,e
6445,Tocsaineolaíochta,,,ta
6446,míníonn,,mín,íonn
6447,seachnófar,,,ófar
6448,allmhuiriú,,,iú
6449,Miami-Dade,,,e
6450,mbunaitheoirí,m,bun,í
6451,Chistiú,,,iú
6452,ionaistrithe,,ion,ithe
6453,sainchónaí,,sain,aí
6454,Phrióir,,,óir
6455,d'Iarratas,d',,tas
6456,Earcóirí,,,í
6457,fhíor-choda,,,da
6458,Cábla,,,a
6459,Cruithneachtan,,,an
6460,blżthanna,,,anna
6461,íoschoinníollacha,,íos,acha
6462,Stórálann,,,lann
6463,bpríomhfhréamh,b,príomh,amh
6464,comhghnóthú,,comh,ú
6465,comhcosúil,,comh,úil
6466,Iltaobhaí,,,aí
6467,bhFuirinn,bh,,inn
6468,imshocraíocht,,im,aíocht
6469,gliofosáit,,,áit
6470,parlaimintí,,,tí
6471,foclóir,,fo,óir
6472,athneartú,,ath,ú
6473,dhóthanach,,,ach
6474,baisce,,,e
6475,ion-atharuithe,,ion,ithe
6476,mhaireachtana,,,na
6477,Suimeanna,,,eanna
6478,mhicreascála,,,a
6479,bhfondúireacht,bh,fo,eacht
6480,triocha,,,a
6481,amscála,,am,a
6482,d'éiligh,d',,igh
6483,naipcín,,,ín
6484,anailíseacha,,ana,eacha
6485,Smaointe,,,te
6486,Suirbhéireachta,,,ta
6487,d'fheidhmeannach,d',,ach
6488,Aerodrómanna,,,anna
6489,féinstórála,,féin,a
6490,muiridhe,,,idhe
6491,chuarda,,,da
6492,neamhshaofa,,neamh,a
6493,Cothabháil,,,áil
6494,phoncanna,,,anna
6495,leis,,,is
6496,saortha,,,tha
6497,neamh-infheidhmithe,,neamh,ithe
6498,Mínítear,,,ítear
6499,fhotharmligean,,,an
6500,leictreachais,,leictrea,ais
6501,heisíodh,h,,íodh
6502,sárchaisleáin,,sár,in
6503,throne,,,ne
6504,Salann,,,lann
6505,branda,,,da
6506,otracht,,,acht
6507,cónaí,,,aí
6508,geall-ghlacadóra,,,ra
6509,mholtóir,,,tóir
6510,titim,t,,im
6511,aon-chéim,,aon,im
6512,stróicthe,,,the
6513,dieléctrica,,,a
6514,charge,,,e
6515,himscaradh,h,im,radh
6516,choinneáil,,,áil
6517,Shrianadh,,,adh
6518,Dea-earraí,,,aí
6519,Spúnóg,,,óg
6520,siúntaí,,,taí
6521,díomite,,dí,te
6522,gcomhpháirtíochtaí,g,comh,taí
6523,dhíchumasú,,,ú
6524,Féilire,,,ire
6525,Daonna,,,na
6526,Polasaithe,,,aithe
6527,Eolaíocht,,,aíocht
6528,Siúlann,,,lann
6529,foirceanta,,fo,ta
6530,ad'fhéadfadh,,,fadh
6531,déileálaithe,,dé,aithe
6532,chaillte,,,te
6533,Turasóireacht,,,eacht
6534,Imoibriú,,,iú
6535,atíolacadh,,,adh
6536,onróidh,,,óidh
6537,connradh,,,radh
6538,tráidire,,,ire
6539,iomaíochas,,,as
6540,sanntar,,,tar
6541,liocras,,,as
6542,builleanna,,,eanna
6543,tatúcháin,t,,in
6544,sláintiúla,,,a
6545,n-imthosca,n-,im,a
6546,chúlaithe,,,aithe
6547,Sreabhadh,,,adh
6548,buaircínigh,,,igh
6549,réamhroghnúcháin,,réamh,in
6550,páirceanna,,,eanna
6551,ais-innealtóireacht,,ais,eacht
6552,greamaitheacha,,,eacha
6553,soladach-leacht,,so,eacht
6554,aontaí,,aon,taí
6555,Pónairí,,,í
6556,sollúnóir,,so,óir
6557,imdhíoneolaíocht,,im,aíocht
6558,do-ghlacthacht,,do,acht
6559,Tomhas,,,as
6560,go-iomlán,,,án
6561,Cláraigh,,,aigh
6562,leor-ghlanadh,,,adh
6563,chaithtear,,,ear
6564,Chomhdhálacha,,,acha
6565,buanóglaigh,,buan,aigh
6566,beanna,,,eanna
6567,dTrambhealach,d,,ach
6568,n-oibrithe,n-,,ithe
6569,oileáin,,,in
6570,idirchathrach,,idir,ach
6571,Tarchuirfidh,,,fidh
6572,uileghabhálaí,,uile,aí
6573,fhiach,,,ach
6574,kneehigh,,,igh
6575,Chara,,,ra
6576,gCreidmheas,g,,eas
6577,páipéarachas,,,achas
6578,fhíneálacha,,,acha
6579,Chéasta,,,ta
6580,ghnáthchostais,,,ais
6581,reifrinn,,,inn
6582,Iarrataí,,,taí
6583,rannach,,,ach
6584,bhrabhsálaí,,,aí
6585,feamainne,,,ne
6586,an-speisialta,,an,ta
6587,d'éinní,d',,í
6588,uachtarlanna,,,anna
6589,iarchuireadh,,iar,eadh
6590,n-oireann,n-,oir,eann
6591,hathsheoladh,h,ath,adh
6592,feirmeacha,,,eacha
6593,neamhláithreachas,,neamh,achas
6594,pléascadh,,,adh
6595,aisghníomhacha,,ais,acha
6596,Úsáidim,,,im
6597,séanfar,,,far
6598,Bainistí,,,tí
6599,scriosta,,,ta
6600,Dingeachaa,,,a
6601,hullamhuíodh,h,,íodh
6602,gcéadta,g,céad,ta
6603,gcomórfaí,g,,aí
6604,idirphearsanta,,idir,ta
6605,bricfeasta,,,ta
6606,imreoirí,,im,í
6607,cónaitheacha,,,eacha
6608,Thuismitheoirí,,,í
6609,gabhálaisí,,,í
6610,sean-éagsúlacht,,sean,acht
6611,cnapsuim,,,im
6612,fháistineach,,,each
6613,Chumann,,,ann
6614,cinnteoimid,,cinn,imid
6615,ndlíonn,n,,íonn
6616,ola,,,a
6617,hIdirbhliana,h,,na
6618,leitheanna,,,eanna
6619,aeracmhainneacht,,aera,eacht
6620,oiriúnaithe,,oir,aithe
6621,shéadchomhartha,,,tha
6622,liostáilte,,,te
6623,lamháltas,,,tas
6624,mheánaibíocht,,,íocht
6625,fhuaim,,,aim
6626,shaothraíonn,,,aíonn
6627,bhforordófar,bh,for,ófar
6628,Sicín,,,ín
6629,d'eascródh,d',eas,ódh
6630,Maois,,,is
6631,Chonclúidí,,,í
6632,scotha,,scoth,tha
6633,céaracha,,,acha
6634,féileacáin,,,in
6635,Siúlóidí,,,í
6636,haghaidheanna,h,,eanna
6637,Antolín,,,ín
6638,Ordú,,,ú
6639,hurramú,h,ur,ú
6640,suaibhreasach,,,ach
6641,pianbhreithe,,,ithe
6642,nigheacháin,,,in
6643,Dodge,,,e
6644,Comhdhála,,,a
6645,díolmheaisíní,,dí,í
6646,Africa,,,a
6647,réamhstairiúla,,réamh,a
6648,heintiteas,h,,eas
6649,Sarıalan'a,,,a
6650,gcoraí,g,,aí
6651,móide,,,e
6652,hidreaclórach,h,,ach
6653,shínigh,,,igh
6654,cluaisíní,,,í
6655,taifeadfaidh,t,,faidh
6656,aonchineálacht,,aon,acht
6657,níos,,,íos
6658,gabhlóga,,,ga
6659,theorantóirí,,,í
6660,scrúduíodh,,,íodh
6661,sobhlasta,,so,ta
6662,comhraiceoirí,,comh,í
6663,Dioplómaí,,,aí
6664,dochloíte,,do,te
6665,bhunuithe,,,ithe
6666,tuinairde,t,,e
6667,gcéim,g,,im
6668,toinníteas,t,,íteas
6669,dtáirgí,d,,í
6670,arbatráiste,,,te
6671,dhífhostaíochta,,,ta
6672,neamhshiméadrach,,neamh,méadrach
6673,chonablaigh,,,aigh
6674,nimheanna,,,eanna
6675,beacht-tomhais,,,ais
6676,bhreathnaigh,,,aigh
6677,turcaithe,t,,aithe
6678,lascainithe,,las,ithe
6679,scáileáin,,,in
6680,aireachtaí,,,taí
6681,Sosanna,,,anna
6682,luaitear,,,ear
6683,féadfaimid,,,aimid
6684,seasfaidh,,,faidh
6685,dtabhófar,d,,ófar
6686,Naitsithe,,,ithe
6687,Sonrú,,,ú
6688,frith-statach,,frith,ach
6689,Cois,,,is
6690,lingerie,,,e
6691,caola,,,a
6692,hipiríogaireacha,h,hipir,eacha
6693,Rómhánaigh,,,aigh
6694,Scríbhinn,,,inn
6695,creidiúnú,,,ú
6696,aireachtála,,,a
6697,oiliúint,,,úint
6698,ghabhála,,,a
6699,dhiosca,,,a
6700,meiteoir,,,eoir
6701,Laindéir,,,éir
6702,13adh,,,adh
6703,ard-bhunaithe,,ard,aithe
6704,chomharsa,,,sa
6705,Mhuirfean,,,an
6706,fost-cheannaigh,,fo,aigh
6707,Gloine,,,ne
6708,Mullaigh,,,aigh
6709,Il-chórais,,,ais
6710,Bróicéirí,,,í
6711,bhfreachnamh,bh,,amh
6712,herduítear,h,,ítear
6713,nairítear,,,ítear
6714,blaistiú,,,iú
6715,Ollainnis,,,is
6716,tsaoirseacht,t,,eacht
6717,Connartha,,,tha
6718,chomhchéim,,,im
6719,lonrúil,,,úil
6720,radharcanna,,,anna
6721,Éisteachta,,,ta
6722,dhleathaigh,,,aigh
6723,gearrthacha,,gearr,acha
6724,rialaíonn,,,aíonn
6725,dtodhchaí,d,,aí
6726,mheán-ráta,,,ta
6727,gríos,,,íos
6728,Phlean,,,an
6729,draenáilte,,,te
6730,frithmhiocróbach,,frith,ach
6731,cáilitheacht,,,eacht
6732,mBan,m,,an
6733,druidim,,,im
6734,athluachála,,ath,a
6735,leachtacht,,,tacht
6736,Soláithraithe,,,aithe
6737,phléigh,,,igh
6738,cathach,,,ach
6739,oibrí,,,í
6740,gcurtha-i-gcoinnibh,g,,ibh
6741,Deoise,,,se
6742,phaitinn,,,inn
6743,seanaoise,,sean,se
6744,Thúr,,,úr
6745,dhícháiliúcháin,,,in
6746,bianna,,bi,anna
6747,ath-snasta,,ath,ta
6748,íseal-phróifílithe,,,ithe
6749,saotharlann,,,lann
6750,gcéadchéim,g,céad,im
6751,leicneáin,,,in
6752,Chomhdháil,,,áil
6753,chríochnuithe,,,ithe
6754,bhfórsa,bh,,sa
6755,dílamháilte,,dí,te
6756,chleachtaí,,,taí
6757,ráthaíochtaí,,,taí
6758,Sceite,,,te
6759,príomhúla,,príomh,a
6760,Rialaitheora,,,ra
6761,n-ionfhabhtuithe,n-,ion,ithe
6762,bailí,,,í
6763,glaoigh,,,igh
6764,híospartaigh,h,íos,aigh
6765,Sealúchais,,,ais
6766,méine,,,ne
6767,Socraíochtaí,,,taí
6768,cuíchóirithe,,,ithe
6769,romhaibh,,ro,aibh
6770,ghlútan,,,an
6771,cáiliúcháin,,,in
6772,léireoidh,,,idh
6773,bhfaomhfar,bh,,far
6774,príomhoifigeach,,príomh,each
6775,5ú,,,ú
6776,hionadú,h,ion,ú
6777,tochailtí,t,,tí
6778,steiréitíopaí,,,aí
6779,Fíor-Duine,,,ne
6780,coinneáil-suas,,,as
6781,príosúin,,,in
6782,dámhachtaintí,,dá,tí
6783,neamhorgánach,,neamh,ach
6784,chliste,,,te
6785,cumhachtach,,,ach
6786,bhfichidí,bh,,í
6787,airítear,,,ítear
6788,mionchóir,,mion,óir
6789,chiontaítear,,,ítear
6790,hiain,h,,in
6791,bhféilte,bh,,te
6792,slánófar,,,ófar
6793,húnaerí,h,,í
6794,comhordanáidí,,comh,í
6795,daonchairdiúil,,daon,úil
6796,Heirseagaivéine,,,ne
6797,cabáiste,,,te
6798,tréigthe,,tré,the
6799,díomhaointis,,dí,is
6800,Sligeach,,,each
6801,Congnamh,,,amh
6802,Teangacha,,,acha
6803,príosúntachta,,,ta
6804,géanna,,,anna
6805,Chigireacht,,,eacht
6806,sineirgíocht,,sin,íocht
6807,ndeire,n,,ire
6808,Trasuí,,,í
6809,loiceadh,,,eadh
6810,ndúbláidí,n,dú,í
6811,carthanúla,,,a
6812,Baile-Choimisinéirí,,,í
6813,Skype,,,e
6814,Bhunaidh,,,aidh
6815,gCuideachtain,g,,in
6816,pale,,,e
6817,leor-chúise,,,se
6818,Toghchontaetha,,,tha
6819,n-údaruithe,n-,,ithe
6820,díothacht,,dí,acht
6821,Mheiriceánaigh,,,aigh
6822,Jigme,,,e
6823,ghearrthóga,,,ga
6824,tarlaÁonn,t,tar,nn
6825,Trátaí,,,taí
6826,súncáil,,,áil
6827,gClarlann,g,,lann
6828,t-ailse,t-,,se
6829,traidisiúnta,,,ta
6830,Roimh-íocanna,,,anna
6831,nympháin,,,in
6832,Práinnfhreagartha,,,tha
6833,Chóiríocht,,,íocht
6834,gníomhach,,,ach
6835,Rinceoir,,,eoir
6836,riarfadh,,,fadh
6837,chobhsaíocht,,,aíocht
6838,Clúdach,,,ach
6839,charachtracht,,,acht
6840,aindleathach,,ain,ach
6841,comhairleacha,,comh,eacha
6842,d'fhoireann,d',,eann
6843,teimpléadacha,t,,acha
6844,mBaincéirí,m,,í
6845,aigéin,,,éin
6846,corpacmhainne,,,ne
6847,Deluxe,,,e
6848,seasmhachta,,,ta
6849,gCruachán,g,,achán
6850,Neamhchláraithe,,,aithe
6851,cruthaithe,,,aithe
6852,Nova,,,a
6853,breithiúnais,,,ais
6854,d'athshuidheamh,d',ath,amh
6855,chonsalacha,,,acha
6856,gcoirce,g,,e
6857,Mháratáin,,,in
6858,leordhóthanacha,,,acha
6859,éigiontaithe,,,aithe
6860,chaomhanta,,,ta
6861,t-oideas,t-,,eas
6862,tarlaíonn,t,tar,aíonn
6863,chruthúnas,,,únas
6864,bPrímh-Chiste,b,,te
6865,huastréimhsí,h,uas,í
6866,cuibhreannais,,,ais
6867,staighrí,,,í
6868,réamhdhócmhainneachta,,réamh,ta
6869,aonadach,,aon,ach
6870,castairí,,,í
6871,dhiúscrófar,,,ófar
6872,Caibidle,,,e
6873,geolaíochta,,geo,ta
6874,skin,,,in
6875,Súil,,,úil
6876,iniúcha,,in,a
6877,rachaidh,,,aidh
6878,fostóir,,fo,tóir
6879,n-atarlú,n-,ata,ú
6880,taomadh,t,,adh
6881,ndéanta,n,dé,ta
6882,Bolla,,,a
6883,bunaitheoirí,,bun,í
6884,vótaíochta,,,ta
6885,Aosach,,,ach
6886,bhuíochas,,,as
6887,thriomú,,,ú
6888,cumann,,,ann
6889,Máil,,,áil
6890,bhuan,,,an
6891,Máistrí,,,í
6892,Hidreaclóirín,,,ín
6893,mheánmhéide,,,e
6894,dtástáil,d,,áil
6895,deonaíodh,,,íodh
6896,Allmhaireoirí,,,í
6897,gcinnfidh,g,cinn,fidh
6898,priontáil,,,áil
6899,Séaracha,,,acha
6900,éisteachtaí,,,taí
6901,plocóid,,,óid
6902,fheabhsúchán,,,án
6903,Imscrúdaíonn,,,aíonn
6904,comhchónaitheoir,,comh,eoir
6905,cealuithe,,,ithe
6906,d'Aosaigh,d',,aigh
6907,Peretola,,,a
6908,chrua,,,a
6909,mhórbhealaigh,,,aigh
6910,inrochtaineachta,,in,ta
6911,hoilteachta,h,,ta
6912,airgead,,,ad
6913,príomh-fhéichiúnaí,,príomh,aí
6914,inghnóthaitheacht,,in,eacht
6915,léitheoireacht,,,eacht
6916,d'infheistíocht,d',in,íocht
6917,eochracha,,eo,acha
6918,piobarán,,,án
6919,t-aighneas,t-,,eas
6920,Unaerí,,,í
6921,athiompórtáladh,,ath,adh
6922,brathadóireacht,,,eacht
6923,iarscríbhinn,,iar,inn
6924,luadhfidh,,,fidh
6925,Tásca,,,a
6926,grianghrafadóireachta,,grian,ta
6927,coláistí,,,tí
6928,Comhnascadh,,,adh
6929,voce,,,e
6930,folamha,,fo,a
6931,cáilithe,,,ithe
6932,cáiliúil,,,úil
6933,ndlúthghaireacht,n,,eacht
6934,annamh,,an,amh
6935,ghnáthach,,,ach
6936,phoibleoidh,,,idh
6937,Glasáil,,,áil
6938,tuama,t,,a
6939,struchtúraigh,,,aigh
6940,Chomhar,,,mhar
6941,sféarúiluainiú,,,iú
6942,Rhinopomatidae,,,e
6943,Armtha,,,tha
6944,fheithidí,,,í
6945,Eorna,,,na
6946,Bród,,,ód
6947,Sealbhóirí,,,í
6948,tubaistí,t,,tí
6949,ináirithe,,in,ithe
6950,t-réamhtheachtaí,,,taí
6951,nGlóthach,n,,ach
6952,phráinne,,,ne
6953,thoghadh,,,adh
6954,dhísciú,,,iú
6955,mhí-threoraigh,,,aigh
6956,ghutháin,,,in
6957,leithrigh,,,igh
6958,Chomhordaitheoir,,,eoir
6959,fhriochadh,,,adh
6960,pá-choibhneasa,,,sa
6961,Hafraice,,,e
6962,gnúise,,,se
6963,Tuairiscítear,,,ítear
6964,colainn,,,inn
6965,rugbaí,,,aí
6966,gléas,,,as
6967,Éifeachtúlacht,,,acht
6968,chleamhnaithe,,,aithe
6969,dearga,,dea,ga
6970,phaisnéara,,,ra
6971,n-urraitheoirí,n-,ur,í
6972,braise,,,se
6973,fhabhróidh,,,óidh
6974,Tréidliacht,,,acht
6975,margáin,,,in
6976,ceadaíodh,,,íodh
6977,bhunchíos,,,íos
6978,29ú,,,ú
6979,Mhargaíochta,,,ta
6980,Soláthraíonn,,,aíonn
6981,Freagra,,,ra
6982,litríodh,,,íodh
6983,tréimhsí,,tré,í
6984,fíorghearáin,,fíor,in
6985,chónaigh,,,aigh
6986,ngnóthaire,n,,aire
6987,Gesine,,,sine
6988,bPrintíseach,b,,each
6989,hurruítear,h,ur,ítear
6990,leathanghreime,,leath,e
6991,Fobhealaí,,,aí
6992,champa,,,a
6993,Mhorálta,,,ta
6994,Baincéireacht,,,eacht
6995,tréimhsiúil,,tré,úil
6996,Quinín,,,ín
6997,ajika,,,a
6998,fhoirgneamh,,,amh
6999,heilimintí,h,,tí
7000,Chionta,,,ta
7001,tiúchan,t,,chan
7002,bagúin,,,in
7003,Duillín,,,ín
7004,imeaglaithe,,im,aithe
7005,dheonóidh,,,óidh
7006,Super-réalta,,,ta
7007,forbhreithniú,,for,iú
7008,Iontrála,,,a
7009,Sláinteachais,,,ais
7010,mórthéamaí,,mór,aí
7011,Fithiseach,,,each
7012,insamhladh,,in,adh
7013,trédhearcach,,tré,ach
7014,Chomhairleach,,,each
7015,uamacht,,,acht
7016,Van,,,an
7017,gcothaíonn,g,,aíonn
7018,teileamhargaíocht,t,,aíocht
7019,sreabha,,,a
7020,Coireacht,,,eacht
7021,gcánacha,g,,acha
7022,bpáirtnéir,b,páirt,éir
7023,grúdaire,,,aire
7024,chluaise,,,se
7025,liomsa,,,sa
7026,teirmeach,t,teirmea,each
7027,Caithfar,,,far
7028,méaduithe,,,ithe
7029,phrobháide,,,e
7030,millteannach,,,ach
7031,comhchóras,,comh,as
7032,frith-cheallalít,,frith,ít
7033,uirbí,,,í
7034,chúraimí,,,í
7035,hAontachta,h,,ta
7036,chomhtholgadh,,,adh
7037,tógtha-isteach,t,,each
7038,Agusta,,,ta
7039,polaiméire,,pola,ire
7040,róbónna,,ró,na
7041,tiocfa,t,,a
7042,aisiompú,,ais,ú
7043,fásadh,,,adh
7044,slógadh,,,adh
7045,éigniú,,,iú
7046,tharraingíonn,,,íonn
7047,n-iontas,n-,ion,tas
7048,n-aigéin,n-,,éin
7049,Dearadh,,,radh
7050,hAeráide,h,,e
7051,mhímheabhraigh,,,aigh
7052,Misean,,,sean
7053,imíonn,,im,íonn
7054,hiamhlann,h,,lann
7055,mbaincann,m,bain,ann
7056,theimpléad,,,éad
7057,reoiteann,,,eann
7058,earrach,,,ach
7059,comhtháite,,comh,te
7060,deireanaí,,,aí
7061,choinsiasa,,,sa
7062,forghéillte,,for,te
7063,curfar,,,far
7064,práis,,,áis
7065,áisiúil,,,úil
7066,tuiste,t,,te
7067,hastuithe,h,as,ithe
7068,chó-cheangailte,,,te
7069,Modúil,,,úil
7070,dóibhsean,,dó,sean
7071,comhairleoir,,comh,eoir
7072,Doras,,,as
7073,d'fhíneáltacht,d',,tacht
7074,dheanann,,,ann
7075,Glanta,,,ta
7076,príomhtheáma,,príomh,a
7077,bholgán,,,gán
7078,miondealú,,mion,alú
7079,n-airgeadra,n-,,ra
7080,Luathrabhaidh,,,aidh
7081,Breithiúntais,,,ais
7082,d'Albain,d',,in
7083,Feiceann,,,eann
7084,tógálacha,t,,acha
7085,Chruithneachtan,,,an
7086,iondaíocht,,ion,aíocht
7087,dhíchódú,,,ú
7088,snáthaidí,,,í
7089,choistí,,,tí
7090,chúramach,,,ach
7091,tagairte,t,,te
7092,earcaigh,,,aigh
7093,Príobháideachais,,,ais
7094,mioninnste,,mion,te
7095,dílsiú,,dí,iú
7096,mhíchumas,,,as
7097,molfaí,,,aí
7098,Carraige,,,e
7099,Feabhsaíonn,,,aíonn
7100,taithbheach,t,,each
7101,21Meán,,,eán
7102,úsáideann,,,eann
7103,dhícheadú,,,ú
7104,cineáltas,,,tas
7105,Phas,,,as
7106,néarchórais,,,ais
7107,Pléadálacha,,,acha
7108,mbailiúcháin,m,,in
7109,troigh,,,igh
7110,thiomálach,,,ach
7111,anannán,,ana,án
7112,Chearta,,,ta
7113,póca,,,a
7114,thuaithe,,,aithe
7115,amhiarainn,,am,inn
7116,híosmhéide,h,íos,e
7117,conartha,,,tha
7118,cheannaithe,,,aithe
7119,corpartha,,,tha
7120,ard-phróifíle,,ard,e
7121,an-tábhachtach,,an,ach
7122,feistithe,,,ithe
7123,t-árachas,t-,,achas
7124,dTeangacha,d,,acha
7125,líontóirí,,,í
7126,tsibhialtacht,t,,tacht
7127,hidirthréimhse,h,idir,se
7128,phátrúnacht,,,acht
7129,In-athnuaite,,,te
7130,gclibeanna,g,,eanna
7131,fhiosrú,,,ú
7132,d'fhoirceann,d',,eann
7133,Soilse,,,se
7134,dianseasmhacht,,dia,acht
7135,luíoduithe,,,ithe
7136,cuimseofar,,,far
7137,urghaire,,ur,aire
7138,plána,,,na
7139,fhabhrú,,,ú
7140,Mata,,,ta
7141,Foraoise,,,se
7142,Uaimhe,,,e
7143,gcumasófar,g,,ófar
7144,reáchtáladh,,,adh
7145,ilroinnte,,il,te
7146,chruthaitheacht,,,eacht
7147,Fiontraíocht,,,aíocht
7148,ghréasán,,,án
7149,Eudora,,,ra
7150,Tramanna,,,anna
7151,dhíríonn,,,íonn
7152,fliucháin,,,in
7153,cheannachán,,,achán
7154,nascann,,,ann
7155,comhfhreagraí,,comh,aí
7156,Araíonacht,,,acht
7157,mbailecheanntar,m,,tar
7158,péintéireacht,,,eacht
7159,ceithre,,,e
7160,hidirnáisiúnta,h,idir,ta
7161,teilifíseán,t,teili,eán
7162,seanbhunaithe,,sean,aithe
7163,Paistí,,,tí
7164,Mille,,,e
7165,bhfeidhmíocht,bh,,íocht
7166,sheastar,,,tar
7167,bhfillfidh,bh,,fidh
7168,n-urramaíonn,n-,ur,aíonn
7169,Gnéasacha,,,acha
7170,deisiúcháin,,,in
7171,réamhshocraithe,,réamh,aithe
7172,Fadtéarmaí,,,aí
7173,saorga,,,ga
7174,Pandas,,,as
7175,Chríochnaitheach,,,each
7176,bhféichiúnaí,bh,,aí
7177,Thurasóireachta,,,ta
7178,Éagsúlacht,,,acht
7179,stealladh,,,adh
7180,achomhareóra,,,ra
7181,ritheann,,,eann
7182,atheisiúint,,ath,úint
7183,blaiseadh,,,eadh
7184,Iarrachtaí,,,taí
7185,Deántar,,,tar
7186,sainchomhairleoirí,,sain,í
7187,ionsúcháin,,ion,in
7188,cúramóirí,,,í
7189,bhreathnaíomar,,,íomar
7190,il-chreidmheach,,il,each
7191,Ullmhóidí,,,í
7192,éalódh,,éa,ódh
7193,imchochlaithe,,im,aithe
7194,Ku-bhanna,,,anna
7195,cheardaíocht,,,aíocht
7196,hEolaíochta,h,,ta
7197,saotharlanna,,,anna
7198,bainistÁochta,,bain,ta
7199,Sásra,,,ra
7200,Cuimilteora,,,ra
7201,fheidhmithe,,,ithe
7202,gcleachtaí,g,,taí
7203,limistéar-sa,,,sa
7204,táirgthe,t,,the
7205,náire,,,ire
7206,húsáideach,h,,each
7207,hionadaíocht,h,ion,aíocht
7208,coiscfear,,,fear
7209,Dílamhálfaidh,,,faidh
7210,athiontráil,,ath,áil
7211,fanann,,,ann
7212,gclúdaíonn,g,,aíonn
7213,mbochtaineacht,m,,eacht
7214,gcoiscfidh,g,,fidh
7215,dréacht-rialacháin,,,in
7216,Síniú,,Sín,iú
7217,coipeadh,,,eadh
7218,chromadh,,,adh
7219,Bhealach,,,ach
7220,Phríomh-Achta,,,ta
7221,chuisneoir,,,eoir
7222,Mórthomhas,,,as
7223,Limistéir,,,éir
7224,shíneann,,,eann
7225,pheataí,,,taí
7226,naíonáin,,naí,in
7227,dliteanacha,,,acha
7228,fearann,,fear,ann
7229,tagartha,t,,tha
7230,anála,,an,a
7231,Síntiúisí,,Sín,í
7232,comhghaolmhar,,comh,mhar
7233,aercháilíocht,,aer,íocht
7234,fhochoiste,,,te
7235,dúchasacha,,dú,acha
7236,Pleanáil,,,áil
7237,Ghruama,,,a
7238,Cainteanna,,,eanna
7239,roghnófar,,ro,ófar
7240,mháinliachta,,,ta
7241,teascán,t,,án
7242,gcoigeartú,g,,ú
7243,curaíochta,,,ta
7244,deighleálfaidh,,,faidh
7245,Breise,,,se
7246,shimpliú,,,iú
7247,gné-éileamh,,,amh
7248,d'iontráil,d',ion,áil
7249,cuardaitheoir,,,eoir
7250,iontrálfaidh,,ion,faidh
7251,fhíorúil,,,úil
7252,cumhrachtaithe,,,aithe
7253,Ciumhais,,,ais
7254,plocóidí,,,í
7255,gclárlanna,g,,anna
7256,cainníochtaí,,,taí
7257,buan-easlán,,buan,án
7258,chaolú,,,ú
7259,catagóire,,,ire
7260,dé-úsáide,,dé,e
7261,tuáille,t,,e
7262,buachalla,,,a
7263,fuar-chóireáil,,,áil
7264,Chomhráiteas,,,eas
7265,9ú,,,ú
7266,sheachadadh,,,adh
7267,fhillidh,,,idh
7268,Shealadach,,,ach
7269,turasóra,t,,ra
7270,thrédhearcaí,,,aí
7271,ngeallbhruidfear,n,,fear
7272,colscartha,,,tha
7273,leaca,,,a
7274,chúramaí,,,aí
7275,ceimiceacha,,ceimi,eacha
7276,ró-chostasach,,ró,ach
7277,uile-oileáin,,uile,in
7278,ghearr-fhógra,,,ra
7279,inbhéanta,,in,ta
7280,Sholúbthachta,,,ta
7281,deighleáin,,,in
7282,siollabais,,,ais
7283,d'íocaíochta,d',,ta
7284,nimhiúil,,,úil
7285,habairtí,h,,tí
7286,caingin,,,gin
7287,hiontaobhaithe,h,ion,aithe
7288,Fámaigh,,,aigh
7289,Bhreiseasú,,,ú
7290,fashionista,,,ta
7291,daoibh,,,ibh
7292,chlamydia,,,ia
7293,athraíonn,,ath,aíonn
7294,Cian-Gheallghlacadóra,,,ra
7295,Mheasúnóra,,,ra
7296,Díospóireacht,,,eacht
7297,samhailteach,,,each
7298,servo-chuidithe,,,ithe
7299,meabhlódh,,,ódh
7300,bhailí,,,í
7301,céad-luaidhtear,,céad,ear
7302,50ú,,,ú
7303,comharthaíochta,,comh,ta
7304,Fhada,,,da
7305,cuntasaiochta,,,ta
7306,sloinne,,,ne
7307,phléifidh,,,fidh
7308,Chomóradh,,,radh
7309,bhfoirceannóidh,bh,fo,óidh
7310,tArd-Reachtaire,t,,aire
7311,an-céanna,,an,anna
7312,incheadaithe,,in,aithe
7313,Ghréigis,,,is
7314,Údarúcháin,,,in
7315,cláracha,,,acha
7316,tsanna,t,,anna
7317,meanma,,,a
7318,comhréidhe,,comh,idhe
7319,frith-ghloine,,frith,ne
7320,raibh,,,aibh
7321,foras,,for,as
7322,gcumhdaíonn,g,,aíonn
7323,Thuairisciú,,,iú
7324,Bliantúil,,,túil
7325,thagas,,,as
7326,Ealaíontóir,,,tóir
7327,tsonraíocht,t,,aíocht
7328,Sheirbhísigh,,,igh
7329,dtógfar,d,,far
7330,Fear,,,ear
7331,síorathrú,,síor,ú
7332,ciorcal-déantóir,,,tóir
7333,thurais,,,ais
7334,Tobhach,,,ach
7335,an-ianaithe,,an,aithe
7336,Daonnachacha,,,acha
7337,Saileog,,,eog
7338,luathaíodh,,luath,íodh
7339,fairsinge,,,e
7340,dreasachtaí,,,taí
7341,dhréineála,,,a
7342,Iarshaighdiúirí,,,í
7343,gclann,g,,lann
7344,shaincheapadh,,,adh
7345,chontúirtí,,,tí
7346,géarthocsaineacht,,,eacht
7347,chiandíolacháin,,,in
7348,Ráthaithe,,,aithe
7349,shínithe,,,ithe
7350,fhoraithne,,,ne
7351,foirgnithe,,fo,ithe
7352,cánachas,,,achas
7353,laithreach,,,each
7354,Ghaolmhara,,,ra
7355,feidhmiúlacht,,,acht
7356,mhargaí,,,aí
7357,n-nós,,,ós
7358,Chlochán,,,án
7359,shocraíos,,,íos
7360,scaoileadh,,,eadh
7361,algaí,,,aí
7362,ghnóthaithe,,,aithe
7363,cheirbreach,,,each
7364,Toghachán,,,achán
7365,Eisiamh,,,amh
7366,habhann,h,,ann
7367,theorainn,,,inn
7368,trasnáin,,tras,in
7369,pyaemia,,,ia
7370,buntáistí,,bun,tí
7371,hEasportálfar,h,,far
7372,cheannaitheoirí,,,í
7373,bhillí,,,í
7374,neamhthráchtála,,neamh,a
7375,atógáil,,,áil
7376,athnuachaintí,,ath,tí
7377,Reachtula,,,a
7378,cruithneacht,,,eacht
7379,do-aitheanta,,do,ta
7380,gleacaíochta,,,ta
7381,comhráiteach,,comh,each
7382,coiste,,,te
7383,mianaigh,,,aigh
7384,t-ídiú,t-,,iú
7385,muiceann,,,eann
7386,dlí-eolaíocht,,,aíocht
7387,14-15ú,,,ú
7388,chaomhnaitheachta,,,ta
7389,dí-ládáladh,,dí,adh
7390,ní,,,í
7391,Comhrialacha,,,acha
7392,Bunáite,,,te
7393,Anda,,,da
7394,litríocht,,,íocht
7395,Indiathaighe,,,e
7396,greamuithe,,,ithe
7397,cartán,,,án
7398,dtosaíocht,d,,aíocht
7399,mhuiridhe,,,idhe
7400,spriocdhátaí,,sprioc,taí
7401,malartán,,,án
7402,caiféanna,,,anna
7403,Sheascad,,,ad
7404,Uimhirphlátaí,,,taí
7405,Graí,,,aí
7406,Coinneoimid,,,imid
7407,ceapairí,,,í
7408,thinnis,,,is
7409,sootáin,,so,in
7410,olann,,,lann
7411,n-domhan,n-,do,an
7412,Phortláirge,,,e
7413,aerdinimiciúil,,aer,úil
7414,Cógaslanna,,,anna
7415,Lóistíochta,,,ta
7416,haisghabháil,h,ais,áil
7417,Bheochan,,,chan
7418,hAetóipe,h,,e
7419,údaraíocht,,,aíocht
7420,féinmheas,,féin,eas
7421,hiodrálach,h,,ach
7422,aoisteorainn,,,inn
7423,d'airleacain,d',,in
7424,rannpháirtigh,,,tigh
7425,blian,,,an
7426,pacáistí,,,tí
7427,Duánaithe,,,aithe
7428,Socrúchán,,,án
7429,fhonnmhar,,,mhar
7430,gcine,g,,ne
7431,fáisceadh,,,eadh
7432,Aeráil,,,áil
7433,éiceolaithe,,,aithe
7434,dtarraingeofar,d,tar,far
7435,mBealarúis,m,,is
7436,deisce,,,e
7437,cumadóireachta,,,ta
7438,Forlíontacha,,,acha
7439,atráthú,,,ú
7440,d'imeorannú,d',im,ú
7441,ranníocóir,,,óir
7442,hUdarais,h,,ais
7443,Comharthaíochta,,,ta
7444,buan-orduithe,,buan,ithe
7445,athcheartaithe,,ath,aithe
7446,Stróinséirí,,,í
7447,rialaithe,,,aithe
7448,frithchaiteoirí,,frith,í
7449,Aireamh,,,amh
7450,Fodhlithe,,,ithe
7451,Dílean,,,an
7452,cause,,,se
7453,Léirmhíniúcháin,,,in
7454,cnocadóireachta,,,ta
7455,Draíocht,,,aíocht
7456,Fearann,,,ann
7457,Toghcheantar,,,tar
7458,faidhbe,,,e
7459,gcomhéadan,g,comh,an
7460,aercháilíochta,,aer,ta
7461,gnáth-de,,gnáth,e
7462,pland-íleacha,,,eacha
7463,cineálcheadaithe,,,aithe
7464,plaisteacha,,,eacha
7465,mhúinimid,,,imid
7466,Brita,,,ta
7467,gairtear,,,ear
7468,dhlisteanach,,,ach
7469,Cambridge,,,e
7470,nea-sheachadta,,,ta
7471,cinnteofar,,cinn,far
7472,siopadóireachta,,,ta
7473,Chaighdeáin,,,in
7474,d'fhorghéilleadh,d',,eadh
7475,ath-tofa,,ath,a
7476,Cobhsaí,,,aí
7477,srutha,,,tha
7478,Folóidh,,,óidh
7479,roimhe,,ro,e
7480,dheontais,,,ais
7481,seadáin,,,in
7482,morgáisteoir,,,eoir
7483,Croífhoireann,,,eann
7484,Coinbhleachtaí,,,taí
7485,idirchultúrtha,,idir,tha
7486,Sonrófar,,,ófar
7487,mbanna,m,ban,anna
7488,dtaifeadfaidh,d,,faidh
7489,Liddesdale,,,e
7490,flúirseach,,,each
7491,fíochmhar,,,mhar
7492,Sócmhainneacht,,,eacht
7493,garáiste,,gar,te
7494,cósta,,,ta
7495,Réamhbhreithe,,,ithe
7496,mhórdhíoltóra,,,ra
7497,Izban,,,an
7498,míthreora,,mí,ra
7499,neamhfhabhraithe,,neamh,aithe
7500,Breisithe,,,ithe
7501,Gceathrú,,,ú
7502,Fógraímid,,,aímid
7503,neamh-inmhianaitheacht,,neamh,eacht
7504,príomhpháirithe,,príomh,ithe
7505,neaschara,,neas,ra
7506,fhorordaítear,,,ítear
7507,fhoinse,,,se
7508,inrianaitheachta,,in,ta
7509,hóige,h,,e
7510,Arabach,,,ach
7511,Deonaithe,,,aithe
7512,lán-urramú,,,ú
7513,Géilleadh,,,eadh
7514,Riarachán,,,achán
7515,bhaileofar,,,far
7516,Buntáiste,,,te
7517,cáblaístruchtúrtha,,,tha
7518,Gearmáinis,,,is
7519,gcuairteanna,g,,eanna
7520,d'admháil,d',,áil
7521,bhearnaí,,,aí
7522,Eispéireas,,,eas
7523,athshealbhú,,ath,ú
7524,sruthlaithe,,,aithe
7525,Uathaitheanta,,,ta
7526,peperomiya,,,a
7527,neamheitreacha,,neamh,eacha
7528,Bardas,,,as
7529,coireanna,,,eanna
7530,bhlaistiú,,,iú
7531,Feadáin,,,in
7532,shinéirgí,,,í
7533,réamhúdarú,,réamh,ú
7534,vitimíní,,,í
7535,Déileáil,,,áil
7536,Mafia,,,ia
7537,comhuaineach,,comh,each
7538,Fairí,,,í
7539,buaiteoirí,,,í
7540,Deirdre,,,e
7541,chruinneas,,,eas
7542,Ard-Luais,,,ais
7543,Géillfear,,,fear
7544,seachtarach,,seacht,ach
7545,adhradh,,,radh
7546,fhollasach,,,ach
7547,neamhfhreagartha,,neamh,tha
7548,Lánaimseartha,,,tha
7549,dreacht-mholta,,,ta
7550,mórchruinnithe,,mór,ithe
7551,fhíorasacha,,,acha
7552,Chorrán,,,án
7553,Tacaithe,,,aithe
7554,éasúint,,éa,úint
7555,Molfaidh,,,faidh
7556,ndeimhniú,n,,iú
7557,gobharnóirí,,,í
7558,grátáilte,,,te
7559,tionóntachtaí,t,,taí
7560,an-ghnóthach,,an,ach
7561,lipéadaithe,,,aithe
7562,Gnéasachta,,,ta
7563,rinneadh,,,eadh
7564,thabhaigh,,,aigh
7565,chonnarthóra,,,ra
7566,chothromaíochta,,,ta
7567,chlárlainne,,,ne
7568,gcreidfidh,g,,fidh
7569,t-aistriúchán,t-,ais,án
7570,Thumadh,,,adh
7571,ceimiceán,,ceimi,eán
7572,folamh,,fo,amh
7573,Taras,,,as
7574,bhfo-thionónta,bh,fo,ta
7575,bhflóra,bh,flóra,ra
7576,dtáirgtear,d,,ear
7577,Das,,,as
7578,voge,,,e
7579,tairbhiúil,t,,úil
7580,teorollta,t,teo,ta
7581,dare,,,e
7582,scuirfidh,,,fidh
7583,príomhréimsí,,príomh,í
7584,neamhbhriste,,neamh,te
7585,oifigiúla,,,a
7586,iatáin,,,in
7587,Eisiúint,,,úint
7588,naimhdeach,,,each
7589,comhliúntas,,comh,tas
7590,Thógtha,,,tha
7591,fhiuchadh,,,adh
7592,dea-aeráilte,,dea,te
7593,fhanachta,,,ta
7594,chalaoiseacha,,,eacha
7595,eachtarshuite,,eachtar,te
7596,phasáiste,,,te
7597,caipitleachas,,,achas
7598,d'Uachtarán,d',,án
7599,réamh-mheastacháin,,réamh,in
7600,Bunreachtúla,,,a
7601,iarrfaidh,,iar,faidh
7602,idirghníomhú,,idir,ú
7603,moladh,,,adh
7604,dhlífeas,,,eas
7605,aiseach,,ais,each
7606,hionsaithe,h,ion,aithe
7607,ceartú,,,ú
7608,dtortha,d,,tha
7609,fiontraíocht,,,aíocht
7610,neamhspleáiche,,neamh,e
7611,céimnithe,,,ithe
7612,ndáta,n,dá,ta
7613,Fisiciúil,,,úil
7614,súthadh,,,adh
7615,uirísliú,,,iú
7616,inchúiseamh,,in,amh
7617,chlorhexidine,,,ne
7618,neamhoiriúnach,,neamh,ach
7619,chéimithe,,,ithe
7620,Síníonn,,Sín,íonn
7621,t-athnuachan,t-,ath,chan
7622,chinnfear,,,fear
7623,Fáiltíonn,,,íonn
7624,fÃ3gra,,,ra
7625,Teaghrán-chniotálfaidh,,,faidh
7626,Aithris,,,is
7627,seacairí,,,í
7628,rát-íocaí,,,aí
7629,Eoin,,,in
7630,oíche,,,e
7631,dírshliochtach,,dír,ach
7632,Uimhearthachta,,,ta
7633,d'áireamh,d',,amh
7634,leanúnachas,,,achas
7635,faoina,,,na
7636,Ceimiceoir,,,eoir
7637,sráidbhaile,,,e
7638,chiorrú,,,ú
7639,Iarmhéideanna,,,eanna
7640,phríobháideachta,,,ta
7641,n-éireofar,n-,,far
7642,breithniú,,,iú
7643,bhunmhúinteoirí,,,í
7644,príosúntacht,,,tacht
7645,riail-bhlianacht,,,acht
7646,Mhaoin,,,in
7647,éirinn,,,inn
7648,Foireann,,,eann
7649,bainisteoirí,,bain,í
7650,d'Bainistíochta,,,ta
7651,Coimisinéara,,,ra
7652,Aerlíne,,,ne
7653,Fhoilseachán,,,achán
7654,Iarraimid,,,aimid
7655,chuim,,,im
7656,chóineasú,,,ú
7657,fhálaithe,,,aithe
7658,siombalach,,,ach
7659,Roinne,,,ne
7660,pórúcháin,,,in
7661,mhíosa,,,sa
7662,luathfhíorúsáidte,,luath,te
7663,eiseach,,,each
7664,sraonadh,,,adh
7665,bullaitín,,,ín
7666,neadú,,,ú
7667,Feasa,,,sa
7668,Chuala,,,a
7669,mheánachta,,,ta
7670,Bhriain,,,in
7671,cleachtóir,,,tóir
7672,fhoirceannta,,,ta
7673,d'aigéad,d',,éad
7674,Daciana,,,na
7675,fadaithe,,fad,aithe
7676,Fukuoka,,,a
7677,gnóthúcháin,,,in
7678,héiliam,h,héili,iam
7679,gceiliúrfar,g,,far
7680,Cónascadh,,,adh
7681,fhásta,,,ta
7682,gráinnín,,,ín
7683,chodhladh,,,adh
7684,Engelska,,,a
7685,seanuimhriú,,sean,iú
7686,Séarachas,,,achas
7687,Intinn,,,inn
7688,Ghairmréime,,,e
7689,chuideachtaí,,,taí
7690,Litriú,,,iú
7691,phríomhchéim,,,im
7692,gomaí,,,aí
7693,poncúil,,,úil
7694,Trasna,,,na
7695,Céimí,,,í
7696,héifeachtaí,h,,taí
7697,Heorpa,,,a
7698,mhiontuairiscí,,,í
7699,riosca-ullmhacht,,,acht
7700,Chomhardú,,,ú
7701,píopa,,,a
7702,gceanglaítear,g,,ítear
7703,Ceimiceán,,,eán
7704,Foirmeacha,,,eacha
7705,trasnán,,tras,án
7706,bónas-eisiúint,,,úint
7707,Iarbhunscoileanna,,,eanna
7708,phróiseáiltear,,,ear
7709,ainéistéise,,ain,se
7710,teaghaisí,t,,í
7711,dúshaothraithe,,dú,aithe
7712,bhagairtí,,,tí
7713,triomach,,,ach
7714,Caipitiúil,,,úil
7715,gráinbhunaithe,,,aithe
7716,t-éagsúlacht,t-,éa,acht
7717,bunuithe,,bun,ithe
7718,sirriam,,,iam
7719,tordú,t,,ú
7720,Neamhspleáchas,,,as
7721,Bhreithe,,,ithe
7722,mheánioncaim,,,aim
7723,fhoilseachán,,,achán
7724,Urdais,,,ais
7725,Léitheoireacht,,,eacht
7726,taiscithe,t,tais,ithe
7727,mhórbhagairtí,,,tí
7728,camrais,,,ais
7729,shúncáil,,,áil
7730,12a,,,a
7731,Blianachta,,,ta
7732,thomhais,,,ais
7733,hoibríocht,h,,íocht
7734,chluagaigh,,,aigh
7735,15adh,,,adh
7736,Chabháin,,,in
7737,leath-chinntitheach,,leath,each
7738,d'arscaoileadh,d',,eadh
7739,Lánchumhachtóirí,,,í
7740,n-airbheartóidh,n-,,óidh
7741,Dearcthaí,,,aí
7742,lainseálaithe,,,aithe
7743,Idirmheánach,,,ach
7744,tacaú,t,,ú
7745,Sainorduithe,,,ithe
7746,beartaí,,,taí
7747,mionsoláthraithe,,mion,aithe
7748,31adh,,,adh
7749,fágann,,,ann
7750,Iida,,,da
7751,caorach,,,ach
7752,Trilogue,,,e
7753,sheachtainiúla,,,a
7754,n-admháil,n-,,áil
7755,bánan,,,an
7756,neamhchóir,,neamh,óir
7757,n-éis,n-,,is
7758,béaloidis,,,is
7759,mór-phíopa,,mór,a
7760,carraigeacha,,,eacha
7761,bearrtha,,,tha
7762,cruthaitheach,,,each
7763,gta,,,ta
7764,n-úsáidimis,n-,,imis
7765,ramhar,,,mhar
7766,réamh-dhéileáil,,réamh,áil
7767,leasaithigh,,leas,igh
7768,oscailteacht,,os,eacht
7769,ionraí,,ion,aí
7770,ghaireas,,,eas
7771,seanéadaí,,sean,aí
7772,críocha,,,a
7773,sceallóga,,,ga
7774,pagánach,,,ach
7775,Chuirtear,,,ear
7776,Réabhlóidí,,,í
7777,ceantanna,,,anna
7778,chriticiúil,,,úil
7779,eitseáilte,,,te
7780,Stádais,,,ais
7781,hAstráile,h,,e
7782,shainráite,,,te
7783,d'iarchéile,d',iar,e
7784,airleacfas,,,fas
7785,reidiúnuithe,,,ithe
7786,neamhrialtachta,,neamh,ta
7787,Cigireachta,,,ta
7788,fhéachann,,,ann
7789,ghrámhar,,,mhar
7790,Léachtóir,,,tóir
7791,riachtanacha,,,acha
7792,freasúra,,,ra
7793,Pháipéir,,,éir
7794,n-aisíocaíochtaí,n-,ais,taí
7795,treise,,,se
7796,príomhthosaíocht,,príomh,aíocht
7797,gortú,,,ú
7798,ealtaí,,,taí
7799,Earráidí,,,í
7800,lacáiste,,,te
7801,gcólíonann,g,,ann
7802,cluaise,,,se
7803,gceapadh,g,,adh
7804,Ardlínte,,,te
7805,meascadh,,,adh
7806,nochtfadh,,,fadh
7807,tosaíochta,t,,ta
7808,staide,,,e
7809,dtacódh,d,,ódh
7810,paisinéirí,,,í
7811,dea-fhógartha,,dea,tha
7812,voltas,,,tas
7813,Contar,,,tar
7814,mídhiscréideach,,mí,each
7815,ciontaítear,,,ítear
7816,sheimineFoinsí,,,í
7817,mbannaí,m,ban,aí
7818,d'ath-mheas,d',ath,eas
7819,Sléibhteoirí,,,í
7820,treoruithe,,,ithe
7821,bundúin,,bun,in
7822,Ghuais,,,ais
7823,doscartha,,do,tha
7824,Toradh,,,radh
7825,Réasúnta,,,ta
7826,puinn,,,inn
7827,páistí,,,tí
7828,Luachanna,,,anna
7829,Carbaihiodráit,,,áit
7830,oifigí,,,igí
7831,íoslódáil,,íos,áil
7832,mháinliaghachta,,,ta
7833,teilgeáin,t,,in
7834,Fhorásach,,,ach
7835,Toisí,,,í
7836,Inbhuanaithe,,,aithe
7837,t-Aire,t-,,ire
7838,ceartaitheach,,,each
7839,Míreanna,,,eanna
7840,agallóireachta,,,ta
7841,dtreonna,d,,na
7842,thriailfear,,,fear
7843,gcistí,g,,tí
7844,teilgean,t,,an
7845,Bunaíodh,,,íodh
7846,coinneáil,,,áil
7847,tomhaltais,t,,ais
7848,gabháltais,,,ais
7849,d'úsáidire,d',,ire
7850,Deimhniúcháin,,,in
7851,forleithne,,for,ne
7852,bun-deimhniú,,bun,iú
7853,caora,,,ra
7854,Aistrithe,,,ithe
7855,Dhearbhú,,,ú
7856,cothruim,,,im
7857,maothaitheach,,,each
7858,Bonn,,,nn
7859,suirbhéireachta,,,ta
7860,bhForas,bh,,as
7861,Príomh-Achtanna,,,anna
7862,bleach,,,each
7863,Príobháidí,,,í
7864,kravchika,,,a
7865,ghnóthaire,,,aire
7866,Diagacht,,,acht
7867,sealbhachaisí,,,í
7868,geiniúna,,,na
7869,Mearaí,,,aí
7870,luaidhe-bhunaithe,,,aithe
7871,éitear,,,ear
7872,cothromaíocht,,,aíocht
7873,Luan,,,an
7874,Shinsear,,,ear
7875,coincheapa,,,a
7876,an-tairbheach,,an,each
7877,n-ionadaí,n-,ion,aí
7878,cuairteora,,,ra
7879,ghárda,,,da
7880,gciontaítear,g,,ítear
7881,Láirge,,,e
7882,mhinicí,,,í
7883,bhFianna,bh,,anna
7884,neamhrialtasach,,neamh,ach
7885,inchánaithe,,in,aithe
7886,harmálacha,h,,acha
7887,Achtachán,,,achán
7888,fheadfadh,,,fadh
7889,n-íomhánna,n-,,na
7890,náisiúnta,,,ta
7891,shealbhóir,,,óir
7892,rannóga,,,ga
7893,bpacáiste,b,,te
7894,theipeann,,,eann
7895,chailciam,,,iam
7896,leachtaitheoir,,,eoir
7897,maisiúchán,,,án
7898,loine,,,ne
7899,Cadáis,,,áis
7900,giorraithe,,,aithe
7901,bristeadh,,,eadh
7902,Gluaisne,,,ne
7903,poibiloidad,,,ad
7904,Indáitiúla,,,a
7905,Cróiseach,,,each
7906,cheadófar,,,ófar
7907,mí-fholláine,,mí,ne
7908,mhuilleoireacht,,,eacht
7909,húsáidirí,h,,í
7910,athdhearbhaíodh,,ath,íodh
7911,ciaróg,,,óg
7912,réamhaithris,,réamh,is
7913,scafa,,,a
7914,Síor-Chistí,,,tí
7915,tugtha,t,,tha
7916,shaintréithe,,,ithe
7917,hiomaíochas,h,,as
7918,Chliceáil,,,áil
7919,Príomhoifigeach,,,each
7920,chuaille,,,e
7921,chuireadh,,,eadh
7922,hórduítear,h,,ítear
7923,cónascadh,,,adh
7924,ilfheistí,,il,tí
7925,Leochaileacha,,,eacha
7926,amharc-ealaíontóirí,,am,í
7927,inláimhsithe,,in,ithe
7928,Sciúradh,,,radh
7929,coimisiúnaithe,,,aithe
7930,tháinigh,,,igh
7931,phríomhshrutha,,,tha
7932,bhreánaí,,,aí
7933,alcólaigh,,,aigh
7934,iar-choilíneacht,,iar,eacht
7935,phríosúnaigh,,,aigh
7936,béarla,,,a
7937,frith-aimíní,,frith,í
7938,cheistítear,,,ítear
7939,Léirítear,,,ítear
7940,Iocaíocht,,,aíocht
7941,éicearacha,,éicea,acha
7942,fhóin,,,in
7943,ghnáthshamplaí,,,aí
7944,comharba,,comh,a
7945,Fo-ithreach,,,each
7946,fuaraithe,,,aithe
7947,comhfhiontar,,comh,tar
7948,coinsíniú,,,iú
7949,Náisiúntacht,,,tacht
7950,gcríche,g,,e
7951,Áireamh,,,amh
7952,inaistarraingthe,,in,the
7953,oibiachtúlacht,,,acht
7954,mholta,,,ta
7955,heascáin,h,eas,in
7956,luachálacha,,,acha
7957,teilgthe,t,,the
7958,cuartaíochta,,,ta
7959,Bead,,,ad
7960,croílárnach,,,ach
7961,mbuann,m,buan,ann
7962,geallta,,,ta
7963,Aontachais,,,ais
7964,léirmhíníonn,,,íonn
7965,dhuánaí,,,aí
7966,inchrínigh,,in,igh
7967,bhfaomhadh,bh,,mhadh
7968,theachtfaidh,,,faidh
7969,Bricín,,,ín
7970,d'infheistiú,d',in,iú
7971,Tale,,,e
7972,Cosáin,,,in
7973,fhostaíocht,,,aíocht
7974,breathnaímid,,,aímid
7975,tuiliú,t,,iú
7976,Cheadaigh,,,aigh
7977,Francis,,,is
7978,iomláine,,,ne
7979,uachtarlainne,,,ne
7980,súdhiúlacha,,,acha
7981,shábháltachta,,,ta
7982,Géarleanúint,,,úint
7983,Martánach,,,ach
7984,chroí-inniúlachtaí,,,taí
7985,NáisiúntaGach,,,ach
7986,geallbhruidfe,,,e
7987,Want-maithe,,,aithe
7988,éigeanta,,,ta
7989,fhuilteach,,,each
7990,dtairbhe,d,,e
7991,solamanta,,so,ta
7992,Idirghabhála,,,a
7993,réir,,ré,éir
7994,tosaíochtaí,t,,taí
7995,fhásfaidh,,,faidh
7996,Lamháltais,,,ais
7997,Mamaí,,,aí
7998,mí-chumais,,mí,ais
7999,Chomhlachtaí,,,taí
8000,réamhrabhaidh,,réamh,aidh
8001,gcomhlíonfaí,g,comh,aí
8002,Nascóirí,,,í
8003,Mheán-suidhte,,,te
8004,praghsáil,,,áil
8005,táthaithe,t,,aithe
8006,glaoimid,,,imid
8007,socróid,,so,óid
8008,Guíonn,,,íonn
8009,stairiúil,,,úil
8010,bulcearraí,,,aí
8011,mbunrangú,m,bun,ú
8012,Grúdlann,,,lann
8013,suede,,,e
8014,bhfearsaidí,bh,fear,í
8015,cacamas,,,as
8016,gluaisteacha,,,eacha
8017,scrúduigh,,,igh
8018,sonróidh,,so,óidh
8019,Féachfidh,,,fidh
8020,piorraí,,,aí
8021,fiú,,,iú
8022,leordhóthanaí,,,aí
8023,éan,,éa,an
8024,Spioradáltacht,,,tacht
8025,lamhálfar,,,far
8026,gníomhaireachta,,,ta
8027,Terazosin,,,in
8028,Cróimiam,,,iam
8029,Chustaiméara,,,ra
8030,maireachtáil,,,áil
8031,Bhéarla,,,a
8032,imscrúdúcháin,,im,in
8033,LinnChatear,,,ear
8034,bithcheimiceacha,,bith,eacha
8035,fungaicídí,,,í
8036,phacálaithe,,,aithe
8037,threoirlínte,,,te
8038,Nuacht,,,acht
8039,scamhadh,,,mhadh
8040,trádstóráil,,,áil
8041,Eolaithe,,,aithe
8042,phian,,,an
8043,Iarracht,,,acht
8044,1920í,,,í
8045,Eacnamaíochta,,,ta
8046,thaighde,,,e
8047,dtuilleamh,d,,amh
8048,Scriúnna,,,na
8049,Gabhfaidh,,,faidh
8050,phríosúntacht,,,tacht
8051,bhfeabhsófaí,bh,,ófaí
8052,diúltadh,,,adh
8053,comhluchta,,comh,ta
8054,shnáitheanna,,,eanna
8055,casta,,,ta
8056,Áiríonn,,,íonn
8057,polaitiúla,,pola,a
8058,shirfidh,,,fidh
8059,glacfa,,,a
8060,Polannais,,,ais
8061,gona,,,na
8062,saindlúis,,sain,is
8063,creachadóir,,,adóir
8064,cheannasaigh,,,aigh
8065,Araibise,,,se
8066,tionntódh,t,,ódh
8067,fluaracuineolóin,,,in
8068,pláta,,,ta
8069,teistiméireachtaí,t,,taí
8070,d'airgead,d',,ad
8071,bhorradh,,,radh
8072,n-siamsaíochta,,,ta
8073,Rómhánúil,,,úil
8074,choiriúla,,,a
8075,foghlaimeoir,,fo,eoir
8076,Riail-Eilithe,,,ithe
8077,hadmhála,h,,a
8078,snáithe,,,ithe
8079,bua-bua,,,a
8080,Tomas,,,as
8081,Truailliú,,,iú
8082,fóirdheonaithe,,,aithe
8083,Chuain,,,in
8084,hiad,h,,ad
8085,mhaoine,,,ne
8086,chéad-mheasúnacht,,,acht
8087,liopasta,,,ta
8088,Ceanglaíonn,,,aíonn
8089,iarnóin,,iarn,in
8090,neamh-ionchorpruithe,,neamh,ithe
8091,Fiadh,,,adh
8092,imlíníodh,,im,íodh
8093,Nádúrtha,,,tha
8094,athlasadh,,ath,adh
8095,amhránaithe,,am,aithe
8096,déidliachta,,dé,ta
8097,bhéaráin,,,in
8098,tOnórach,t,,ach
8099,díotála,,dí,a
8100,mhálaí,,,aí
8101,ródaire,,ró,aire
8102,shighnigh,,,igh
8103,incháilitheachta,,in,ta
8104,Ró-Onórach,,,ach
8105,Comhartha,,,tha
8106,mhótar-tharraingirí,,,í
8107,Maksim,,,im
8108,thaispeánas,,,as
8109,t-athbheochan,t-,ath,chan
8110,spleáchas,,,as
8111,tseineolaí,t,,aí
8112,ndaltaí,n,,taí
8113,hurrúsú,h,ur,ú
8114,áitritheoirí,,,í
8115,bhardasacha,,,acha
8116,chraiceann,,,eann
8117,cuideachtan,,,an
8118,sheolfadh,,,fadh
8119,cabhlach,,,ach
8120,gaelach,,,ach
8121,leathsheoltóra,,leath,ra
8122,Meadhon-Scoileanna,,,eanna
8123,Fuarthas,,,as
8124,bhitheolaíocha,,,a
8125,Tógann,,,ann
8126,hamháin,h,am,in
8127,Dhurlas,,,as
8128,saorálaithe,,,aithe
8129,rúnda,,,da
8130,athghlacadh,,ath,adh
8131,an-tairbhe,,an,e
8132,craenacha,,,acha
8133,cuiditheach,,,each
8134,lasfaidh,,las,faidh
8135,triochad,,,ad
8136,Rásaíochta,,,ta
8137,chalcadh,,,adh
8138,n-oiriúnuithe,n-,oir,ithe
8139,neamhniú,,neamh,iú
8140,dTeanga,d,,ga
8141,Thrace,,,e
8142,Sníomhtar,,,tar
8143,Ulrike,,,e
8144,chanadh,,,adh
8145,Coincréite,,,te
8146,comhairleora,,comh,ra
8147,institiúide,,in,e
8148,cáilmheas,,,eas
8149,Chothrach,,,ach
8150,aireachtán,,,án
8151,Deonacha,,,acha
8152,tseoltóra,t,,ra
8153,comheagraíochta,,comh,ta
8154,dréacht-scéim,,,im
8155,Cumhdaíonn,,,aíonn
8156,Fiáine,,,ne
8157,gcarbhán,g,,án
8158,dhiongbháil,,,áil
8159,bPolainn,b,,inn
8160,Feirmeacha,,,eacha
8161,tiomantais,t,,ais
8162,Jessica,,,a
8163,Rothlach,,,ach
8164,gaelscoile,,,e
8165,Feabhsaítear,,,ítear
8166,éisteoir,,,eoir
8167,sceimhlitheoirí,,,í
8168,beach,,,each
8169,tacagraf,t,,graf
8170,tírdhreacha,t,,eacha
8171,cabhrach,,,ach
8172,bhiotáille,,,e
8173,harduithe,h,ard,ithe
8174,Taismí,,,í
8175,éiginnteachtaí,,,taí
8176,phláta,,,ta
8177,fhótachóipeanna,,,eanna
8178,forbraíochta,,for,ta
8179,thíolacadh,,,adh
8180,bhfacthas,bh,,as
8181,innealta,,in,ta
8182,cuilteacha,,,eacha
8183,an-réasúnta,,an,ta
8184,Phríomh-Ghaeilge,,,e
8185,gCostas,g,,tas
8186,airnéis,,,is
8187,gortuíodh,,,íodh
8188,gCraobhchomórtais,g,,ais
8189,easbhrúite,,eas,te
8190,n-óstáil,n-,,áil
8191,Ullmhúchán,,,án
8192,foraoisithe,,for,ithe
8193,sábhálta,,,ta
8194,sainordaithe,,sain,aithe
8195,tSeirbhí,t,,í
8196,Cóin,,,in
8197,Bogie,,,e
8198,tarraingthe,t,tar,the
8199,coiriúil,,,úil
8200,Neodrach,,,ach
8201,túberculósis,t,,is
8202,Comhghiniúint,,,úint
8203,craiceann-daite,,,te
8204,Rialtais,,,ais
8205,ghineach,,,each
8206,ollchóiriú,,oll,iú
8207,choigeartaithe,,,aithe
8208,Phleanála,,,a
8209,Bunriachtanas,,,tanas
8210,curtha,,,tha
8211,cheadaíos,,,íos
8212,Mílaoise,,,se
8213,tubaiste,t,,te
8214,Yamaha,,,a
8215,Feabhas,,,as
8216,athbhreoslaithe,,ath,aithe
8217,tagraítear,t,,ítear
8218,Gortú,,,ú
8219,Maisímid,,,ímid
8220,n-anama,n-,an,a
8221,príomhaí,,príomh,aí
8222,Buachaillí,,,í
8223,dí,,,í
8224,gceannphointí,g,ceann,tí
8225,socrúití,,so,tí
8226,oidhrí,,,í
8227,marcáilte,,,te
8228,dátheangach,,dá,ach
8229,gharraithe,,,aithe
8230,Ilfheidhme,,,e
8231,buailfidh,,,fidh
8232,Lítear,,,ítear
8233,haontuíonn,h,aon,íonn
8234,ndóthain,n,dó,in
8235,cheapacháin,,,in
8236,rilífe,,,e
8237,Rialachain,,,in
8238,nóidí,,,í
8239,Leictreonacha,,,acha
8240,ghrian,,,an
8241,dearaidh,,dea,aidh
8242,bhfe,bh,,e
8243,Tais,,,ais
8244,bPeann,b,,eann
8245,fhearas,,,as
8246,leathchiorclach,,leath,ach
8247,craobhóga,,,ga
8248,nGréasán,n,,án
8249,lú,,,ú
8250,dÃ3ibh,,,ibh
8251,chriptithe,,,ithe
8252,dtarraingeoidh,d,tar,idh
8253,Ceadaigh,,,aigh
8254,bhreathnóir,,,óir
8255,móibíleacha,,,eacha
8256,dréacht-téarmaí,,,aí
8257,Cruachta,,,ta
8258,Chliniciúil,,,úil
8259,Leitrim,,,im
8260,shealbhóra,,,ra
8261,Párolla,,,a
8262,ngnóthachtáil,n,,áil
8263,léiriúchán,,,án
8264,Pionna,,,na
8265,Sheirbhíse,,,se
8266,mBiashlabhra,m,,ra
8267,glanta,,,ta
8268,geochobhsaí,,geo,aí
8269,n-urscaoiltear,n-,ur,ear
8270,easpórtála,,eas,a
8271,freagrúlacht,,,acht
8272,héifeacht,h,,eacht
8273,chostaisí,,,í
8274,crochfar,,,far
8275,Buí,,,í
8276,Coimead,,,ad
8277,mídhleathaí,,mí,aí
8278,nInfheistíochtaí,,,taí
8279,comóra,,,ra
8280,bhanda,,,da
8281,gciontuítí,g,,ítí
8282,uchtóir,,,tóir
8283,iompraíodh,,,íodh
8284,ngairme,n,,e
8285,eachtraíocht,,,aíocht
8286,Oirthear,,,ear
8287,d'inghlacthacht,d',in,acht
8288,gcomhshuimeofar,g,comh,far
8289,mBarántas,m,,tas
8290,Tráidire,,,ire
8291,ollscartaire,,oll,aire
8292,éile,,,e
8293,champála,,,a
8294,fheadhmanna,,,anna
8295,chrosairí,,,í
8296,mbuntáistí,m,bun,tí
8297,neamhfhoirfe,,neamh,e
8298,gairdíní,,,í
8299,ophtalmach,,,ach
8300,bhullaí,,,aí
8301,Tansáin,,,in
8302,Tógáil,,,áil
8303,t-oifígeach,t-,,each
8304,chumhacht,,,acht
8305,eachtrúil,,,úil
8306,gCéad,g,,éad
8307,Iarscríbhinní,,,í
8308,cuacha,,,acha
8309,fianaiseach,,fia,each
8310,andúile,,an,e
8311,idirbhealaithe,,idir,aithe
8312,cáilíochta,,,ta
8313,Altranas,,,as
8314,Chlúmhilleadh,,,eadh
8315,Siopadóireachta,,,ta
8316,tréidlia,,tré,ia
8317,Artach,,,ach
8318,coimre,,,e
8319,Ard-Feidhmíochta,,,ta
8320,d'abhainn,d',,inn
8321,eachtrach,,,ach
8322,seirbhísí,,,í
8323,inchoimeádta,,in,ta
8324,dhlúthóirí,,,í
8325,Leanann,,,ann
8326,chomhlachta,,,ta
8327,saláin,,,in
8328,comhstraitéis,,comh,is
8329,Baile-Chléireach,,,each
8330,hollscoile,h,oll,e
8331,Iomarcaíochta,,,ta
8332,cheadúnaithe,,,aithe
8333,ullmhú,,,ú
8334,dtoirmisctear,d,,ear
8335,bréag-chomóradh,,bréag,radh
8336,bÁonn,,,nn
8337,dTeachtaí,d,,taí
8338,fhormheasfar,,,far
8339,armán,,,án
8340,Réigiúnach,,,ach
8341,comhcoiteanna,,comh,eanna
8342,Suiteála,,,a
8343,Machain,,,in
8344,neamh-ábalta,,neamh,ta
8345,tuairiscíonn,t,,íonn
8346,theileagrafaíochta,,,ta
8347,Flaithiúil,,,úil
8348,Eachtraíochta,,,ta
8349,thoghachán,,,achán
8350,deontóirí,,,í
8351,Shábháilteachta,,,ta
8352,d'fho-choiste,d',,te
8353,de,,,e
8354,mega,,,ga
8355,luaigh,,,aigh
8356,Idir-réitigh,,,tigh
8357,hÉifeacht,h,,eacht
8358,gcara-chumann,g,,ann
8359,n-iarmhairtí,n-,iar,tí
8360,Taraife,,,e
8361,neamhshuim,,neamh,im
8362,Chuideachtain,,,in
8363,lagú,,lag,ú
8364,dhomhandú,,,ú
8365,fo-théama,,fo,a
8366,dathúil,,,úil
8367,bliantúla,,,a
8368,n-ainmhithe,n-,ain,ithe
8369,chaomhnaítear,,,ítear
8370,treibheanna,,,eanna
8371,Folaigh,,,aigh
8372,Scian,,,an
8373,mbiatach,m,bi,ach
8374,d'fhoirinn,d',,inn
8375,físeán,,fís,eán
8376,Machairí,,,í
8377,dáil-cheantar,,dá,tar
8378,ró-íocaíochta,,ró,ta
8379,neamh-fite,,neamh,te
8380,tóiteáin,t,,in
8381,statacha,,,acha
8382,bhreathnadóir,,,adóir
8383,orainn,,,inn
8384,Phlandaigh,,,aigh
8385,ionsaithe,,ion,aithe
8386,fuisce,,,e
8387,bhuanscéim,,,im
8388,treoraithe,,,aithe
8389,fhorlíonadh,,,adh
8390,sosanna,,so,anna
8391,inmhianaithe,,in,aithe
8392,d'ionstruim,d',ion,im
8393,dteorann,d,teo,ann
8394,formhuinithe,,for,ithe
8395,foralácha,,for,a
8396,seanleagan,,sean,an
8397,gColóim,g,,im
8398,Coimeádfaidh,,,faidh
8399,Poblacht,,,acht
8400,Banríona,,,na
8401,soithigh,,so,igh
8402,brainsí,,,í
8403,uisce-a,,,a
8404,comhghleacaí,,comh,aí
8405,miontuairiscí,,mion,í
8406,coimircíochta,,,ta
8407,imbhuailtí,,im,tí
8408,hipitéiseach,h,hipi,each
8409,Chinsireacht,,,eacht
8410,cheannuigh,,,igh
8411,humáit,h,,áit
8412,Chaoimhín,,,ín
8413,Taispeántar,,,tar
8414,nGrúpa,n,,a
8415,Siad,,,ad
8416,fhiachas,,,achas
8417,Mheánoirthear,,,ear
8418,n-aíonna,n-,,na
8419,cróinéara,,,ra
8420,chibearchoireacht,,,eacht
8421,idTuairisceán,,,eán
8422,thrasnaíocht,,,aíocht
8423,rada,,,da
8424,chinnteoidh,,,idh
8425,Faillí,,,í
8426,remain,,,in
8427,ólta,,,ta
8428,Aithníodh,,,íodh
8429,glactha,,,tha
8430,miócairdiach,,,ach
8431,Samhraidh,,,aidh
8432,hidirthurais,h,idir,ais
8433,TeleNeaiceacha,,,eacha
8434,Treisiú,,,iú
8435,neamhiomalartaithe,,neamh,aithe
8436,patrólú,,,ú
8437,teorann,t,teo,ann
8438,dhíscaoileadh,,,eadh
8439,gCoistí,g,,tí
8440,Metamide,,,e
8441,gheata,,,ta
8442,mhíréasúnach,,,ach
8443,riachtanaí,,,aí
8444,dréachtú,,,ú
8445,tslí,t,,í
8446,gceannas,g,ceann,as
8447,tiubhaithe,t,,aithe
8448,bhFiontar,bh,,tar
8449,cheanann,,,ann
8450,an-atá,,an,tá
8451,n-leachtachta,,,ta
8452,dílleachtaí,,dí,taí
8453,UDP-bhunaithe,,,aithe
8454,lánrochtaine,,,ne
8455,Líathain,,,in
8456,Cásca,,,a
8457,dúnaidh,,dún,aidh
8458,soláthróid,,so,óid
8459,gnóthas,,,as
8460,fealsúnacht,,,acht
8461,creathadh,,,adh
8462,ghortuithe,,,ithe
8463,Feidhmíocht,,,íocht
8464,hobráide,h,,e
8465,gContaethe,g,,the
8466,gráinneach,,,each
8467,bhia,,,ia
8468,mheascáin,,,in
8469,breithneoidh,,,idh
8470,Téim,,,im
8471,Lánchumhachtaigh,,,aigh
8472,oiliúna-tsaotharlann,,,lann
8473,Tuí,,,í
8474,bhreathnóireacht,,,eacht
8475,tuairime,t,,e
8476,racán,,,acán
8477,nginfear,n,,fear
8478,cheimiceán,,,eán
8479,buanfheabhsuithe,,buan,ithe
8480,Breithiúin,,,in
8481,ghiarála,,,a
8482,athimscaradh,,ath,radh
8483,ceirteacha,,,eacha
8484,adhmadach,,,ach
8485,Cleithiúnaithe,,,aithe
8486,crom-fad,,,fad
8487,Mheirice,,,e
8488,lóistíocht,,,íocht
8489,aja,,,a
8490,Microstála,,,a
8491,Réadmhaoine,,,ne
8492,gcearda,g,,da
8493,thuigtear,,,ear
8494,mionbhrístíní,,mion,í
8495,chomhfhreagras,,,as
8496,cosnaíonn,,,aíonn
8497,có-nascthaí,,,aí
8498,thuismitheoirí,,,í
8499,NTTanna,,,anna
8500,Preasráitis,,,is
8501,Ceannaitheora,,,ra
8502,Strap-mianraí,,,aí
8503,Ardchaighdeán,,,eán
8504,cnapshuime,,,e
8505,teagmhas,t,,as
8506,aramatacha,,,acha
8507,móna,,,na
8508,Spain,,,in
8509,cosúil,,,úil
8510,dobharshaothraithe,,do,aithe
8511,Tonnadóir,,,adóir
8512,pacáil,,,áil
8513,lochán,,,án
8514,chongnamh,,,amh
8515,Eco-chairdiúil,,,úil
8516,eireoidh,,,idh
8517,ilnáisiúnta,,il,ta
8518,iniompartha,,in,tha
8519,áite,,,te
8520,eascoin,,eas,in
8521,fhaoiseamh,,,amh
8522,Leithead,,,ad
8523,inphinseanála,,in,a
8524,toildheonach,t,,ach
8525,sásóidh,,,óidh
8526,fhéatas,,,tas
8527,Cuntar,,,tar
8528,páirteach,,páirt,each
8529,sciorrthaí,,,aí
8530,ngairmtear,n,,ear
8531,clárlanna,,,anna
8532,nDleacht,n,,eacht
8533,chomhnaíochta,,,ta
8534,seifteanna,,,eanna
8535,d'éifeacht,d',,eacht
8536,reachtacha,,,acha
8537,Réamhaithriseoir,,,eoir
8538,Cimeádfar,,,far
8539,frithocsaídeoirí,,frith,í
8540,aerthráchta,,aer,ta
8541,dian-stocaireacht,,dia,eacht
8542,ualaigh,,,aigh
8543,Teresa,,,sa
8544,maolúirí,,,í
8545,Hechtia,,,ia
8546,cnapshuimeanna,,,eanna
8547,díleanna,,dí,eanna
8548,churaclaim,,,aim
8549,maláire,,,ire
8550,ndiaidh,n,dia,aidh
8551,Comhbheartas,,,tas
8552,carcanaigineacht,,carcana,gineacht
8553,cáile,,,e
8554,23adh,,,adh
8555,gealltanaisa,,,sa
8556,fioscaireacht,,,eacht
8557,hoibreoirí,h,,í
8558,bhronnfaidh,,,faidh
8559,teanntachta,t,,ta
8560,2002Leagan,,,an
8561,bhfágtar,bh,,tar
8562,scíthe,,,the
8563,Saoráidí,,,í
8564,il-daite,,il,te
8565,comhchoiteann,,comh,eann
8566,fhíoras,,,as
8567,stiúrthóireacht,,,eacht
8568,fiabhrais,,fia,ais
8569,dhoirteadh,,,eadh
8570,17adh,,,adh
8571,allapatacha,,alla,acha
8572,maide,,,e
8573,dheis,,,is
8574,vacsaín,,,ín
8575,sconsa,,,sa
8576,cúlpháirtí,,cúl,tí
8577,chomhionainn,,,inn
8578,Presidencia,,,ia
8579,easlána,,eas,na
8580,d'fhónamh,d',,amh
8581,bhfaireachas,bh,,achas
8582,fharraige,,,e
8583,gcreidiúnaí,g,,aí
8584,foilsiúcháin,,fo,in
8585,bheartuithe,,,ithe
8586,scáineadh,,,eadh
8587,Soláthraithe,,,aithe
8588,formheas,,for,eas
8589,tábhachtaí,t,,taí
8590,École,,,e
8591,Cheapfar,,,far
8592,phléifimid,,,fimid
8593,Éirinn,,,inn
8594,Syria,,,ia
8595,chítar,,,tar
8596,Paitinní,,,í
8597,sealaíochta,,,ta
8598,dtráthchodanna,d,,anna
8599,olach,,,ach
8600,Aihua,,,a
8601,Caollaí,,,aí
8602,rúidbhealaí,,,aí
8603,fionraíodh,,,íodh
8604,Síceolaíochta,,,ta
8605,olla,,oll,a
8606,Deontais,,,ais
8607,cumadóirí,,,í
8608,fianaisebhunaithe,,fia,aithe
8609,hurscaoilfear,h,ur,fear
8610,Lúnasa-Meán,,,eán
8611,mhínithe,,,ithe
8612,rachfar,,,far
8613,comhiomlán,,comh,án
8614,gnáthscaireanna,,gnáth,eanna
8615,t-ordú,t-,,ú
8616,Stiúrthóirí,,,í
8617,fritháireamh,,frith,amh
8618,charachtar,,,tar
8619,hoifigeach,h,,each
8620,dianmhachnamh,,dia,amh
8621,leí,,,í
8622,measúnaithe,,,aithe
8623,dhámhadh,,,mhadh
8624,Taifeadadh,,,adh
8625,tsaotharstad,t,,ad
8626,bruithniúcháin,,,in
8627,mhailíseach,,,each
8628,in-athchúrsáilte,,in,te
8629,sceitse,,,se
8630,fadtréimhseacha,,fad,eacha
8631,tre,,,e
8632,Coinnigh,,,igh
8633,d'ardaigh,d',ard,aigh
8634,comhshófar,,comh,ófar
8635,shréidliaigh,,,aigh
8636,Baintreach,,,each
8637,fhéadann,,,ann
8638,cróimiam,,,iam
8639,Sesvete,,,te
8640,mheabhrú,,,ú
8641,tatú,t,,ú
8642,gealaí,,,aí
8643,Chíosa,,,sa
8644,stocaí,,,aí
8645,n-eachtraí,n-,,traí
8646,iontaoibhe,,ion,e
8647,Nochtann,,,ann
8648,bpacáistiú,b,,iú
8649,sreabhadh,,,adh
8650,Práinneach,,,each
8651,insím,,in,ím
8652,dlisteanacht,,,acht
8653,maisiúlachta,,,ta
8654,phaisinéirí,,,í
8655,Gran,,,an
8656,urrúsú,,ur,ú
8657,tarlaithe,t,tar,aithe
8658,Lúpaí,,,aí
8659,meastachán,,,achán
8660,Scriosfar,,,far
8661,dochtúirí,,do,í
8662,Leithdháilfidh,,,fidh
8663,indibhidiúil,,in,úil
8664,ríomhchláraithe,,ríomh,aithe
8665,geiléthe,,,the
8666,hurrúis,h,ur,is
8667,paraiméadracha,,para,acha
8668,Móire,,,ire
8669,phearsantacht,,,tacht
8670,aindiachaithe,,ain,aithe
8671,éarlais,,éa,ais
8672,síolta,,,ta
8673,teileafóin,t,,in
8674,scríobhfadh,,,fadh
8675,stain-baictéir,,,éir
8676,tionsclaíocht,t,,aíocht
8677,mbuanna,m,buan,anna
8678,Thiocfaidh,,,faidh
8679,FIUnna,,,na
8680,ostálfar,,os,far
8681,ngearán,n,,án
8682,Sainchuardach,,,ach
8683,giniúint,,,úint
8684,ionchorpruithe,,ion,ithe
8685,Meandaracha,,,acha
8686,sileacain,,,in
8687,Buaineacht,,,eacht
8688,gheografacha,,,acha
8689,Fíneálacha,,,acha
8690,Oibrítear,,,ítear
8691,absalóideach,,,óideach
8692,leithreasuithe,,,ithe
8693,héicea-thocsaineolaíochta,h,éicea,ta
8694,Earnálacha,,,acha
8695,onórach,,,ach
8696,Cigirí,,,í
8697,gnáthchúrsa,,gnáth,sa
8698,liopa,,,a
8699,éascaigh,,éa,aigh
8700,gnáthdhualgas,,gnáth,as
8701,dhúblach,,,ach
8702,pháirceáil,,,áil
8703,príomhbhunaíocht,,príomh,aíocht
8704,tionóiscí,t,,í
8705,Fóillíocht,,,íocht
8706,gcúiseamh,g,,amh
8707,tráthchoda,,,da
8708,Léanaimid,,,aimid
8709,aisghabhann,,ais,ann
8710,gcríochnú,g,,ú
8711,eadarnáisiúnta,,,ta
8712,neartaíonn,,,aíonn
8713,ísealghlasach,,,ach
8714,Chothabhála,,,a
8715,miasa,,,sa
8716,dúbláidí,,dú,í
8717,t-ardú,t-,ard,ú
8718,shruthlú,,,ú
8719,laghdaigh,,lag,aigh
8720,Poiblí,,,í
8721,hOrduithe,h,,ithe
8722,císte,,,te
8723,cothromaí,,,aí
8724,Urramóidh,,,óidh
8725,Féimheachta,,,ta
8726,Chaladh,,,adh
8727,Meabhrúchán,,,án
8728,chaisleán,,,eán
8729,Amachchóirithe,,,ithe
8730,tóireadóirí,t,,í
8731,an-oilte,,an,te
8732,marcála,,,a
8733,Briogáideacha,,,eacha
8734,Geografaí,,,aí
8735,gClubanna,g,,anna
8736,cáin-íoctha,,,tha
8737,Míleata,,,ta
8738,imeacht,,im,eacht
8739,uachtanna,,,anna
8740,Dee,,,e
8741,Innealtóir,,,tóir
8742,haicmí,h,,í
8743,gléasra,,,ra
8744,mbaictéir,m,,éir
8745,fála,,,a
8746,bhforéilitheoir,bh,for,eoir
8747,mheánmheáin,,,in
8748,trekanterne,,,ne
8749,hiarrachtaí-bunaithe,h,iar,aithe
8750,Aerárthach,,,ach
8751,dhúshaothrú,,,ú
8752,Ghlais,,,ais
8753,t-éadach,t-,éa,ach
8754,guímis,,,ímis
8755,inchúlaithe,,in,aithe
8756,sneachta-bán,,,án
8757,leFuadach,,,ach
8758,Drámaíocht,,,aíocht
8759,múinteoirí,,,í
8760,Paiva,,,a
8761,Saorghnáithíneach,,,each
8762,Éadaí,,,aí
8763,faiche,,,e
8764,meas,,,eas
8765,phasteuráil,,,áil
8766,Tromchúiseach,,,each
8767,treorú,,,ú
8768,deocha,,,a
8769,ghairmithe,,,ithe
8770,gheobhas,,,as
8771,Shin,,,in
8772,comhleanúnachas,,comh,achas
8773,gcaiteachaisí,g,,í
8774,aeracha,,aera,acha
8775,dtrádmharcanna,d,,anna
8776,d'aonad,d',aon,ad
8777,gnáth-théarmaí,,gnáth,aí
8778,tocsaineach,t,,each
8779,comhlíontachta,,comh,ta
8780,forodaithe,,for,aithe
8781,laraí,,,aí
8782,beachta,,,ta
8783,meánluach,,meán,ach
8784,iarrataisí,,iar,í
8785,Glinntí,,,tí
8786,Mhionn,,,nn
8787,hacmhainne,h,,ne
8788,folctha,,fo,tha
8789,Iarraidh,,,aidh
8790,gárda,,,da
8791,rothlaithe,,ro,aithe
8792,Mhaolagáin,,,in
8793,inchláruithe,,in,ithe
8794,soshannta,,so,ta
8795,Suntasacha,,,acha
8796,cineamatagrafach,,,ach
8797,Fhiosruithe,,,ithe
8798,Shinéad,,,éad
8799,easportálaithe,,eas,aithe
8800,fanacht,,,acht
8801,Neamhshiméadracha,,,acha
8802,sonrach,,so,ach
8803,hanaclanna,h,an,anna
8804,gCeapach,g,,ach
8805,scrúdóidh,,,óidh
8806,cernua,,,a
8807,choibhneasta,,,ta
8808,Rinneadh,,,eadh
8809,forléiriú,,for,iú
8810,sliseog,,,eog
8811,fhaomhann,,,ann
8812,fuipeanna,,,eanna
8813,geallúintí,,,tí
8814,cistiúcháin,,,in
8815,draenach,,,ach
8816,brandáilte,,,te
8817,lánchaighdeáin,,,in
8818,Vatacáine,,,ne
8819,Bhanglaidéis,,,is
8820,Dea-chothaithe,,,aithe
8821,coimeádáin,,,in
8822,tearmainn,t,,inn
8823,chumhdaithe,,,aithe
8824,d'Bhliain,,,in
8825,n-éirí,n-,,í
8826,Stumpaí,,,aí
8827,CNCMamach,,,ach
8828,buiséadacha,,,acha
8829,ghealladh,,,adh
8830,lain,,,in
8831,géillfidh,,,fidh
8832,Sléibhteoireachta,,,ta
8833,bhfreastalaíonn,bh,,aíonn
8834,neamh-ionaistrithe,,neamh,ithe
8835,fhaillí,,,í
8836,choimisinéirí,,,í
8837,t-Éireannach,t-,,ach
8838,Bacmid,,,mid
8839,ortoptach,,,ach
8840,Pábháilte,,,te
8841,Seilide,,,e
8842,páighe,,,e
8843,bpleananna,b,,anna
8844,Bistricioara,,,ra
8845,scáthmhara,,,ra
8846,Comhfhreagras,,,as
8847,potaisaim,,,aim
8848,fuaim-thaifeadadh,,,adh
8849,Shamhlaigh,,,aigh
8850,Caoimhín,,,ín
8851,nGaeloideachas,n,,achas
8852,chórasach,,,ach
8853,mhaonáis,,,áis
8854,dhiaibéiteas,,,eas
8855,choinnítear,,,ítear
8856,Ciontach,,,ach
8857,han-tapa,h,an,a
8858,gcoimeádfaidh,g,,faidh
8859,chairman,,,an
8860,mothúchán,,,án
8861,phráinn,,,inn
8862,eagraí,,,aí
8863,Bunoideachas,,,achas
8864,seirbhéisigh,,,igh
8865,bhacainn,,,inn
8866,hiriseoirí,h,,í
8867,hiomportála,h,,a
8868,mion-aoiseach,,mion,each
8869,galraithe,,,aithe
8870,Maonais,,,ais
8871,Coinníollachtaí,,,taí
8872,hOideachas,h,,achas
8873,maithiúnas,,,únas
8874,ghairmeacha,,,eacha
8875,domhain,,do,in
8876,ghlaoiteoirí,,,í
8877,Shóisialta,,,ta
8878,Orain,,,in
8879,bpaitinn,b,,inn
8880,hArdáin,h,,in
8881,forbairtí,,for,tí
8882,Ceannófar,,,ófar
8883,n-máinlianna,,,anna
8884,airde,,aird,e
8885,cáiliúla,,,a
8886,fhreagraí,,,aí
8887,fhógraíocht,,,aíocht
8888,thréanacha,,,acha
8889,önde,,,e
8890,dhocharú,,,ú
8891,sealbhaíodh,,,íodh
8892,creat-fhoirmiú,,,iú
8893,dréacht-togra,,,ra
8894,inmharthana,,in,na
8895,Ligeadh,,,eadh
8896,pléigh,,,igh
8897,cheannas,,,as
8898,marú,,,ú
8899,d'fheirmeoir,d',,eoir
8900,coiteann,,,eann
8901,domhantarraingthe,,do,the
8902,chearrbhachas,,,achas
8903,tapas,t,,as
8904,dhlisteanaigh,,,aigh
8905,Dheimhniú,,,iú
8906,dubha,,,a
8907,nascleanúint,,,úint
8908,panache,,pan,e
8909,gheimhridh,,,idh
8910,mhóta,,,ta
8911,bithleachtanna,,bith,anna
8912,Alcaile,,,e
8913,thairseach,,,each
8914,bportach,b,,ach
8915,cháineadh,,,eadh
8916,contúirtí,,,tí
8917,lámhscríbhinn,,,inn
8918,araíonachta,,,ta
8919,dífhostaithe,,dí,aithe
8920,d'éifeachtúlacht,d',,acht
8921,chruachadh,,,adh
8922,phíolótaíocht,,,aíocht
8923,Thráchta,,,ta
8924,lianas,,,as
8925,dhearadh,,,radh
8926,hardáin,h,ard,in
8927,Cuirfimid,,,fimid
8928,chéiliúradh,,,radh
8929,ionchoisne,,ion,ne
8930,shirriaim,,,aim
8931,cinntiú,,cinn,iú
8932,neamh-Aontais,,neamh,ais
8933,gCaisleán,g,,eán
8934,Céimeanna,,,eanna
8935,dtaobhsan,d,,san
8936,sintéiseach,,sin,each
8937,Dréineála,,,a
8938,toimhde,t,,e
8939,téamacha,t,,acha
8940,ghearrthóirí,,,í
8941,saoráidí,,,í
8942,easpórtáil,,eas,áil
8943,Téacsanna,,,anna
8944,húmas,h,,as
8945,dréacht-thuarascáil,,,áil
8946,Cholúin,,,in
8947,gallda,,,da
8948,d'fhruiliú,d',,iú
8949,ghlasraí,,,aí
8950,Sainghrúpa,,,a
8951,Cóipchearta,,,ta
8952,dífhostaíodh,,dí,íodh
8953,bhfuinneamh,bh,,amh
8954,seirbísí,,,í
8955,nighim,,,im
8956,gceangailtear,g,,ear
8957,siompóisiamaí,,,aí
8958,comhoibreacha,,comh,eacha
8959,mór-dhíola,,mór,a
8960,gnóchan,,,chan
8961,bualadh,,,adh
8962,dáilithe,,dá,ithe
8963,chomhlachú,,,ú
8964,Ath-thriomú,,,ú
8965,slánaíocht,,,aíocht
8966,theangacha,,,acha
8967,clampála,,,a
8968,ocsaigine,,,ne
8969,leithreas,,,eas
8970,Soithigh,,,igh
8971,mhuiríocht,,,íocht
8972,scrúdúchán,,,án
8973,toghairme,t,,e
8974,heagraíochtaí,h,,taí
8975,chleithiúnaí,,,aí
8976,fhaireachas,,,achas
8977,choimeádfaidh,,,faidh
8978,neamhleictreonaí,,neamh,aí
8979,Geolaíochta,,,ta
8980,Iar-oifigeach,,,each
8981,tensiune,t,,ne
8982,Guthú,,,ú
8983,an-luachmhar,,an,mhar
8984,ealaine,,,ne
8985,cad,,,ad
8986,Oiriúnach,,,ach
8987,Zelda,,,da
8988,cuibhrigh,,,igh
8989,ndlíthe,n,,the
8990,Freckle,,,e
8991,plástar,,,tar
8992,h-éalú,h-,éa,alú
8993,Ailtirí,,,í
8994,carthanachta,,,ta
8995,chroiceann,,,eann
8996,dhíobhálfas,,,fas
8997,shiúcrós,,,ós
8998,d'Áitribh,d',,ibh
8999,mhínítear,,,ítear
9000,cheadúnaí,,,aí
9001,n-íocadh,n-,,adh
9002,aibhsigh,,,igh
9003,teilín,t,,ín
9004,Monatóireacha,,,eacha
9005,ochtaí,,,taí
9006,dhéanfadh,,,fadh
9007,lóistíochúla,,,a
9008,Bainisteoir,,,eoir
9009,feabhsúcháin,,,in
9010,Rachtaí,,,taí
9011,leas-chontaebhainisteoir,,leas,eoir
9012,nUachtaránachta,,,ta
9013,hInrochtaineacht,h,,eacht
9014,margaíodh,,,íodh
9015,scaireanna,,,eanna
9016,tuaslagadh,t,,adh
9017,d'inis,d',in,is
9018,eolasach,,eo,ach
9019,chonsighneachta,,,ta
9020,choinbhiniúnacha,,,acha
9021,iarrfas,,iar,fas
9022,draíocht,,,aíocht
9023,Plocóidí,,,í
9024,déthaobhacha,,dé,acha
9025,éiceachóras,,éicea,as
9026,treolíne,,,ne
9027,cruach,,,ach
9028,Lagrange,,,e
9029,shonraithe,,,aithe
9030,dteipeann,d,,eann
9031,eileamh,,,amh
9032,fógra,,,ra
9033,anonn,,an,nn
9034,chairde,,,e
9035,íocfaidh,,,faidh
9036,Flóndras,,,as
9037,ghlacfar,,,far
9038,fuar-stórála,,,a
9039,Amhránaíochta,,,ta
9040,téadh,t,,adh
9041,cháipéisí,,,í
9042,nóchadú,,,ú
9043,Úsáideadh,,,eadh
9044,scoitheadh,,,eadh
9045,taffeta,t,,ta
9046,Bergenin,,,in
9047,shaoránaigh,,,aigh
9048,lte,,,te
9049,bhforghníomhóidh,bh,for,óidh
9050,Chaighdeán,,,eán
9051,pe,,,e
9052,gceardchumann,g,,ann
9053,Sirach,,,ach
9054,mhótarfheithicle,,,e
9055,shúile,,,e
9056,visas,,,as
9057,ildáileog,,il,eog
9058,tomhaistear,t,,ear
9059,cleithiúnacha,,,acha
9060,gcomhchuibheas,g,comh,eas
9061,sheasmhaigh,,,aigh
9062,Fiosrúchán,,,án
9063,Mháistreachta,,,ta
9064,sealgairí,,,í
9065,Cheannais,,,ais
9066,Follaine,,,ne
9067,básmhaireachta,,,ta
9068,lárchórais,,lár,ais
9069,gcríochnaítear,g,,ítear
9070,hachtacháin,h,,in
9071,Cáis,,,áis
9072,cumhachtaí,,,taí
9073,cuain,,,in
9074,Comhéadan,,,an
9075,128-ceadanna,,,anna
9076,comhaltais,,comh,ais
9077,mbreisiú,m,,iú
9078,achtófar,,,ófar
9079,Giobráltar,,,tar
9080,Coiriúla,,,a
9081,post-phaicéad,,,éad
9082,beidh,,,idh
9083,Marta,,,ta
9084,dTiarnas,d,,as
9085,tArd-Aidiúnach,t,,ach
9086,d'eintitis,d',,is
9087,aoibhneas,,,eas
9088,míniúchán,,mín,án
9089,t-infheisteoir,t-,in,eoir
9090,bainis,,bain,is
9091,Iascaireachta,,,ta
9092,2013incháilithe,,,ithe
9093,n-ionsú,n-,ion,ú
9094,foirne,,fo,ne
9095,foriomlán,,for,án
9096,inmholta,,in,ta
9097,gcaisleán,g,,eán
9098,foluaimneach,,fo,each
9099,chríochach,,,ach
9100,bunáitíochta,,bun,ta
9101,dhéanamhdhéanamh,,,amh
9102,ngníomhaireachtaí,n,,taí
9103,Compordach,,,ach
9104,bhunaigh,,,aigh
9105,Feistí,,,tí
9106,foirmeálachtaí,,fo,taí
9107,comhionannais,,comh,ais
9108,hócáide,h,,e
9109,míthreorach,,mí,ach
9110,réime,,ré,e
9111,ráthaítear,,,ítear
9112,Mozilla,,,a
9113,thiarnaí,,,aí
9114,Shaoráil,,,áil
9115,cuisnithe,,,ithe
9116,Dréachta,,,ta
9117,Niacin,,,in
9118,gcruthódh,g,,ódh
9119,fad-tréimhseach,,fad,each
9120,nglanmhéideanna,n,,eanna
9121,fiabhras,,fia,as
9122,leithris,,,is
9123,nAmharcealaíona,,,na
9124,promhaidh,,,aidh
9125,iombhuailtí,,,tí
9126,lománaíodh,,,íodh
9127,ndeimhneofar,n,,far
9128,measfar,,,far
9129,cimeádaithe,,,aithe
9130,d'fholú,d',,ú
9131,chlann,,,lann
9132,Europeia,,,ia
9133,duisce,,,e
9134,bhreiseatá,,,tá
9135,leas-chúis,,leas,is
9136,milleadh,,,eadh
9137,comhlíonta,,comh,ta
9138,shocruithe,,,ithe
9139,Feictear,,,ear
9140,Foirfeachta,,,ta
9141,sláine,,,ne
9142,múchfadh,,,fadh
9143,fochoiste,,fo,te
9144,Measfar,,,far
9145,Díomhaointis,,,is
9146,traidisúnta,,,ta
9147,méithe,,,ithe
9148,Monaróra,,,ra
9149,Eilias,,,as
9150,Sualainne,,,ne
9151,éadála,,éa,a
9152,thosaigh,,,aigh
9153,chomhionannú,,,ú
9154,cuimseoidh,,,idh
9155,hÍocaíocht,h,,aíocht
9156,ngráinní,n,,í
9157,scrúdaíodh,,,íodh
9158,tonnmharcaíochta,t,,ta
9159,leath-mheabhracha,,leath,acha
9160,dea-láimhe,,dea,e
9161,mhea,,,a
9162,eascaire,,eas,aire
9163,cinnteacht,,cinn,eacht
9164,Halimione,,,ne
9165,hordófar,h,,ófar
9166,príomhdhearthóirí,,príomh,í
9167,Gréigise,,,se
9168,Mackenzie,,,e
9169,bhrionglóid,,,óid
9170,Finne,,,ne
9171,Leas-Stiúrthóra,,,ra
9172,tsloinne,t,,ne
9173,breithnithe,,,ithe
9174,n-infheisteoirí,n-,in,í
9175,Comhpháirtíochtaí,,,taí
9176,líonfar,,,far
9177,mullein,,,in
9178,Gluaisteáin,,,in
9179,gcomhdhlúthú,g,comh,ú
9180,iompórtáil,,,áil
9181,Dátúnaigh,,,aigh
9182,in-athcheaptha,,in,tha
9183,Maura,,,ra
9184,han-tobann,h,an,ann
9185,dTiocfidh,d,,fidh
9186,fhoilsiú,,,iú
9187,neamhaí,,neamh,aí
9188,bréige,,,e
9189,ndoiciméad,n,do,éad
9190,mórghuais,,mór,ais
9191,chraolacháin,,,in
9192,chomhdhlúthú,,,ú
9193,malaria,,,ia
9194,lomháil,,,áil
9195,sáraithe,,sár,aithe
9196,Cathartha,,,tha
9197,idirdhealú,,idir,alú
9198,doiciméadúchán,,do,án
9199,Einceifileapaite,,,paite
9200,mhaithe,,,aithe
9201,sean-ghnóthaí,,sean,aí
9202,Céim-Dúin,,,in
9203,Muireann,,,eann
9204,phróifílí,,,í
9205,colóime,,,e
9206,aisnéis,,ais,is
9207,Bainistiú,,,iú
9208,áirmhítear,,,ítear
9209,Oibritheoir,,,eoir
9210,n-uimhreacha,n-,,eacha
9211,hidirbhriseadh,h,idir,eadh
9212,neamhfheidhmiú,,neamh,iú
9213,Dheontais,,,ais
9214,céad-ainmneacha,,céad,eacha
9215,ard-rátaí,,ard,taí
9216,mBallstáit,m,,áit
9217,cannaí,,,aí
9218,shracriantar,,,tar
9219,géarchéim,,,im
9220,dhruim,,,im
9221,gnáth-chomhalta,,gnáth,ta
9222,idir-inoibritheach,,idir,each
9223,inráthaithe,,in,aithe
9224,infhorghéillte,,in,te
9225,pósfaidh,,,faidh
9226,tharraingteacht,,,eacht
9227,Stiobhardach,,,ach
9228,físealaíona,,fís,na
9229,trasna,,tras,na
9230,sproutáilte,,,te
9231,ngríosadh,n,,adh
9232,seiceanna,,,eanna
9233,ilfheidhmeach,,il,each
9234,tomhas,t,,as
9235,leantán,,,án
9236,Daytona,,,na
9237,Sábháilteacht,,,eacht
9238,scríobach,,,obach
9239,agallamh,,,amh
9240,feoite,,,te
9241,Cistineacha,,,eacha
9242,mósáice,,,e
9243,Donchian,,,an
9244,ath-in-athchúrsáilte,,ath,te
9245,scamhóg,,,óg
9246,coireachta,,,ta
9247,choimeádán,,,án
9248,Lámhachóirí,,,í
9249,ionadaí,,ion,aí
9250,Neamhchoinneálachta,,,ta
9251,dhlúthstruchtúr,,,úr
9252,comhchineálach,,comh,ach
9253,loighisticiúil,,,úil
9254,Achtachain,,,in
9255,contrapháirtithe,,,ithe
9256,phraghais,,,ais
9257,Delta,,,ta
9258,Daingnithe,,,ithe
9259,povidone,,,ne
9260,phíblíne,,,ne
9261,Gníomhacha,,,acha
9262,Aontaím,,,aím
9263,Trialach,,,ach
9264,bhFraincis,bh,,is
9265,madaidh,,,aidh
9266,baykara,,,ra
9267,ainmnithe,,ain,ithe
9268,duirithe,,,ithe
9269,tuairim,t,,im
9270,d'eisíontais,d',,ais
9271,seachtrachtaí,,seacht,taí
9272,géaróg,,,óg
9273,hainutele,h,ain,e
9274,fhurógra,,,ra
9275,dtabharfaí,d,,aí
9276,gearríocaíocht,,gearr,aíocht
9277,roghnaíocht,,ro,aíocht
9278,Imthosca,,,a
9279,Slánóidh,,,óidh
9280,Rannóga,,,ga
9281,fíor-insamhaltaí,,fíor,taí
9282,sciúradh,,,radh
9283,Cuirfar,,,far
9284,ndíolachán,n,dí,achán
9285,tréine,,tré,ne
9286,postais,,,ais
9287,Armada,,,da
9288,tarlú,t,tar,ú
9289,inbhear,,in,ear
9290,ard-spreagtha,,ard,tha
9291,spásáilte,,,te
9292,cháiséin,,,éin
9293,buiséad,,,éad
9294,ardriosca,,ard,a
9295,hainneoin,h,ain,in
9296,ath-choigeartú,,ath,ú
9297,Tacaíocht,,,aíocht
9298,Lúnasa,,,sa
9299,Soghluaiste,,,te
9300,lárionad,,lár,ad
9301,Stát-Chiste,,,te
9302,Dí,,,í
9303,ghearr-ama,,,a
9304,Freagraítear,,,ítear
9305,mála-mála,,,a
9306,leictreachas,,leictrea,achas
9307,tógadh,t,,adh
9308,sollúnú,,so,ú
9309,páirtnéirí,,páirt,í
9310,frith-inchurtha,,frith,tha
9311,bitheolaíocht,,bith,aíocht
9312,aicne,,,ne
9313,Comhdhálacha,,,acha
9314,n-ionsúíonn,n-,ion,íonn
9315,Evanna,,,anna
9316,Tochailtí,,,tí
9317,America,,,a
9318,ilchisealacha,,il,acha
9319,inathraithe,,in,aithe
9320,fhailligh,,,igh
9321,gcomhlíonfadh,g,comh,fadh
9322,d'airleacan,d',,an
9323,dhlinse,,,se
9324,Breithiuin,,,in
9325,modheolaíochta,,,ta
9326,tiomnóra,t,,ra
9327,comhthiomsaithe,,comh,aithe
9328,Speisialtóra,,,ra
9329,cruinn,,,inn
9330,mairtíreach,,,each
9331,leathdhéanach,,leath,ach
9332,dhleathacht,,,acht
9333,Coimeádtar,,,tar
9334,millteach,,,each
9335,Gümüşgün-Isparta,,,ta
9336,Díreofar,,,far
9337,Fhíseach,,,each
9338,chomhdú,,,ú
9339,eagraíochtaí,,,taí
9340,fhoirgniú,,,iú
9341,gcomhlachas,g,comh,achas
9342,gnáth-fhrithchúrsáil,,gnáth,áil
9343,dugaí,,,aí
9344,gairmthe,,,the
9345,shonraíonn,,,aíonn
9346,Icicle,,,e
9347,bheathra,,,ra
9348,gairmoiliúna,,,na
9349,Léacht,,,acht
9350,dhramhaíl,,,aíl
9351,Rothaí,,,aí
9352,leasaíos,,leas,íos
9353,Ababa,,,a
9354,Hryvnia,,,ia
9355,Tarchuirfear,,,fear
9356,árachas-bhunaithe,,,aithe
9357,Naiscín,,,ín
9358,neascheannaitheoir,,neas,eoir
9359,dteagmhas,d,,as
9360,oibrear,,,ear
9361,Chaithinnse,,,se
9362,Chaothúlacht,,,acht
9363,Diobhálacha,,,acha
9364,shonrach,,,ach
9365,bhotúin,,,in
9366,pagánacha,,,acha
9367,Šşkinkin,,,in
9368,Seiceadóirí,,,í
9369,Scátála,,,a
9370,Bíotáil,,,áil
9371,Colmcille,,,e
9372,gcuótaí,g,,taí
9373,charpán,,,án
9374,léasuithe,,,ithe
9375,Mianta,,,ta
9376,cleas,,,eas
9377,haistí,h,ais,tí
9378,Fúndúireacht,,,eacht
9379,gabhálas,,,as
9380,gaireacht,,,eacht
9381,Bhoisnia,,,ia
9382,díoltais,,dí,ais
9383,Urraíochta,,,ta
9384,Leice,,,e
9385,Buanionadaíocht,,,aíocht
9386,Beachtas,,,tas
9387,bhfreastalódh,bh,,ódh
9388,Nateglinide,,,e
9389,t-éilitheoir,t-,,eoir
9390,rannchuidithe,,,ithe
9391,Déanfaimid,,,aimid
9392,Damáistí,,,tí
9393,gheallbhruide,,,e
9394,Chabhraigh,,,aigh
9395,bhunriachtanacha,,,acha
9396,cultacha,,,acha
9397,fhreagraíonn,,,aíonn
9398,bpréimheanna,b,,eanna
9399,Salach,,,ach
9400,Áiritheofar,,,far
9401,léiriú,,,iú
9402,gcatalóg,g,,óg
9403,mbalcóin,m,,in
9404,dTabhartas,d,,tas
9405,máinliaghachta,,,ta
9406,gráin,,,in
9407,comhordóidh,,comh,óidh
9408,mhicreaileachtaí,,,taí
9409,pluspheantáin,,,in
9410,hárachóirí,h,,í
9411,entitas,,,tas
9412,bealaigh,,,aigh
9413,díchódaithe,,dí,aithe
9414,Ard-Rúnaithe,,,aithe
9415,pinsinéir,,,éir
9416,féincheartú,,féin,ú
9417,comhiomláin,,comh,in
9418,Aonfhoirmeacha,,,eacha
9419,Anemia,,,ia
9420,n-imscrúduithe,n-,im,ithe
9421,coillearnaí,,,aí
9422,microdánaithe,,,aithe
9423,Lamhálfar,,,far
9424,athchomhlánú,,ath,ú
9425,coibhéiseach,,,each
9426,foscúil,,fo,úil
9427,ghnáththuilleamh,,,amh
9428,brablach,,,ach
9429,Tharlaíonn,,,aíonn
9430,fíor-uaillmhian,,fíor,an
9431,Cuimsithe,,,ithe
9432,toirmisctear,t,,ear
9433,chigireacht,,,eacht
9434,Ríomh-chomhtháthú,,,ú
9435,Brú,,,ú
9436,mheachan,,,chan
9437,Cócaireacht,,,eacht
9438,Calaois,,,is
9439,direach,,,each
9440,Insí,,,í
9441,Ghlacadh,,,adh
9442,bheifí,,,fí
9443,Reáchtáil,,,áil
9444,D'aontaigh,D',aon,aigh
9445,Athfhoirgníocht,,,íocht
9446,Slavonia,,,ia
9447,Frithshoghluaisteachta,,,ta
9448,Kirovohrad,,,ad
9449,cháin,,,in
9450,choire,,,ire
9451,chúlcheadóidh,,,óidh
9452,an-shoiléir,,an,éir
9453,príomh-phíopa,,príomh,a
9454,ard-béite-carotene,,ard,ne
9455,Ãosáide,,,e
9456,gcogadh,g,,adh
9457,leordhóthanach,,,ach
9458,chuimhneacháin,,,in
9459,Sorcóir,,,óir
9460,Gluaisteán,,,eán
9461,d'áiteanna,d',,eanna
9462,úra,,,ra
9463,dhéanaimse,,,se
9464,diagnóiseacha,,dia,eacha
9465,eithe,,,ithe
9466,Coinneoidh,,,idh
9467,giosta,,,ta
9468,Chearnóg,,,óg
9469,forchuirfidh,,for,fidh
9470,Bhuirge,,,e
9471,Buiséadach,,,ach
9472,heatramh,h,,amh
9473,pinn,,,inn
9474,Comhairliúchán,,,án
9475,Slatiascaireacht,,,eacht
9476,uasmhéadaíonn,,uas,aíonn
9477,shamhlacha,,,acha
9478,Saineofar,,,far
9479,Tuairisciú,,,iú
9480,eagarthóirí,,,í
9481,cróinéir,,,éir
9482,hoiread,h,oir,ad
9483,luchtaithe,,,aithe
9484,moilliú,,,iú
9485,fiach,,fia,ach
9486,criticiúla,,,a
9487,Seirbhísí,,,í
9488,Diaibíní,,,í
9489,ioncam-coibhneasta,,ion,ta
9490,faisnéise,,,se
9491,geallúna,,,na
9492,Gallán,,,án
9493,carbónáitithe,,,ithe
9494,comhoiriúnann,,comh,ann
9495,shainaithníonn,,,íonn
9496,Cosme-de,,,e
9497,dheabhruíonn,,,íonn
9498,bhfiadhúlra,bh,fia,ra
9499,Chuan,,,an
9500,mórfhaillí,,mór,í
9501,n-imeachta,n-,im,ta
9502,uaslódála,,uas,a
9503,dtosnuítear,d,,ítear
9504,mainnithe,,,ithe
9505,adamhach,,,ach
9506,fhlaithiúlacht,,,acht
9507,solúbacht,,so,acht
9508,chlárathóirí,,,í
9509,dícheallach,,dí,ach
9510,Aindrias,,,as
9511,láithriú,,,iú
9512,dholúintí,,,tí
9513,cónaitheach,,,each
9514,d'fhionnadh,d',,adh
9515,nGleanntach,n,,ach
9516,áitítear,,,ítear
9517,ChunKidsle,,,e
9518,ghríosóidh,,,óidh
9519,Tema,,,a
9520,mbraitheann,m,,eann
9521,Atóg,,,óg
9522,deabhóid,,dea,óid
9523,liostáil,,,áil
9524,Altranais,,,ais
9525,choimeádann,,,ann
9526,gheobhlocáil,,,áil
9527,eiceachóras,,,as
9528,frith-gliú,,frith,iú
9529,veiníre,,,e
9530,Coscanna,,,anna
9531,róthéite,,ró,te
9532,shocraíocht,,,aíocht
9533,haistreofar,h,ais,far
9534,eallach,,,ach
9535,gránghunna,,,na
9536,Cinntigh,,,tigh
9537,bailíodh,,,íodh
9538,fuireach,,,each
9539,d'Athrú,d',,ú
9540,Todhchaí,,,aí
9541,haontuíodh,h,aon,íodh
9542,slaite,,,te
9543,dhóiteáin,,,in
9544,sciatha,,,tha
9545,agha-loitithe,,,ithe
9546,oirirce,,oir,e
9547,láimhseála,,,a
9548,sóisialta,,,ta
9549,déanfas,,dé,fas
9550,Ísealchumhachta,,,ta
9551,Fruilcheannach,,,ach
9552,gliú,,,iú
9553,Úránas,,,as
9554,Leacacha,,,acha
9555,dhoiciméadú,,,ú
9556,mheánchostais,,,ais
9557,Fothú,,,ú
9558,mharcaíocht,,,aíocht
9559,Gluaiseacht-Soladach,,,ach
9560,taiscéaladh,t,tais,adh
9561,críochnú,,,ú
9562,Buan-Óglaigh,,,aigh
9563,adhmad,,,ad
9564,Róbataice,,,e
9565,istigh,,,tigh
9566,Bhreithiúnais,,,ais
9567,Léireoidh,,,idh
9568,Cáilíocht,,,íocht
9569,faireachas,,,achas
9570,saoire,,,ire
9571,cuiridís,,,idís
9572,neastampálta,,neas,ta
9573,reachtúla,,,a
9574,Coillte,,,te
9575,Inacmhainne,,,ne
9576,ghasta,,,ta
9577,Thraidisiúin,,,in
9578,Foirgneamh,,,amh
9579,própán,,,án
9580,lán-inniúlachta,,,ta
9581,tSaotharlann,t,,lann
9582,céimseata,,,ta
9583,bpeacaí,b,,aí
9584,dtógtar,d,,tar
9585,idirchaidreamh,,idir,amh
9586,móra,,mór,ra
9587,síorchomharbas,,síor,as
9588,greamaí,,,aí
9589,hamhráin,h,am,in
9590,Ambasadóirí,,,í
9591,dáéis,,dá,is
9592,chíosanna,,,anna
9593,básann,,,ann
9594,téipeanna,t,,eanna
9595,chongantóirí,,,í
9596,ghníomhaire,,,aire
9597,phéintear,,,ear
9598,Cóbanhávan,,,an
9599,mhócóis,,,óis
9600,pie,,,e
9601,chaomhnadh,,,adh
9602,Cine,,,ne
9603,síochána,,,na
9604,Dobhráin,,,in
9605,Réimsí,,,í
9606,amóiniam,,am,iam
9607,Naíonán,,,án
9608,ngnáthchomhnaí,n,gnáth,aí
9609,Anotáin,,,in
9610,ríoghna,,,na
9611,Toghleictreach,,,each
9612,Sintéis,,,is
9613,seachnaíonn,,,aíonn
9614,Chrois,,,is
9615,fhilleann,,,eann
9616,n-bhochtaineacht,,,eacht
9617,méideanna,,,eanna
9618,d'ítimí,d',,í
9619,saineolaí,,sain,aí
9620,ghnáthuimhreacha,,,eacha
9621,gclochadh,g,,adh
9622,Caomhnaithe,,,aithe
9623,Cónaithe,,,aithe
9624,míchruinn,,mí,inn
9625,hasaoideachta,h,as,ta
9626,Treochtaí,,,taí
9627,eisiatacha,,eisi,acha
9628,scuirfar,,,far
9629,inchoigeartaithe,,in,aithe
9630,bpearsanra,b,,ra
9631,deire,,,ire
9632,athbhunú,,ath,ú
9633,sceimhle,,,e
9634,Caomhnóirí,,,í
9635,fháltais,,,ais
9636,bhfigiúr,bh,,úr
9637,Chuirreáin,,,in
9638,réamh,,,amh
9639,hearthole,h,,e
9640,n-staidéir,,,éir
9641,astilba,,as,a
9642,Gaiste,,,te
9643,mBealtaine,m,,ne
9644,taispeántais,t,tais,ais
9645,Chaitliceach,,,each
9646,deireanacha,,,acha
9647,dlúthpháirtíocht,,,íocht
9648,cheachtanna,,,anna
9649,Réamhthráchtaireacht,,,eacht
9650,campála,,,a
9651,gearrthóg,,gearr,óg
9652,d'aithris,d',aith,is
9653,ardteistiméireachta,,ard,ta
9654,budesonide,,,e
9655,aoiligh,,,igh
9656,freagarthach,,,ach
9657,fhiach-éilitheora,,,ra
9658,aeradróim,,aera,im
9659,borróga,,,ga
9660,shainigh,,,igh
9661,có-dhlúithe,,,ithe
9662,bheartós,,,ós
9663,suidheanna,,,eanna
9664,n-Rialú,,,alú
9665,sciotadh,,,adh
9666,nOifigí,,,igí
9667,docharach,,do,ach
9668,d'ionstraim,d',ion,aim
9669,lánrochtain,,,in
9670,lagad,,lag,ad
9671,mhamas,,,as
9672,gcaoileis,g,,is
9673,báistighe,,,e
9674,Eaglais,,,ais
9675,cheadÃonais,,,ais
9676,Zynga,,,ga
9677,saghsanna,,,anna
9678,Athruithe,,,ithe
9679,suibscríbhinní,,,í
9680,n-Litecoin,,,in
9681,sona,,so,na
9682,cheistigh,,,tigh
9683,bulaíocht,,,aíocht
9684,gComórtas,g,,tas
9685,dlítheanach,,,ach
9686,Gharda,,,da
9687,bhuniarratas,,,tas
9688,bogann,,bog,ann
9689,SpatialiInvige,,,e
9690,t-údarú,t-,,ú
9691,chríochnú,,,ú
9692,sonraí,,so,aí
9693,mhorgáistithe,,,ithe
9694,sála,,,a
9695,comhaltaí,,comh,taí
9696,mhionreaca,,,a
9697,Chostas,,,tas
9698,Fostaíochta,,,ta
9699,Mhúscraí,,,aí
9700,Liostaithe,,,aithe
9701,Gléasra,,,ra
9702,caradas,,,as
9703,úinéirithe,,,ithe
9704,gríosú,,,ú
9705,Múintear,,,ear
9706,coinbhéartaithe,,,aithe
9707,mharaítear,,,ítear
9708,hainmliostaí,h,ain,taí
9709,750-bhata,,,ta
9710,teorainniú,t,teo,iú
9711,cheapadóir,,,adóir
9712,dearbhóide,,dearbh,e
9713,Diúltach,,,ach
9714,Chnáimhseachais,,,ais
9715,Réad,,,éad
9716,saosúr,,,úr
9717,huasmhéideanna,h,uas,eanna
9718,n-Iarratas,n-,,tas
9719,meastóir,,,tóir
9720,urlámhais,,ur,ais
9721,Gabhála,,,a
9722,diúltuithe,,,ithe
9723,Buailfidh,,,fidh
9724,fonnaidh,,fo,aidh
9725,Scoilbhliain,,,in
9726,lag-intinneach,,lag,each
9727,hagóideoirí,h,,í
9728,criáin,,,in
9729,neamhfhóinteacha,,neamh,eacha
9730,méadófaí,,,ófaí
9731,imtheorannaithe,,im,aithe
9732,Trédhearcach,,,ach
9733,gnáthbhreithiúna,,gnáth,na
9734,laghdaithe,,lag,aithe
9735,hachoimre,h,,e
9736,lamairne,,,ne
9737,mhoncaí,,,aí
9738,Bpléadálann,,,lann
9739,clocha,,,a
9740,thóg,,,óg
9741,Pléimeannais,,,ais
9742,Gaudí,,,í
9743,Tuairiscithe,,,ithe
9744,n-iomportálfar,n-,,far
9745,fionntar,,,tar
9746,troime,,,e
9747,bhfásóirí,bh,,í
9748,Caitheadh,,,eadh
9749,cúraimí,,,í
9750,insliú,,in,iú
9751,athstruchtúrú,,ath,ú
9752,tráchtearra,,,ra
9753,soineann,,so,eann
9754,mbruach,m,,ach
9755,tiúchana,t,,na
9756,EarsMate,,,te
9757,gabhfaidh,,,faidh
9758,múintear,,,ear
9759,Fo-gheimhreadh,,,eadh
9760,Bliana,,,na
9761,comhiomarcaíochtaí,,comh,taí
9762,gcuideachtan,g,,an
9763,Éiteas,,,eas
9764,Ceanainn,,,inn
9765,bónais,,,ais
9766,seanmóireachta,,sean,ta
9767,glantóireachta,,,ta
9768,rithtí,,,tí
9769,tré-shaoráidí,,tré,í
9770,Stórála,,,a
9771,Leideanna,,,eanna
9772,inchinne,,in,ne
9773,tsuimeanna,t,,eanna
9774,gortaíodh,,,íodh
9775,Límistéir,,,éir
9776,lasta,,las,ta
9777,chosain,,,in
9778,seolta,,,ta
9779,beacht,,,eacht
9780,toghacháin,t,,in
9781,deiseanna,,,eanna
9782,molann,,,lann
9783,éalaíonn,,éa,aíonn
9784,shona,,,na
9785,Iarrfaidh,,,faidh
9786,mhargú,,,ú
9787,Chumhrán,,,án
9788,ceistneoir,,,eoir
9789,Léirmheastóireachta,,,ta
9790,hiontÃ3gálacha,h,ion,acha
9791,cheaduithe,,,ithe
9792,Iubhaile,,,e
9793,Dearbhú,,,ú
9794,Theicneolaíochta,,,ta
9795,hathruithe,h,ath,ithe
9796,taise,t,tais,se
9797,Ifreann,,,eann
9798,dramaíochta,,,ta
9799,gceachtanna,g,,anna
9800,iarchéimeanna,,iar,eanna
9801,urghabhtar,,ur,tar
9802,gcineálacha,g,,acha
9803,Eorpaigh,,,aigh
9804,athfhillteach,,ath,each
9805,comhdhlúthaithe,,comh,aithe
9806,Comhchónaitheoirí,,,í
9807,foclaíocht,,fo,aíocht
9808,n-achmhainní,n-,,í
9809,Fónann,,,ann
9810,Maigeanta,,,ta
9811,deoise,,,se
9812,Ozan,,,an
9813,foilseofar,,fo,far
9814,vásanna,,,anna
9815,nGearmáinis,n,,is
9816,tástála,t,,a
9817,Leas-Cheann,,,eann
9818,iúnta,,,ta
9819,dTollán,d,,án
9820,Meadhrán,,,án
9821,gcuirfeadh,g,,eadh
9822,ionoighreachta,,ion,ta
9823,omhalta,,,ta
9824,iomaíocha,,,a
9825,neamhdhócha,,neamh,a
9826,blagálaí,,,aí
9827,chlaochluíonn,,,íonn
9828,sliogaimid,,,aimid
9829,dhúchas,,,as
9830,Bairille,,,e
9831,scamhógach,,,ach
9832,Príomh-Fhorálacha,,,acha
9833,aithnítear,,aith,ítear
9834,buíochais,,,ais
9835,Indonesia,,,ia
9836,mbainistiú,m,bain,iú
9837,fhéadfar,,,far
9838,faoiseamh,,,amh
9839,inbhruthaithe,,in,aithe
9840,Ollfhathachréalta,,,ta
9841,boilgeoga,,,ga
9842,carnaithe,,,aithe
9843,ghearras,,,as
9844,méarlorgú,,,ú
9845,Laethanta,,,ta
9846,d'eirigh,d',,igh
9847,ndeallruighidh,n,dea,idh
9848,neamhleachtaithe,,neamh,aithe
9849,bhliantúla,,,a
9850,scátha,,,tha
9851,Trasfhoirmeoir,,,eoir
9852,haontú,h,aon,ú
9853,Dochtúireachta,,,ta
9854,féimheach,,,each
9855,Kahramanmaras,,,as
9856,Pas,,,as
9857,ndiagnóis,n,dia,óis
9858,theastaíonn,,,aíonn
9859,dátaithe,,dá,aithe
9860,tarrthálais,t,tar,ais
9861,hiomlán,h,,án
9862,bhfuarthas,bh,,as
9863,cineáil,,,áil
9864,dtosaíochtaí,d,,taí
9865,thairgfear,,,fear
9866,áitíocht,,,íocht
9867,ndeonfadh,n,,fadh
9868,Aigéad,,,éad
9869,ndiúscarfaidh,n,,faidh
9870,Ciúbanna,,,anna
9871,Moldóvach,,,ach
9872,sÃoile,,,e
9873,mania,,,ia
9874,Cholóim,,,im
9875,Easbhrúite,,,te
9876,Mianra,,,ra
9877,n-ológ,n-,,óg
9878,Magairlín,,,ín
9879,bhfailleofar,bh,,far
9880,Comhbhrú,,,ú
9881,Armáin,,,in
9882,Cearta,,,ta
9883,Coinne,,,ne
9884,coigilteas-choibhneasa,,,sa
9885,toimhdeofar,t,,far
9886,phláinnithe,,,ithe
9887,dtaifeadta,d,,ta
9888,billín,,bi,ín
9889,Thaighdeoirí,,,í
9890,Fásta,,,ta
9891,bhlianachtaí,,,taí
9892,measúnaíodh,,,íodh
9893,chumhachtú,,,ú
9894,madraí,,,aí
9895,21adh,,,adh
9896,Phósta,,,ta
9897,bpatas,b,pata,tas
9898,mímhacánta,,mí,ta
9899,hÉigipte,h,,te
9900,Tide,,,e
9901,gaothscátha,,,tha
9902,ionchúisitheora,,ion,ra
9903,Comhoibrithe,,,ithe
9904,bhailigh,,,igh
9905,íocfar,,,far
9906,Eurasiada,,,da
9907,Cleithiúnacha,,,acha
9908,dtinneas,d,,eas
9909,Jovan,,,an
9910,shéadchomharthaí,,,aí
9911,cheallacha,,,acha
9912,taislithe,t,tais,ithe
9913,longbhriste,,,te
9914,Bhuan-Choiste,,,te
9915,Laghdaithe,,,aithe
9916,neamh-inghlacthacht,,neamh,acht
9917,bpíopa,b,,a
9918,sábháltacht,,,tacht
9919,Cosmaí,,,aí
9920,rianadh,,,adh
9921,Ceachtanna,,,anna
9922,bhFear,bh,,ear
9923,chuí-réasúnaithe,,,aithe
9924,coinbhéartachta,,,ta
9925,Dlí-Mhuirear,,,ear
9926,deileálfar,,,far
9927,Bhealtaine,,,ne
9928,haistrithe,h,ais,ithe
9929,tharchuireann,,,eann
9930,sistéamacha,,,acha
9931,dhúnfar,,,far
9932,Tugaim,,,aim
9933,atreoraíodh,,,íodh
9934,Thithíocht,,,íocht
9935,truailliúcháin,,,in
9936,dáileann,,dá,eann
9937,Shocrú-deisithe,,,ithe
9938,cuartha,,,tha
9939,n-éiríonn,n-,,íonn
9940,hAsarbaiseáine,h,,ne
9941,doghlactha,,do,tha
9942,ghrúdófar,,,ófar
9943,Neamhchinnte,,,te
9944,Críochnaigh,,,aigh
9945,hachainí,h,,í
9946,Luachála,,,a
9947,páchoibhneasa,,,sa
9948,dúichí,,dú,í
9949,Dearadh-chruthú,,,ú
9950,chaiteachas,,,achas
9951,dhraenáil,,,áil
9952,Sóivéadach,,,ach
9953,príomhchigire,,príomh,ire
9954,comhrite,,comh,te
9955,gcothabháil,g,,áil
9956,cartlannú,,,ú
9957,dhréachtadh,,,adh
9958,soláthruítear,,so,ítear
9959,eirge,,,e
9960,d'athruithe,d',ath,ithe
9961,shroicheann,,,eann
9962,bhailitheoir,,,eoir
9963,Imeachta,,,ta
9964,gceardlanna,g,,anna
9965,fhliuchra,,,ra
9966,Tuigfar,,,far
9967,slánú,,,ú
9968,shuítear,,,ítear
9969,d'ullmhaigh,d',,aigh
9970,Líomatáiste,,,te
9971,dheabhróidh,,,óidh
9972,Monte,,,te
9973,mbanéigean,m,ban,an
9974,óipiam,,,iam
9975,Arán,,,án
9976,tagairtí,t,,tí
9977,grafaicí,,,í
9978,Vitimín,,,ín
9979,íoslaghdú,,íos,ú
9980,ghinigh,,,igh
9981,ath-thrialach,,ath,ach
9982,réamh-mhaoinithe,,réamh,ithe
9983,Blaoscáin,,,in
9984,Seanfhocla,,,a
9985,uainíocht,,,íocht
9986,Mothaíonn,,,aíonn
9987,chaipitliú,,,iú
9988,sainchomhad,,sain,ad
9989,Pacáil,,,áil
9990,mhúnlaí,,,aí
9991,nglacfar,n,,far
9992,cúitithe,,,ithe
9993,Seisiúin,,,in
9994,Déanaim,,,aim
9995,teastaíocht,t,,aíocht
9996,n-iomaíocht,n-,,aíocht
9997,cárta,,,ta
9998,shainíonn,,,íonn
9999,cócairí,,,í
10000,Foráiltear,,,ear
10001,neamhleictheictreach,,neamh,each
10002,gCaitliceach,g,,each
10003,síocháin,,,in
10004,dúinn,,dú,inn
10005,comhsheasmhach,,comh,ach
10006,Continassa,,,sa
10007,mhainneoidh,,,idh
10008,Compháirtíochtaí,,,taí
10009,chuntasú,,,ú
10010,praemia,,,ia
10011,18adh,,,adh
10012,fiaclach,,fia,ach
10013,dea-fheidhmiú,,dea,iú
10014,ionoighreacht,,ion,eacht
10015,dhuilleoga,,,ga
10016,coincréideacha,,,eacha
10017,mhamaigh,,,aigh
10018,ghnáthoibríochtaí,,,taí
10019,hidirghabhála,h,idir,a
10020,Conarach,,,ach
10021,Ilpháirtí,,,tí
10022,fhorchuirfidh,,,fidh
10023,chomhiomlána,,,na
10024,incrimintí,,in,tí
10025,bhFiacha,bh,,acha
10026,staitistíochta,,,ta
10027,Madraí,,,aí
10028,fógraíochta,,,ta
10029,díolfar,,dí,far
10030,díluachála,,dí,a
10031,athneartaithe,,ath,aithe
10032,athstruchturú,,ath,ú
10033,Ghnótha,,,tha
10034,chomhlachaithe,,,aithe
10035,glóthach,,,ach
10036,Fheisire,,,ire
10037,d'iarrachtaí,d',iar,taí
10038,heisiach,h,eisi,ach
10039,Fearainn,,,inn
10040,Fíocháin,,,in
10041,phunainne,,,ne
10042,earráideach,,,each
10043,Uskoka,,,a
10044,sholáirithe,,,ithe
10045,dlúthdhioscanna,,,anna
10046,urnaithe,,ur,aithe
10047,Iúil-Lúnasa,,,sa
10048,fírnne,,,ne
10049,éasúintí,,éa,tí
10050,mhaireachtáil,,,áil
10051,measúnóir,,,óir
10052,bhfiach,bh,fia,ach
10053,laigheadú,,,ú
10054,Euroopa,,,a
10055,europea,,,a
10056,t-imoibriú,t-,im,iú
10057,Choimisinéara,,,ra
10058,fanaile,,,e
10059,uilleann,,,eann
10060,fhobairtí,,,tí
10061,phatrúin,,,in
10062,díreoidh,,dír,idh
10063,oll-olltáirgeadh,,oll,eadh
10064,clibeanna,,,eanna
10065,ostaíocht,,os,aíocht
10066,ngníomhaíocht,n,,aíocht
10067,innéacsú,,in,ú
10068,dhíscaoilte,,,te
10069,ghonta,,,ta
10070,Frithsheasmhacht,,,acht
10071,bhfoclaíocht,bh,fo,aíocht
10072,ocsaídiú,,,iú
10073,phóilíní,,,í
10074,t-urscaoileadh,t-,ur,eadh
10075,ndírímid,n,dí,ímid
10076,aigéadach,,,ach
10077,folcadh,,fo,adh
10078,Teachtaireachtaí,,,taí
10079,Iniúchadh,,,adh
10080,súil,,,úil
10081,giuirléidí,,,í
10082,Mheas,,,eas
10083,caighdéanach,,,ach
10084,gCúntóirí,g,,í
10085,Riteoga,,,ga
10086,gnáth-cheadúnas,,gnáth,únas
10087,hoibríochtúil,h,,túil
10088,thraiseolfaidh,,,faidh
10089,mhaolaithe,,,aithe
10090,réadacha,,réa,acha
10091,gcomhbheartas,g,comh,tas
10092,Séa,,,a
10093,calaoisí,,,í
10094,ghoidte,,,te
10095,dé-loine,,dé,ne
10096,scagairí,,,í
10097,bhonn-tréimhse,,,se
10098,Albáin,,,in
10099,Choimisinéir,,,éir
10100,ullmhóidí,,,í
10101,n-itheann,n-,,eann
10102,tomhailte,t,,te
10103,leibhinne,,,ne
10104,chomhréireach,,,each
10105,aisíocaíochta,,ais,ta
10106,Fhostaíocht,,,aíocht
10107,coisctear,,,ear
10108,dhílseacháin,,,in
10109,hathfhoirgniú,h,ath,iú
10110,HoloKote,,,te
10111,Leannán,,,án
10112,Benjamin,,,in
10113,dháileachtaí,,,taí
10114,suíonn,,,íonn
10115,teifeacha,t,,eacha
10116,fánaíocht,,,aíocht
10117,cleachta,,,ta
10118,ochána,,,na
10119,Forlíonadh,,,adh
10120,iar-bhunoideachais,,iar,ais
10121,fo-éadaí,,fo,aí
10122,dtacóimid,d,,óimid
10123,líonfaidh,,,faidh
10124,bunsraitheanna,,bun,eanna
10125,suiteáladh,,,adh
10126,heornan,h,eo,an
10127,D'áitigh,D',,tigh
10128,Cogadh,,,adh
10129,Scéim,,,im
10130,mBreitheamh,m,,amh
10131,anáil,,an,áil
10132,ngairtear,n,,ear
10133,bhfillfimid,bh,,fimid
10134,ghairfear,,,fear
10135,Cheapacháin,,,in
10136,fhoirmle,,,e
10137,Breathnaigh,,,aigh
10138,mheitibileacha,,,eacha
10139,n-easportálaithe,n-,eas,aithe
10140,dhrugaí,,,aí
10141,dtéarmaí,d,,aí
10142,Chuardaitheora,,,ra
10143,gcur-i-gcoinnibh,g,,ibh
10144,taifeadadh,t,,adh
10145,sahara,,,ra
10146,tacaí,t,,aí
10147,tairbhithe,t,,ithe
10148,mór-dheighleáil,,mór,áil
10149,Lárionad,,,ad
10150,faiseanta,,,ta
10151,n-oibreoirí,n-,,í
10152,Toglaigh,,,aigh
10153,cúblála,,,a
10154,Muirthead,,,ad
10155,tinne,t,,ne
10156,dhéanfar,,,far
10157,sheónna,,,na
10158,Léachtóirí,,,í
10159,tionscnóir,t,,óir
10160,seach-churaclaim,,,aim
10161,hoidí,h,,í
10162,mbileog,m,bi,eog
10163,rótharraingtí,,ró,tí
10164,d'athdhéanamh,d',ath,amh
10165,Cealaítear,,,ítear
10166,ghnáthamh,,,amh
10167,t-orgánach,t-,,ach
10168,faireachais,,,ais
10169,leithdháileann,,,eann
10170,colbha,,,a
10171,Athraítear,,,ítear
10172,horgánach,h,,ach
10173,macasamhlú,,,ú
10174,Banéigean,,,an
10175,gcomhaontú,g,comh,ú
10176,iomaíocht,,,aíocht
10177,bruite,,,te
10178,nullmhú,,,ú
10179,Díolacháin,,,in
10180,chloinn,,,inn
10181,sean-chailín,,sean,ín
10182,greannáin,,,in
10183,gCrícheanna,g,,eanna
10184,chraoltóirí,,,í
10185,luadhfaidh,,,faidh
10186,Mapáil,,,áil
10187,tapa,t,,a
10188,ró-fhada,,ró,da
10189,Cheadúnas,,,únas
10190,stiúrthóir,,,thóir
10191,héifeachtacht,h,,tacht
10192,dtaifeadadh,d,,adh
10193,Tíleanna,,,eanna
10194,léamhán,,,án
10195,neamhnaíodh,,neamh,íodh
10196,staitistiúil,,,úil
10197,roimh-íocanna,,ro,anna
10198,Foráil,,,áil
10199,saighní,,,í
10200,beannaithe,,,aithe
10201,diúltacha,,,acha
10202,comchuibhithe,,,ithe
10203,éagóraithe,,éa,aithe
10204,mheastóireacht,,,eacht
10205,máthairtheanga,,,ga
10206,macánta,,,ta
10207,céadimscrúduithe,,céad,ithe
10208,Mháire,,,ire
10209,Chaitliceacha,,,eacha
10210,oiriúint,,oir,úint
10211,príomhshaincheisteanna,,príomh,eanna
10212,tógann,t,,ann
10213,déirciúla,,dé,a
10214,peantán,,,án
10215,seoltaí,,,taí
10216,Bhaile,,,e
10217,Ceartúchán,,,án
10218,iarrann,,iar,ann
10219,spraeáil,,,áil
10220,maitheas,,,eas
10221,Phasáiste,,,te
10222,Sainchónaí,,,aí
10223,an-chomhréireach,,an,each
10224,chúlghaireann,,,eann
10225,agusChristian,,,an
10226,choimhdeacha,,,eacha
10227,greille,,,e
10228,lomhálfaí,,,aí
10229,S-gleoite,,,te
10230,fástionscnóirí,,,í
10231,cheanglaítear,,,ítear
10232,bPáirtí,b,,tí
10233,fuarthán,,,án
10234,lián,,,án
10235,thoghroinn,,,inn
10236,lifecycle,,,e
10237,dáileacháin,,dá,in
10238,réamh-ordú,,réamh,ú
10239,compordaí,,,aí
10240,acmhainn,,,inn
10241,Íoschaighdeáin,,,in
10242,Dochracha,,,acha
10243,fionraithe,,,aithe
10244,noibríonn,,,íonn
10245,ghluaisteach,,,each
10246,Pléadh,,,adh
10247,pornagrafaíocht,,,grafaíocht
10248,Seirbiaise,,,se
10249,ró-chomhthaobhachta,,ró,ta
10250,Fiosraíonn,,,aíonn
10251,tSeach,t,,each
10252,2-píosa,,,sa
10253,athrúcháin,,ath,in
10254,n-eacnamaithe,n-,,aithe
10255,Féichiúnaithe,,,aithe
10256,dintiúra,,,ra
10257,díobhálaí,,dí,aí
10258,seoltacht,,,tacht
10259,comhrúnaithe,,comh,aithe
10260,chirte,,,te
10261,chuntasóirí,,,í
10262,srianann,,,ann
10263,fionn,,,nn
10264,phríomhfheidhmeannach,,,ach
10265,idirnascadh,,idir,adh
10266,gaelcholáiste,,,te
10267,Solúbthacht,,,acht
10268,ullamhóidh,,,óidh
10269,oiriúnaighe,,oir,e
10270,gceadúnas,g,,únas
10271,bunuíodh,,bun,íodh
10272,uasteorann,,uas,ann
10273,Séú,,,ú
10274,Féile,,,e
10275,Sóisialach,,,ach
10276,d'uaireanta,d',,ta
10277,Turais,,,ais
10278,deasgnátha,,dea,tha
10279,tsóiteáin,t,,in
10280,comhthola,,comh,a
10281,Dídine,,,ne
10282,Chiste-shonracha,,,acha
10283,Istigh,,,tigh
10284,gcaithfidh,g,,fidh
10285,inacmhainne,,in,ne
10286,inbhainte,,in,te
10287,bhfoighníonn,bh,fo,íonn
10288,Roimhraiteach,,,each
10289,Péintéireachtaí,,,taí
10290,díthocsainse,,dí,se
10291,Seachadann,,,ann
10292,scrafacha,,,acha
10293,comhchruinnithe,,comh,ithe
10294,ndáiríre,n,dá,e
10295,Péacóige,,,e
10296,riail-chíos,,,íos
10297,Ceartúcháin,,,in
10298,ionaduithe,,ion,ithe
10299,hEarrach,h,,ach
10300,fhorbartha,,,tha
10301,ghéillean,,,an
10302,luibh,,,ibh
10303,rás-rianta,,,ta
10304,Ceadunas,,,as
10305,féin-shúchán,,féin,án
10306,ceadúnú,,,ú
10307,tráchtearraí,,,aí
10308,Cabhraithe,,,aithe
10309,inchinnheilimintí,,in,tí
10310,chó-nasctha,,,tha
10311,eispéiris,,,is
10312,ceistiúchán,,,án
10313,gcomrádaithe,g,,aithe
10314,Súilleabháin,,,in
10315,meántéarmach,,meán,ach
10316,dtógáil,d,,áil
10317,bhliantúil,,,túil
10318,idirbhlia,,idir,ia
10319,foraoiseachta,,for,ta
10320,tacófar,t,,ófar
10321,Véineas,,,eas
10322,mheasfaidh,,,faidh
10323,dheonaithe,,,aithe
10324,Bhfianaise,,,se
10325,Karayiannas,,,as
10326,neamhghní,,neamh,í
10327,linnte,,linn,te
10328,chomhléitheoireacht,,,eacht
10329,earráidí,,,í
10330,Chúlchiste,,,te
10331,Bhreisluacha,,,acha
10332,dtriailfear,d,,fear
10333,Feistis,,,is
10334,iniúchóireacht,,in,eacht
10335,Traothadh,,,adh
10336,gnáthchonartha,,gnáth,tha
10337,caogad,,,ad
10338,scairbharántais,,,ais
10339,Réaltaí,,,taí
10340,Gabháil,,,áil
10341,etcetera,,,ra
10342,keratitis,,,is
10343,urscaoilte,,ur,te
10344,phacála,,,a
10345,chathrach,,,ach
10346,Cukurova,,,a
10347,an-chúramach,,an,ach
10348,fhoinsí,,,í
10349,hinimirce,h,in,e
10350,Uathrialach,,,ach
10351,Choisteoir,,,eoir
10352,bunrialacha,,bun,acha
10353,feadhmanna,,,anna
10354,mbreiseáin,m,,in
10355,Forlámhas,,,as
10356,chasann,,,ann
10357,Mhuilinn,,,inn
10358,dteorannófar,d,teo,ófar
10359,fiaclóir,,fia,óir
10360,ghutha,,,tha
10361,gCoimisinéirí,g,,í
10362,Comhlachaithe,,,aithe
10363,gcoimisinéirí,g,,í
10364,lúcháire,,,ire
10365,scúite,,,te
10366,inmholtachta,,in,ta
10367,threoirphlean,,,an
10368,Forásacha,,,acha
10369,putóige,,,e
10370,buanchathaoirleach,,buan,each
10371,mbreithneoidh,m,,idh
10372,ildamhsa,,il,sa
10373,huimhreach,h,,each
10374,chur-isteach,,,each
10375,vestita,,,ta
10376,cumhdóidh,,,óidh
10377,t-iomportálaí,t-,,aí
10378,2-3-ú,,,ú
10379,Teagascóir,,,óir
10380,príomhbhuanna,,príomh,anna
10381,fhreagarthacht,,,acht
10382,Mhuirí,,,í
10383,radio-thelefónaíocht,,,aíocht
10384,ísealchumhachta,,,ta
10385,téann,t,,ann
10386,uigeach,,,each
10387,dearglíne,,dea,ne
10388,himdháil,h,im,áil
10389,fabhraíocht,,,aíocht
10390,neamhní,,neamh,í
10391,hiarrataisí,h,iar,í
10392,Lankan,,,an
10393,Fhreagracht,,,acht
10394,Chaithfí,,,fí
10395,gcuma,g,,a
10396,éirim,,,im
10397,comhchosúla,,comh,a
10398,rothlú,,ro,ú
10399,chosmaideach,,,each
10400,pantamaí,,pan,aí
10401,Grinnscrúdú,,,ú
10402,fairlead,,,ad
10403,Gearóid,,,óid
10404,Eadránaí,,,aí
10405,bhfodhlí,bh,fo,í
10406,pháirtidhe,,,idhe
10407,Cróinéirí,,,í
10408,uaillmhianta,,,ta
10409,ath-dhéanta,,ath,ta
10410,fillteán,,,eán
10411,shulfáit,,,áit
10412,féichiúnais,,,ais
10413,dlúthdhlúthú,,,ú
10414,tabhairtamach,t,,ach
10415,díchreideamh,,dí,amh
10416,hArdteistiméireachta,h,,ta
10417,comhlána,,comh,na
10418,Ahoora,,,ra
10419,tuigthe,t,,the
10420,Pléann,,,ann
10421,an-álainn,,an,inn
10422,caonach,,,ach
10423,Riara,,,ra
10424,príomhshuime,,príomh,e
10425,stadfa,,,a
10426,thugtar,,,tar
10427,Romach,,,ach
10428,nGardaí,n,,aí
10429,Faisin,,,in
10430,gníomhachtú,,,ú
10431,Sonraíochtaí,,,taí
10432,stoc-shealbhóir,,,óir
10433,tuaslagáin,t,,in
10434,Úsáidtear,,,ear
10435,Spásairí,,,í
10436,daor-oibre,,,e
10437,mbreathnóireacht,m,,eacht
10438,mór-a,,mór,a
10439,phríomhúil,,,úil
10440,maraithe,,,aithe
10441,Aicsin,,,in
10442,Laighean,,,an
10443,airíonna,,,na
10444,muidne,,,ne
10445,huisce,h,,e
10446,comhdófar,,comh,ófar
10447,rithfí,,,fí
10448,neamh-thocsaineacht,,neamh,eacht
10449,choigeartú,,,ú
10450,gceapachán,g,,achán
10451,gcadhnra,g,,ra
10452,míntíriú,,mín,iú
10453,Reachtóireacht,,,eacht
10454,gCeann,g,,eann
10455,lán-inslithe,,,ithe
10456,fundúireacht,,,eacht
10457,Pailme,,,e
10458,Quota,,,ta
10459,Sreangán,,,gán
10460,Saorghíola,,,a
10461,oibre,,,e
10462,snámhphointe,,,te
10463,luachmhaireacht,,,eacht
10464,bhuan-fhórsa,,,sa
10465,réamheolaire,,réamh,aire
10466,forálfar,,for,far
10467,shuífidh,,,fidh
10468,Molaim,,,aim
10469,pláinéad,,,éad
10470,Malaga,,,ga
10471,dhíogha,,,a
10472,mhín,,,ín
10473,iontrálaithe,,ion,aithe
10474,Mheáite,,,te
10475,Léiríodh,,,íodh
10476,Jim,,,im
10477,t-ionad,t-,ion,ad
10478,gcéatadán,g,,adán
10479,dtiomsófar,d,,ófar
10480,héasca,h,éa,a
10481,hAraibis,h,,is
10482,forbróirí,,for,í
10483,luím,,,ím
10484,fruilcheannaigh,,,aigh
10485,bhfód,bh,,ód
10486,fo-uirbeach,,fo,each
10487,teanntán,t,,án
10488,dallóga,,,ga
10489,eva,,,a
10490,praghsála,,,a
10491,Fhorbartha,,,tha
10492,bancanna,,ban,anna
10493,Eagraíonn,,,aíonn
10494,Bréagáin,,,in
10495,Cabhróidh,,,óidh
10496,Seirbhíseach,,,each
10497,ngnóchan,n,,chan
10498,neamhriachtanacha,,neamh,acha
10499,Fhisiciúil,,,úil
10500,mear,,,ear
10501,bhfóntas,bh,,tas
10502,chomhlíonadh,,,adh
10503,asta,,as,ta
10504,Yahya,,,a
10505,éaluithe,,éa,ithe
10506,chluasáin,,,in
10507,bhforáiltear,bh,for,ear
10508,gcoiteann,g,,eann
10509,feisteofar,,,far
10510,chruinn,,,inn
10511,Mainistreacha,,,eacha
10512,Céatadáin,,,in
10513,gnáthphraghsanna,,gnáth,anna
10514,gnáthchónaí,,gnáth,aí
10515,dheiridh,,,idh
10516,ciontú,,,ú
10517,healaíne,h,,ne
10518,íosmhuirear,,íos,ear
10519,Nordach,,,ach
10520,HFsafe,,,e
10521,sean-mhuinisean,,sean,sean
10522,n-aithnítear,n-,aith,ítear
10523,phríomhárachóra,,,ra
10524,réamh-caitheadh,,réamh,eadh
10525,Chomhlíontacht,,,tacht
10526,Cheartais,,,ais
10527,nurramú,,,ú
10528,Síntiúis,,Sín,is
10529,íomlán,,,án
10530,duaiseanna,,,eanna
10531,cinní,,cinn,í
10532,Mheánaois,,,is
10533,Comharshocraíochtaí,,,taí
10534,eirí,,,í
10535,Cuntais,,,ais
10536,fhóirdheontas,,,tas
10537,Idir-Rannach,,,ach
10538,covenie,,,e
10539,ceardlanna,,,anna
10540,mainneachtainí,,,í
10541,neamh-chomhthacaithe,,neamh,aithe
10542,ath-chlárú,,ath,ú
10543,hiasachtaithe,h,,aithe
10544,féachfa,,,a
10545,Chosúlacht,,,acht
10546,páirteachais,,páirt,ais
10547,seiceálfaidh,,,faidh
10548,goile,,,e
10549,trófaí,,,ófaí
10550,Smaointeacha,,,eacha
10551,measúnachtaí,,,taí
10552,eascáin,,eas,in
10553,chuibheoir,,,eoir
10554,pbróiseas,,,eas
10555,séú-is,,,is
10556,staim,,,aim
10557,gCaighdeán,g,,eán
10558,nímse,,,se
10559,fhástar,,,tar
10560,dhíloingsiú,,,iú
10561,iontaobhas,,ion,as
10562,1840í,,,í
10563,Shreanga,,,ga
10564,comhleanúnach,,comh,ach
10565,aistrímid,,ais,ímid
10566,chosán,,,án
10567,ghuigh,,,igh
10568,drochamhras,,droch,as
10569,haisíocfar,h,ais,far
10570,thiocfidh,,,fidh
10571,Síneach,,Sín,each
10572,Coighneála,,,a
10573,náisiúnacha,,,acha
10574,ndíolaíochtaí,n,dí,taí
10575,Criméaigh,,,aigh
10576,chatalóg,,,óg
10577,réamh-mhaoiniú,,réamh,iú
10578,ghluaisteoirí,,,í
10579,gcláraíonn,g,,aíonn
10580,nGaelcholáiste,n,,te
10581,insíonn,,in,íonn
10582,mór-dhíoltóirí,,mór,í
10583,deartháireacha,,dea,eacha
10584,tháthú,,,ú
10585,riail-éileamh,,,amh
10586,n-onnmhaireofar,n-,,far
10587,an-Cosúil,,an,úil
10588,gcumascfaidh,g,,faidh
10589,ilchodach,,il,ach
10590,labhartha,,,tha
10591,d'uirmheas,d',,eas
10592,rannpháirteach,,,each
10593,ghiuirléidí,,,í
10594,Anailísíocht,,,íocht
10595,slánóidh,,,óidh
10596,ordúil,,,úil
10597,Athshocraigh,,,aigh
10598,féarach,,,ach
10599,Clanna,,,anna
10600,mhóriomlán,,,án
10601,t-árasán,t-,,án
10602,Géaraigh,,,aigh
10603,comhlíonfaidh,,comh,faidh
10604,Frámaí,,,aí
10605,chuideachtan,,,an
10606,Tiomána,,,na
10607,míleata,,mí,ta
10608,rúitíní,,,í
10609,aitheantóirí,,aith,í
10610,Nósanna,,,anna
10611,Dhéanach,,,ach
10612,gcéimeanna,g,,eanna
10613,spíosra,,,ra
10614,chosa,,,sa
10615,pléascáin,,,in
10616,leictrí,,leictr,í
10617,iontaí,,ion,taí
10618,hoiliúna,h,,na
10619,bhealaigh,,,aigh
10620,luteinmonaróirí,,,í
10621,deireanach,,,ach
10622,gcomhdhúile,g,comh,e
10623,mBínse,m,,se
10624,Cártaí,,,taí
10625,formhuiniú,,for,iú
10626,díríonn,,dír,íonn
10627,Urramaíonn,,,aíonn
10628,Seasca,,,a
10629,cumasú,,,ú
10630,d'aithle,d',aith,e
10631,foirme,,fo,e
10632,Comhpháirtíochta,,,ta
10633,díshalannaithe,,dí,aithe
10634,gcuimseoidh,g,,idh
10635,lánrogha,,,a
10636,onnmhairítear,,,ítear
10637,iomlána,,,na
10638,Buirge,,,e
10639,bónas-eisiúna,,,na
10640,teachtaireacht,t,,eacht
10641,salad,,,ad
10642,Sráidbhaile,,,e
10643,Gual-Mhianadóireachta,,,ta
10644,fadú,,fad,ú
10645,Éasca,,,a
10646,thionscnóir,,,óir
10647,ghlaineacht,,,eacht
10648,ómra,,,ra
10649,Airíonna,,,na
10650,feidh,,,idh
10651,dhífhostaigh,,,aigh
10652,dílis,,dí,is
10653,nócha,,,a
10654,choitinn,,,inn
10655,thiománaithe,,,aithe
10656,Splíona,,,na
10657,d'atheagrú,d',ath,ú
10658,cleachtaidh,,,aidh
10659,leagfar,,,far
10660,lánsásta,,,ta
10661,fheicfear,,,fear
10662,ghnéis,,,is
10663,tsolúbthacht,t,,acht
10664,codlaíonn,,,aíonn
10665,vótálaidh,,,aidh
10666,ardvolta,,ard,ta
10667,d'insliú,d',in,iú
10668,bhfaillí,bh,,í
10669,margaí,,,aí
10670,craolacháin,,,in
10671,Forbartha,,,tha
10672,díblitheach,,dí,each
10673,fho-ghabhálacha,,,acha
10674,hainmneacha,h,ain,eacha
10675,críochphointe,,,te
10676,neamhbhardasach,,neamh,ach
10677,gnáthstiúrthóirí,,gnáth,í
10678,máithreacha,,,eacha
10679,loighciúil,,,úil
10680,ndéana,n,dé,na
10681,marcanna,,,anna
10682,athbhreithniúcháin,,ath,in
10683,coimhdeach,,,each
10684,aimhleasa,,,sa
10685,ardghléine,,ard,ne
10686,coinsiasach,,,ach
10687,Mhíbhuntáiste,,,te
10688,cnis,,,is
10689,heolas,h,eo,as
10690,n-aisghabháiltear,n-,ais,ear
10691,Comhshocraíochtaí,,,taí
10692,comhfhreagrais,,comh,ais
10693,connra,,,ra
10694,Tab-tábhachtach,,,ach
10695,lán-inniúlacht,,,acht
10696,chomhchoitinn,,,inn
10697,sáspan,,,an
10698,athghealladh,,ath,adh
10699,Anailíseach,,,each
10700,Feistithe,,,ithe
10701,sheicheamhach,,,ach
10702,hoscailte,h,os,te
10703,glais,,,ais
10704,bhFoirceannadh,bh,,adh
10705,seanreacht,,sean,eacht
10706,Taksim,,,im
10707,idir-réigiúnaigh,,idir,aigh
10708,Chód,,,ód
10709,Contae,,,e
10710,Bíobla,,,a
10711,measúnachta,,,ta
10712,Ionchódóra,,,ra
10713,Bandia,,,ia
10714,Íocann,,,ann
10715,speisialú,,,alú
10716,neamhdhlíthiúil,,neamh,úil
10717,cóirithe,,,ithe
10718,udrocarbóin,,,in
10719,bhfaichí,bh,,í
10720,laraímheáchan,,,chan
10721,Polainne,,,ne
10722,Ilaonad,,,ad
10723,neamhchomhlíontach,,neamh,ach
10724,gutháin,,,in
10725,Téarmaíocht,,,aíocht
10726,Fealsúnachta,,,ta
10727,buamaí,,,aí
10728,aláraim,,,aim
10729,Chúnta,,,ta
10730,eagrán,,,án
10731,chialluíonn,,,íonn
10732,Bhuan,,,an
10733,límistéirí,,,í
10734,ochnaithe,,,aithe
10735,Renesse,,,se
10736,theorannaíonn,,,aíonn
10737,Díobhála,,,a
10738,fhostófar,,,ófar
10739,hamhránaithe,h,am,aithe
10740,sciála,,,a
10741,bádóirí,,,í
10742,ceiliúrtha,,,tha
10743,gcruthaitear,g,,ear
10744,n-iompófaí,n-,,ófaí
10745,airle,,,e
10746,gceistiú,g,,iú
10747,póca-iarrachtaí,,,taí
10748,chathardha,,,a
10749,Agóid,,,óid
10750,Fíor-riachtanach,,,ach
10751,lámha,,,a
10752,chlubanna,,,anna
10753,ditheanna,,,eanna
10754,Chraicne,,,ne
10755,beartaítear,,,ítear
10756,Tearmann,,,ann
10757,leighiste,,,te
10758,Iomportáil,,,áil
10759,mainnitheoirí,,,í
10760,codán,,,án
10761,pasta,,,ta
10762,Thréad,,,éad
10763,caoga,,,ga
10764,Ard-Éifeachtúlachta,,,ta
10765,theaghlaigh,,,aigh
10766,ceamaraí,,,aí
10767,bithicídí,,bith,í
10768,bhreithnithe,,,ithe
10769,mbeacha,m,,eacha
10770,eco-thurasóireachta,,,ta
10771,Reáchtáiltear,,,ear
10772,Glactha,,,tha
10773,nua,,,a
10774,stáin,,,in
10775,bhríomhara,,,ra
10776,Fatima,,,a
10777,gallúnacha,,,acha
10778,clÃodaigh,,,aigh
10779,Breagain,,,in
10780,flaithiúlacht,,,acht
10781,infhostaithe,,in,aithe
10782,shloinne,,,ne
10783,fíor-imeachtaí,,fíor,taí
10784,Díroghnaigh,,,aigh
10785,tarchurtha,t,tar,tha
10786,ispíní,,,í
10787,pheannaidigh,,,igh
10788,chibearshlándála,,,a
10789,fhaireog,,,eog
10790,hoiriúnaíocht,h,oir,aíocht
10791,Cumraigh,,,aigh
10792,fostaíocht-bhunaithe,,fo,aithe
10793,fearacht,,fear,acht
10794,jabanna,,,anna
10795,feidhm-ghlaca,,,a
10796,nta,,,ta
10797,aithrise,,aith,se
10798,Cógaisíochta,,,ta
10799,piríte,,,te
10800,mbucéad,m,,éad
10801,sheirbhísigh,,,igh
10802,chriú,,,iú
10803,diaidh,,dia,aidh
10804,críochnaíonn,,,aíonn
10805,lítearfad,,,fad
10806,léasóra,,,ra
10807,stairiúla,,,a
10808,Bileog,,,eog
10809,hairline,h,,ne
10810,inphionósaithe,,in,aithe
10811,léireofar,,,far
10812,friothálacha,,,acha
10813,príomhghnéithe,,príomh,ithe
10814,néaróin,,,in
10815,oiriúnachta,,oir,ta
10816,Iarbhunoideachas,,,achas
10817,Neamhghríochtaí,,,taí
10818,foghlaimeoirí,,fo,í
10819,diúscróir,,,óir
10820,Suirbhéanna,,,anna
10821,púint,,,úint
10822,ghradaim,,,aim
10823,ndéileálfaí,n,dé,aí
10824,creidim,,,im
10825,Táimid,,,imid
10826,d'athraíodh,d',ath,íodh
10827,phrÁobháideach,,,each
10828,Bhileoige,,,e
10829,Náisiunta,,,ta
10830,Chléireach,,,each
10831,gcáilítear,g,,ítear
10832,Cheadúnú,,,ú
10833,Chuimhneacháin,,,in
10834,gcóireálacha,g,,acha
10835,gcomhcheanglaítear,g,comh,ítear
10836,péinteáil,,,áil
10837,seilidí,,,í
10838,cáis,,,áis
10839,gcuirtear,g,,ear
10840,Sábháilteachta,,,ta
10841,áirigh,,,igh
10842,drumaí,,,aí
10843,príomhshrutha,,príomh,tha
10844,gceiliúrfaidh,g,,faidh
10845,méireanna,,,eanna
10846,Shúile,,,e
10847,Freagartha,,,tha
10848,ndíreofar,n,dí,far
10849,deirfiúracha,,,acha
10850,hOibre,h,,e
10851,dhaingnítear,,,ítear
10852,hiontaobhais,h,ion,ais
10853,próiseáilte,,,te
10854,seastán,,,án
10855,dTaifead,d,,fead
10856,astuithe,,as,ithe
10857,chinnteacht,,,eacht
10858,Míntíriú,,,iú
10859,2ú,,,ú
10860,Scileanna,,,eanna
10861,Díobhach,,,ach
10862,hInnealtóireachta,h,,ta
10863,gComhordaitheoirí,g,,í
10864,chúirtbhanna,,,anna
10865,Futhead,,,ad
10866,chlasaicigh,,,igh
10867,príomh-mosque,,príomh,e
10868,gClárlann,g,,lann
10869,13ú,,,ú
10870,chómheasúnacht,,,acht
10871,dheachmha-chíosa,,,sa
10872,leighseanna,,,eanna
10873,díolaíochtaí,,dí,taí
10874,ghéinmhodhnaithe,,,aithe
10875,n-éileoidh,n-,,idh
10876,Easnamh,,,amh
10877,diarrhea,,dia,a
10878,athruithe,,ath,ithe
10879,hathoiliúint,h,ath,úint
10880,Brúimid,,,imid
10881,goideadh,,,eadh
10882,gcreidtear,g,,ear
10883,gcion-faoin,g,,in
10884,staonadh,,,adh
10885,Bhainistiú,,,iú
10886,raidiónna,,,na
10887,cruthaitheoir,,,eoir
10888,Gan,,,an
10889,bpionós,b,,ós
10890,macra-airgeadais,,macra,ais
10891,séidirí,,,í
10892,comh-Chathlán,,comh,án
10893,dtréimhsí,d,tré,í
10894,leanamar,,,amar
10895,hardstiúrthóir,h,ard,thóir
10896,scoirtear,,,ear
10897,fánán,,,án
10898,fheidhmíos,,,íos
10899,consalachta,,,ta
10900,raidiótheileagrafaíochta,,,ta
10901,tionsclaíocha,t,,a
10902,éillitheacha,,,eacha
10903,micribhitheolaíocha,,micri,a
10904,vótáil,,,áil
10905,Eurostar,,,tar
10906,dainséarach,,,ach
10907,dhriogadh,,,adh
10908,nGairmeatha,n,,tha
10909,Rialach,,,ach
10910,bhreithiúntas,,,tas
10911,Fostaíonn,,,aíonn
10912,Faightear,,,ear
10913,asma,,as,a
10914,Fiabhán,,,án
10915,phóna,,,na
10916,shéalaithe,,,aithe
10917,chathú,,,ú
10918,ifreann,,,eann
10919,thoirmiscthe,,,the
10920,chomhairlí,,,í
10921,d'ainm-luach,d',ain,ach
10922,Diúltaíodh,,,íodh
10923,Dlínse,,,se
10924,sócmhainní,,,í
10925,Míthreorach,,,ach
10926,picteilín,,,ín
10927,phoiblí-phríobháideach,,,each
10928,graosta,,,ta
10929,dhochtúirí,,,í
10930,Ceannaítear,,,ítear
10931,gaelacha,,,acha
10932,láithreáin,,,in
10933,aimplithe,,,ithe
10934,siorcanna,,,anna
10935,gcaithfear,g,,fear
10936,Cothóidh,,,óidh
10937,Scriosta,,,ta
10938,tiomántán,t,,án
10939,úis,,,is
10940,aon-tslí,,aon,í
10941,haonarach,h,aon,ach
10942,roinnte,,ro,te
10943,treampánach,,,ach
10944,marcálfar,,,far
10945,Idirbheartaíochta,,,ta
10946,chorpruithe,,,ithe
10947,nea-dhíreach,,,each
10948,n-eagrú,n-,,ú
10949,dhiaspóra,,,ra
10950,bleán,,,eán
10951,Gairmeacha,,,eacha
10952,Europe,,,e
10953,heagraíochta,h,,ta
10954,dtuitfidh,d,,fidh
10955,aistriú,,ais,iú
10956,Ainmneacha,,,eacha
10957,Tuairisceán,,,eán
10958,chlónáil,,,áil
10959,Fíoltóir,,,tóir
10960,chreasaíonn,,,aíonn
10961,Fheidhmíocht,,,íocht
10962,cainteanna,,,eanna
10963,chuntaisí,,,í
10964,luascadán,,,adán
10965,sruthlú,,,ú
10966,Chaomhnóireacht,,,eacht
10967,fálaithe,,,aithe
10968,caillfidh,,,fidh
10969,chomháitritheoir,,,eoir
10970,duitse,,,se
10971,ráta-íocóirí,,,í
10972,ríomhchomhdú,,ríomh,ú
10973,tháirgtear,,,ear
10974,mhainnítear,,,ítear
10975,gcupán,g,,án
10976,Iniúchóireachta,,,ta
10977,dhéantúsóirí,,,í
10978,aisghairtear,,ais,ear
10979,Maisiú,,,iú
10980,suibscríobhaí,,,aí
10981,Bharraigh,,,aigh
10982,iarrthóireacht,,iar,eacht
10983,ilchéannachtaí,,il,taí
10984,hotracht,h,,acht
10985,muiníne,,,ne
10986,fliuchpháipéir,,,éir
10987,Nascáilte,,,te
10988,Liucija,,,a
10989,ballstáit,,,áit
10990,hEilvéise,h,,se
10991,Spreagtha,,,tha
10992,dosmálta,,do,ta
10993,Quassia,,,ia
10994,dhomhan,,,an
10995,espadrille,,,e
10996,teachtfaidh,t,,faidh
10997,créatúr,,,úr
10998,tairseacha,t,,eacha
10999,spriocghrúpa,,sprioc,a
11000,fótagraf,,fóta,graf
11001,gníomhaíocht,,,aíocht
11002,leasacháin,,leas,in
11003,Mionsonraithe,,,aithe
11004,phas,,,as
11005,bhallóid,,,óid
11006,hollscoileanna,h,oll,eanna
11007,28ú,,,ú
11008,tarracóirí,t,tar,í
11009,bhfeithiclí,bh,,í
11010,taighde,t,,e
11011,ocsaídiúcháin,,,in
11012,uanaíocht,,,aíocht
11013,Thráchtaireacht,,,eacht
11014,seadóige,,,e
11015,bhuain,,,in
11016,leanúnachais,,,ais
11017,fhaire,,,aire
11018,frith-fhóirdheontais,,frith,ais
11019,Gnóchain,,,in
11020,Pebble,,,e
11021,buanscoireadh,,buan,eadh
11022,hinfheisteoirí,h,in,í
11023,crochta,,,ta
11024,socraíochtaí,,so,taí
11025,cruinneofar,,,far
11026,mionathraithe,,mion,aithe
11027,síntiúsóirí,,,í
11028,d'allmhairí,d',,í
11029,ladh,,,adh
11030,teiripeoir,t,,eoir
11031,bhithmhéadracht,,,acht
11032,maraíodh,,,íodh
11033,Ballaí,,,aí
11034,mór-oibreacha,,mór,eacha
11035,Dúbailte-cleanse,,,se
11036,chomharthaíochta,,,ta
11037,inchaite,,in,te
11038,mianra,,,ra
11039,d'aistrithe,d',ais,ithe
11040,réadmhaoine,,réa,ne
11041,bhun-chíos,,,íos
11042,mbia-speicis,m,bi,is
11043,madra,,,ra
11044,hInstitiúide,h,,e
11045,buanfasach,,buan,ach
11046,fhuinneog,,,eog
11047,iompartha,,,tha
11048,Malairte,,,te
11049,sciamhach,,,ach
11050,Athchúrsáilte,,,te
11051,tsuime,t,,e
11052,áiféiseach,,,each
11053,éadach,,éa,ach
11054,fhorordófar,,,ófar
11055,Aonfhoirmeach,,,each
11056,luathfhágálaithe,,luath,aithe
11057,ceallraí,,,aí
11058,cruaite,,,te
11059,éiglí,,,í
11060,ullmhaíonn,,,aíonn
11061,Bhean,,,an
11062,chartuithe,,,ithe
11063,hidirghabhálaithe,h,idir,aithe
11064,bhain,,,in
11065,Songkran,,,an
11066,haontachais,h,aon,ais
11067,fabhracha,,,acha
11068,Chláraitheora,,,ra
11069,Ard-Chúirte,,,te
11070,Stádas,,,as
11071,thráchtas,,,tas
11072,Slua,,,a
11073,chiapadh,,,adh
11074,Caighdeán-Rialú,,,alú
11075,Coigríche,,,e
11076,gCoda,g,,da
11077,gcumhdaítear,g,,ítear
11078,gcoimeádfaí,g,,aí
11079,corraigh,,corr,aigh
11080,foclóirí,,fo,í
11081,Dhronuilleogach,,,ach
11082,Ghríofa,,,a
11083,chomhbheartais,,,ais
11084,Finnéithe,,,ithe
11085,fhorscaoileadh,,,eadh
11086,léifidh,,,fidh
11087,ceapfaidh,,,faidh
11088,gcomhaontaithe,g,comh,aithe
11089,chasacha,,,acha
11090,figiúrchártaí,,,taí
11091,ghardaí,,,aí
11092,ard-minicíocht,,ard,íocht
11093,Dhíobhálacha,,,acha
11094,rannpháirteachas,,,achas
11095,spréitear,,,ear
11096,ghluaisteáin,,,in
11097,proifisiúnta,,,ta
11098,supóxicíde,,,e
11099,choinbhleachta,,,ta
11100,lastuas,,las,as
11101,fheirmeoir,,,eoir
11102,hítim,h,,im
11103,trumpa,,,a
11104,Múinteora,,,ra
11105,vogue,,,e
11106,samosa,,,sa
11107,bhailítear,,,ítear
11108,Bíseach,,,each
11109,Armphinsean,,,sean
11110,Glaine,,,ne
11111,rianaithe,,,aithe
11112,bpercentáiste,b,,te
11113,Lámhach,,,ach
11114,phríomhréimsí,,,í
11115,fungacha,,,acha
11116,deasghnátha,,dea,tha
11117,póstaí,,,taí
11118,Comórfar,,,far
11119,n-atosófar,n-,,ófar
11120,iomlánach,,,ach
11121,drugadóir,,,adóir
11122,shoiléiriú,,,iú
11123,Seanadóir,,,adóir
11124,sampláil,,,áil
11125,three,,,e
11126,héifeachtachta,h,,ta
11127,míchumas,,mí,as
11128,Uachtar,,,tar
11129,folasach,,fo,ach
11130,Thréimhsí,,,í
11131,bhforbartha,bh,for,tha
11132,corr-thrádála,,corr,a
11133,éilithí,,,í
11134,Deachúlacha,,,acha
11135,Phraghas,,,as
11136,formáidithe,,for,ithe
11137,bhradán,,,adán
11138,ultrafhuaime,,ultra,e
11139,gCigire,g,,ire
11140,Luaitear,,,ear
11141,ribeála,,,a
11142,bochtán,,,án
11143,Chorcaí,,,aí
11144,gCluas,g,,as
11145,Iarratais,,,ais
11146,thiomáineann,,,eann
11147,Fúinn,,,inn
11148,amhlaidh,,am,aidh
11149,tuismitheoirí,t,,í
11150,hIonstraimí,h,,í
11151,aon-bhealach,,aon,ach
11152,Tulsa,,,sa
11153,gráchánach,,,ach
11154,Pribhléidí,,,í
11155,cuimhneacháin,,,in
11156,oiriúintí,,oir,tí
11157,Sreabhán,,,án
11158,múnlaíonn,,,aíonn
11159,dhiúltós,,,ós
11160,ionchais,,ion,ais
11161,Gharráin,,,in
11162,bailíocht,,,íocht
11163,héiceachóras,h,éicea,as
11164,Múinteoirí,,,í
11165,éagfidh,,éa,fidh
11166,d'fhhan,d',,an
11167,micreamhaoiniú,,,iú
11168,glantóir,,,tóir
11169,Fógairtí,,,tí
11170,bríce,,brí,e
11171,inmhianta,,in,ta
11172,20a,,,a
11173,d'fheiste,d',,te
11174,mbialann,m,bi,lann
11175,cnap-shuimeanna,,,eanna
11176,croinicí,,,í
11177,cóiríochta,,,ta
11178,fíor-dathanna,,fíor,anna
11179,FoirceannadhToirchis,,,is
11180,dlighfidh,,,fidh
11181,freagrach,,,ach
11182,hainmnítear,h,ain,ítear
11183,Sleamhnáin,,,in
11184,cheapfidh,,,fidh
11185,thairgíonn,,,íonn
11186,Tacaíochta,,,ta
11187,oirnéisí,,oir,í
11188,bhunaíochtaí,,,taí
11189,Drochfhiacha,,,acha
11190,mífheidhmiú,,mí,iú
11191,dhaonáireamh,,,amh
11192,theachíní,,,í
11193,neamhchosaintí,,neamh,tí
11194,chearnacha,,,acha
11195,Iliana,,,na
11196,bhfoilseoidh,bh,fo,idh
11197,Muirearacha,,,acha
11198,íochtaracha,,,acha
11199,bplean,b,,an
11200,iarmheastóireachta,,iar,ta
11201,seilbhe,,,e
11202,phóirse,,,se
11203,tsainordaithe,t,,aithe
11204,príomh-mhargaí,,príomh,aí
11205,déanmhach,,dé,ach
11206,néimeatóidí,,,í
11207,deighleála,,,a
11208,Mháithreachais,,,ais
11209,Ginearálta,,,ta
11210,Gheobhaidh,,,aidh
11211,Pháidín,,,ín
11212,chreideamh,,,amh
11213,Fheidhmeannas,,,as
11214,diagnóiseach,,dia,each
11215,imdhíonachta,,im,ta
11216,gCléireach,g,,each
11217,Coróinéirí,,,í
11218,chríochnaitheacha,,,eacha
11219,iompróir,,,óir
11220,thruailliú,,,iú
11221,chatha,,,tha
11222,iarrthóirí,,iar,í
11223,Cheardaí,,,aí
11224,athshuiteáilte,,ath,te
11225,Síológa,,,ga
11226,SACanna,,,anna
11227,faghartha,,,tha
11228,éidí,,,í
11229,Léirmheas,,,eas
11230,sorcais,,so,ais
11231,Toimhdeofar,,,far
11232,ngeall-ghlacadóir,n,,adóir
11233,fabhtanna,,,anna
11234,Comhéadain,,,in
11235,carcanaigin,,carcana,gin
11236,saortar,,,tar
11237,Ínse,,,se
11238,Tiomáineann,,,eann
11239,bhréagacha,,,acha
11240,Sheicliosta,,,ta
11241,ngaireacht,n,,eacht
11242,Sonraithe,,,aithe
11243,ngrádaithe,n,,aithe
11244,casacht,,,acht
11245,huaisle,h,,e
11246,spriocmhargaidh,,sprioc,aidh
11247,tSeapáin,t,,in
11248,cruthaítear,,,ítear
11249,críostaí,,,taí
11250,gcúisí,g,,í
11251,ghrúpscéim,,,im
11252,teine,t,,ne
11253,oideolaíocht,,,aíocht
11254,Promhadh,,,mhadh
11255,iontaise,,ion,se
11256,burglaerachta,,,ta
11257,n-údaróidh,n-,,óidh
11258,bhFronta,bh,,ta
11259,Baile,,,e
11260,bhealaithe,,,aithe
11261,so-ionchlannaithe,,so,aithe
11262,aisghaireadh,,ais,eadh
11263,chlúdaigh,,,aigh
11264,ionchúisitheoir,,ion,eoir
11265,príomhspeicis,,príomh,is
11266,Có-ionannú,,,ú
11267,Fauna,,,na
11268,Mullach,,,ach
11269,aghaidh-aitheanta,,,ta
11270,Aydin,,,in
11271,comhairliÃocháin,,comh,in
11272,Cúitíonn,,,íonn
11273,feidhme,,,e
11274,gnóthaí,,,aí
11275,an-bhlasta,,an,ta
11276,siltean,,,an
11277,ghealach,,,ach
11278,d'Oifigí,d',,igí
11279,thaifeadann,,,ann
11280,núicléiche,,,e
11281,Múinteoir,,,eoir
11282,Thógáil,,,áil
11283,Aontais,,,ais
11284,thorthúil,,,úil
11285,mosque,,,e
11286,tOireachtas,t,,tas
11287,aimsear,,,ear
11288,bpraghas,b,,as
11289,thuaisceartacha,,,acha
11290,Meaisíniú,,,iú
11291,fhorais,,,ais
11292,sicín,,,ín
11293,dea-lofa,,dea,a
11294,t-infreastruchtúr,t-,in,úr
11295,ndlíse,n,,se
11296,ardscileanna,,ard,eanna
11297,teagmhasach,t,,ach
11298,dlítheanacha,,,acha
11299,tráchtaire,,,aire
11300,Mórphíopaí,,,aí
11301,cliaint-infheisteoirí,,,í
11302,Gabha,,,a
11303,ceardaithe,,,aithe
11304,bharrchleachtas,,,tas
11305,chuímhéide,,,e
11306,onóracha,,,acha
11307,cóimeála,,,a
11308,neamh-ghreannach,,neamh,ach
11309,neamhfhírinneach,,neamh,each
11310,t-eadránaí,t-,,aí
11311,dtína,d,,na
11312,nuascríofa,,nua,a
11313,ghrúpeintiteas,,,eas
11314,tastálacha,t,,acha
11315,cháim,,,im
11316,fíneála,,,a
11317,cartáin,,,in
11318,Amhrán,,,án
11319,bpreasráiteas,b,,eas
11320,chuntasaíochta,,,ta
11321,gnóthaíodh,,,íodh
11322,iarrthaigh,,iar,aigh
11323,mhíleata,,,ta
11324,scoth-aosta,,scoth,ta
11325,dumhach,,,ach
11326,Seomraí,,,aí
11327,iarratasóirí,,iar,í
11328,thaisceann,,,eann
11329,cónascacháin,,,in
11330,láimhscríbhneoireacht,,,eacht
11331,hiarrtar,h,iar,tar
11332,Bhána,,,na
11333,Rechargeable,,,e
11334,dramadóirí,,,í
11335,gcleachtais,g,,ais
11336,trádála,,,a
11337,tocsaineacha,t,,eacha
11338,fabraicí,,,í
11339,tionachta,t,,ta
11340,órdófar,,,ófar
11341,nAglachlach,,,ach
11342,dhraíocht,,,aíocht
11343,Nútkin,,,in
11344,líomhnófar,,,ófar
11345,táillí,t,,í
11346,n-eagraíochtaí,n-,,taí
11347,gcruinneoidh,g,,idh
11348,gaolmhaireachtaí,,,taí
11349,gcruthnaítear,g,,ítear
11350,d'Aire,d',,ire
11351,ansa,,an,sa
11352,ngan,n,,an
11353,contaebhuirge,,,e
11354,Chathartha,,,tha
11355,díothóidh,,dí,óidh
11356,scéinséara,,,ra
11357,iguanas,,,as
11358,Fíordheimhniú,,,iú
11359,Gabhaim,,,aim
11360,soladach-stáit,,so,áit
11361,mhamach,,,ach
11362,leathrannach,,leath,ach
11363,mínearraí,,mín,aí
11364,Rannóige,,,e
11365,bhreathnadóirí,,,í
11366,d'fho-earnáil,d',,áil
11367,chuardaíonn,,,aíonn
11368,Ghárda,,,da
11369,Ngéibheann,,,eann
11370,bpeaca,b,,a
11371,mhór-chuideachtaí,,,taí
11372,ceimiceoir,,ceimi,eoir
11373,praghasanna,,,anna
11374,Láimhseáil,,,áil
11375,Neurovitan,,,an
11376,Meicniúla,,,a
11377,vearnais,,,ais
11378,thrádálaí,,,aí
11379,gCáinaisnéisí,g,,í
11380,huaireanta,h,,ta
11381,bhóthairéad,,,éad
11382,Trasteroann,,,ann
11383,Postáilte,,,te
11384,Doha,,,a
11385,Răzvan,,,an
11386,bhfaisnéis,bh,,is
11387,stiúideonna,,,na
11388,Barrógaíocht,,,aíocht
11389,híocaíochtaí,h,,taí
11390,fhéadfidh,,,fidh
11391,vótanna,,,anna
11392,il-timthriallacha,,il,acha
11393,shocraithe,,,aithe
11394,crosóg,,cros,óg
11395,Séasúr,,,úr
11396,ceangaltán,,,án
11397,d'acmhainn,d',,inn
11398,tionscnamh,t,,amh
11399,theicneolaíochtaí,,,taí
11400,chreideann,,,eann
11401,roghnuithe,,ro,ithe
11402,dáileacht,,dá,eacht
11403,diúitéthe,,,the
11404,bhreisithe,,,ithe
11405,gceannaítear,g,ceann,ítear
11406,Ollchorrlach,,,ach
11407,Cuirreáin,,,in
11408,dréachta,,,ta
11409,cleachtais,,,ais
11410,mhóilíneach,,,each
11411,tabhairt-amach,t,,ach
11412,cóluchtaí,,,taí
11413,choiriúil,,,úil
11414,d'iarratais,d',iar,ais
11415,rannpháirtíochta,,,ta
11416,Onnmhairí,,,í
11417,centre,,,e
11418,chód,,,ód
11419,sean-chuideachta,,sean,ta
11420,Bhaitsiléara,,,ra
11421,Dhaltaí,,,taí
11422,hiarrthóir,h,iar,thóir
11423,scoilte,,,te
11424,ghealltanais,,,ais
11425,Gluaiseacht,,,eacht
11426,foirce,,fo,e
11427,comhchleachtais,,comh,ais
11428,dtimpeallacht,d,,acht
11429,éifeachta,,,ta
11430,n-éigiontaítear,n-,,ítear
11431,comhfhogasú,,comh,ú
11432,mothúcháin,,,in
11433,ghníomhaireachtaí,,,taí
11434,Sábhálfar,,,far
11435,uachtaracha,,,acha
11436,léitheoirí,,,í
11437,Cheaduithe,,,ithe
11438,Adhmad,,,ad
11439,busáil,,,áil
11440,íomháú,,,ú
11441,cinneann,,cinn,eann
11442,Ficsean,,,sean
11443,tarmligean,t,tar,an
11444,bharúlacha,,,acha
11445,Chlúdaigh,,,aigh
11446,tacaíocht,t,,aíocht
11447,Fáilím,,,ím
11448,dtéamaí,d,,aí
11449,Deireanaí,,,aí
11450,eastarraingthe,,eas,the
11451,dhearbhaíonn,,,aíonn
11452,ghluaiseachta,,,ta
11453,bhreithneoidh,,,idh
11454,Coláiste,,,te
11455,timpeallaithe,t,,aithe
11456,bhfionnfaidh,bh,,faidh
11457,ghnáth-thrádáil,,,áil
11458,gléasta,,,ta
11459,dochtúireacht,,do,eacht
11460,pátrúnacht,,,acht
11461,sláintíochta,,,ta
11462,fhoréigiúnacha,,,acha
11463,spreagthaithe,,,aithe
11464,Amhráin,,,in
11465,Innealtóireacht,,,eacht
11466,miotail-inslithe,,,ithe
11467,bhfoirgneamh,bh,fo,amh
11468,dTagartar,d,,tar
11469,Achoimrí,,,í
11470,d'acmhainní,d',,í
11471,bruithniú,,,iú
11472,uirbeachais,,,ais
11473,dteicneoirí,d,,í
11474,Tarscaoilte,,,te
11475,hiomportálfar,h,,far
11476,mórbhunaithe,,mór,aithe
11477,ceann-chora,,ceann,ra
11478,húsáidte,h,,te
11479,marbadh,,,adh
11480,iarann,,iar,ann
11481,fo-ithreach,,fo,each
11482,gaistí,,,tí
11483,thorthaí,,,aí
11484,Gach,,,ach
11485,comhlachais,,comh,ais
11486,amú,,am,ú
11487,domhanda,,do,da
11488,fearrde,,fear,e
11489,gcúirtéis,g,,is
11490,Dlúthpháirtíochta,,,ta
11491,uasghrádaíodh,,uas,íodh
11492,chomhshocraíocht,,,aíocht
11493,tharlaÁonn,,,nn
11494,íochtha,,,tha
11495,gCeanneagraíochtaí,g,,taí
11496,úire,,,ire
11497,chlóca,,,a
11498,Ricerca,,,a
11499,logánta,,,ta
11500,Stocmhalartán,,,án
11501,Rannóg,,,óg
11502,fo-mhioncheamara,,fo,ra
11503,ualaí,,,aí
11504,bhlaingeog,,,eog
11505,múchta,,,ta
11506,triológ,,,óg
11507,Cínte,,,te
11508,toghadh,t,,adh
11509,có-líona,,,na
11510,Bata,,,ta
11511,shainmhínítear,,,ítear
11512,d'Abrán,d',,án
11513,cinnfidh,,cinn,fidh
11514,dtreoir,d,,eoir
11515,berpegangnya,,,a
11516,Ceangailteoireachta,,,ta
11517,tartrate,t,tar,te
11518,100-bliain,,,in
11519,Ilghnéitheacha,,,eacha
11520,n-ordóidh,n-,,óidh
11521,tríochaidí,,trí,í
11522,Meánmhara,,,ra
11523,scamhógacha,,,acha
11524,breathnóireachta,,,ta
11525,iarratais,,iar,ais
11526,Staraí,,,aí
11527,chogaíocht,,,aíocht
11528,Ceannairí,,,í
11529,Ceolchoirme,,,e
11530,shaincheisteanna,,,eanna
11531,tintreach,t,,each
11532,bogásach,,bog,ach
11533,Chuathas,,,as
11534,charthanas,,,as
11535,tionólta,t,,ta
11536,alata,,,ta
11537,véarsaí,,,aí
11538,Dhídeanaithe,,,aithe
11539,eacnamúil,,,úil
11540,inathcheaptha,,in,tha
11541,Brugha,,,a
11542,clóis,,,óis
11543,éasca,,éa,a
11544,mballstáit,m,,áit
11545,moltóirí,,,í
11546,Foireannú,,,ú
11547,théamach,,,ach
11548,samhaltú,,,ú
11549,Infhofheicthe,,,the
11550,Éisteach,,,each
11551,tarraingeofar,t,tar,far
11552,neamhfhabhrach,,neamh,ach
11553,gcoinne,g,,ne
11554,bínse,,,se
11555,Éideann,,,eann
11556,rás-rian,,,an
11557,fo-ainmliostaí,,fo,taí
11558,mrainsí,,,í
11559,shreafaí,,,aí
11560,plumaí,,,aí
11561,lán-chomhacht,,,acht
11562,Dúnfar,,,far
11563,Imfhálú,,,ú
11564,míniúcháin,,mín,in
11565,Cóta,,,ta
11566,shóisearach,,,ach
11567,phróitéiní,,,í
11568,bunóidh,,bun,óidh
11569,n-úsáidfear,n-,,fear
11570,seachtrach,,seacht,ach
11571,Trasnaíonn,,,aíonn
11572,mhóilíní,,,í
11573,gealltanas,,,tanas
11574,híde,h,,e
11575,haer-árthaighe,h,aer,e
11576,chaomhnóir,,,óir
11577,Chiontú,,,ú
11578,grand-treoir,,,eoir
11579,Shligigh,,,igh
11580,Foilseoidh,,,idh
11581,uachtarán,,,án
11582,phríomhchócaire,,,aire
11583,gcáithníní,g,,í
11584,haontoilíocht,h,aon,íocht
11585,neamhchónaithigh,,neamh,igh
11586,Ritheann,,,eann
11587,athairíochta,,ath,ta
11588,áineasa,,,sa
11589,bhaigíní,,,í
11590,maicreacnamaíocha,,,a
11591,vertebra,,,ra
11592,deonú,,,ú
11593,Ardeaglais,,,ais
11594,taitneamhach,t,,ach
11595,sláintiúil,,,úil
11596,teipeanna,t,,eanna
11597,gCruithneachtain,g,,in
11598,Eitinne,,,ne
11599,ardaigh,,ard,aigh
11600,ionfhabhtú,,ion,ú
11601,gearrthéarmacha,,gearr,acha
11602,trasnasctha,,tras,tha
11603,iomportálta,,,ta
11604,d'innealra,d',in,ra
11605,dhifríocht,,,íocht
11606,Fountain,,,in
11607,40ú,,,ú
11608,choimisiúnaithe,,,aithe
11609,rithim,,,im
11610,mhisneach,,,each
11611,ndearbhóidh,n,dea,óidh
11612,fodhlithe,,fo,ithe
11613,trí-chéim,,trí,im
11614,dtionscnaítear,d,,ítear
11615,curtha-isteach,,,each
11616,B-Tíotáiniam,,,iam
11617,mbunaíonn,m,bun,aíonn
11618,Ard-Minicíocht,,,íocht
11619,tábhactach,t,,ach
11620,rithimí,,,í
11621,shaíochta,,,ta
11622,thagann,,,ann
11623,fhiáine,,,ne
11624,t-achtachán,t-,,achán
11625,snáthoptaice,,,e
11626,ngníomhaireacht,n,,eacht
11627,ghaolmhara,,,ra
11628,Iomaíochais,,,ais
11629,Aois-liúntas,,,tas
11630,theicnící,,,í
11631,Breathnaíonn,,,aíonn
11632,Féadfaimid,,,aimid
11633,Euphorbia,,,ia
11634,teolaí,t,teo,aí
11635,shnáithín,,,ín
11636,dúnán,,dún,án
11637,craiceáilte,,,te
11638,socruitheoir,,so,eoir
11639,Éifeachtacha,,,acha
11640,n-phéacadh,,,adh
11641,athphlandála,,ath,a
11642,Ghuairneáin,,,in
11643,galúcháin,,,in
11644,breacanna,,breac,anna
11645,charrchlós,,,ós
11646,stáiseanóireachta,,,ta
11647,coinnigh,,,igh
11648,scanóir,,,óir
11649,Aerloingseoireachta,,,ta
11650,nascadh,,,adh
11651,Tiomantas,,,tas
11652,íle,,,e
11653,téatar,t,,tar
11654,Snáitheanna,,,eanna
11655,glandíolaíochtaí,,,taí
11656,Ion-plátáilte,,,te
11657,Roghnach,,,ach
11658,Scair-shealbhach,,,ach
11659,togh-roinn,t,,inn
11660,mhuileann-scuitseála,,,a
11661,cháiliúcháin,,,in
11662,n-ainmluach,n-,ain,ach
11663,morgáísteoir,,,eoir
11664,fabhróidh,,,óidh
11665,d'fhaisnéis,d',,is
11666,oscailtecomhoiriúnacht,,os,acht
11667,forordaítear,,for,ítear
11668,cionúireacht,,,eacht
11669,ath-éisteacht,,ath,eacht
11670,dtagraítear,d,,ítear
11671,altraí,,,traí
11672,éascaítear,,éa,ítear
11673,mholaimid,,,aimid
11674,idirnasctha,,idir,tha
11675,d'imeachtaí,d',im,taí
11676,tochrais,t,,ais
11677,bhunscoile,,,e
11678,t-adhmad,t-,,ad
11679,Daonlathach,,,lathach
11680,ghnáthchoinníollacha,,,acha
11681,dheontas,,,tas
11682,d'earra,d',,ra
11683,nÚsáideoirí,,,í
11684,sainghníomhaireachta,,sain,ta
11685,Ramada,,,da
11686,huathoibreach,h,uath,each
11687,ceannaithe,,ceann,aithe
11688,Chunamh,,,amh
11689,ama,,am,a
11690,sceanra,,,ra
11691,Achomaireachtaí,,,taí
11692,incheiliúrtha,,in,tha
11693,sóisialach,,,ach
11694,lonradh,,,radh
11695,deisithe,,,ithe
11696,feicfidh,,,fidh
11697,cairtlanna,,,anna
11698,bhfuighidh,bh,,idh
11699,Lara,,,ra
11700,Ard-Stiúrthóir,,,thóir
11701,gairme,,,e
11702,Mórdhíoltóirí,,,í
11703,Acmhainneacht,,,eacht
11704,meilfear,,,fear
11705,muna,,,na
11706,gceadúnú,g,,ú
11707,tháillí,,,í
11708,hgriméadar,,,méadar
11709,d'fhaibhriú,d',,iú
11710,baincéirí,,bain,í
11711,chleachtar,,,tar
11712,fhaillighe,,,e
11713,iniúchta,,in,ta
11714,chaipitlithe,,,ithe
11715,cistineacha,,,eacha
11716,ghabhfar,,,far
11717,Teanntáin,,,in
11718,taisbeánfaidh,t,tais,faidh
11719,d'aonáin,d',aon,in
11720,chúcha,,,a
11721,Lorgófar,,,ófar
11722,forbrófar,,for,ófar
11723,d'fhianáin,d',,in
11724,Europejska,,,a
11725,maisithe,,,ithe
11726,lúiméireacht,,,eacht
11727,liostaigh,,,aigh
11728,neckwear,,,ear
11729,gráinní,,,í
11730,nialas,,,as
11731,ardteochta,,ard,ta
11732,ceapadh,,,adh
11733,chorpartha,,,tha
11734,Dlighinse,,,se
11735,riail-chíosa,,,sa
11736,ais-sreabhadh,,ais,adh
11737,mór-ghortuithe,,mór,ithe
11738,iardhíola,,iar,a
11739,ath-árachais,,ath,ais
11740,gceaduíonn,g,,íonn
11741,móilíní,,,í
11742,Críochnóidh,,,óidh
11743,Kocasinan,,,an
11744,dílseánach,,dí,ach
11745,thiomnaigh,,,aigh
11746,bhailitheoirí,,,í
11747,fán,,,án
11748,ngnáthdháta,n,gnáth,ta
11749,fiailí,,fia,í
11750,Generálta,,,ta
11751,reathaí,,,aí
11752,Tairbhithe,,,ithe
11753,Gobharnacht,,,acht
11754,ligh,,,igh
11755,mheán-mhéide,,,e
11756,scéala,,,a
11757,Straitéise,,,se
11758,calóga,,,ga
11759,fhoirlíontacha,,,acha
11760,Fíricí,,,í
11761,ndíolúine,n,dí,ne
11762,dreacht-ordú,,,ú
11763,Clóirín,,,ín
11764,Choaomhnú,,,ú
11765,Eugenie,,,e
11766,ndéantar,n,dé,tar
11767,gcothromaíocht,g,,aíocht
11768,Laethúla,,,a
11769,glaodhfa,,,a
11770,sainaitheantais,,sain,ais
11771,gCeannán,g,,án
11772,siamsaíochta,,,ta
11773,gcluasáin,g,cluas,in
11774,dlí-oifigigh,,,igh
11775,dheireanaí,,,aí
11776,foráiltear,,for,ear
11777,Achomaireacht,,,eacht
11778,daonchumhacht,,daon,acht
11779,tread,,,ad
11780,eintitis,,,is
11781,aoisghrúpaí,,,aí
11782,Eitéasóideach,,,óideach
11783,chéannachta,,,ta
11784,réamhvótaíocht,,réamh,aíocht
11785,ngnásanna,n,,anna
11786,cúiseamh,,,amh
11787,áireamhachtaí,,,taí
11788,réamhtheachtaithe,,réamh,aithe
11789,athcheapadh,,ath,adh
11790,ainmnitheoir,,ain,eoir
11791,blúirí,,,í
11792,d'oileán,d',,eán
11793,Béarla-Gaeilge,,,e
11794,Poncaithe,,,aithe
11795,Leas-Phríomhfheidhmeannach,,,ach
11796,éiríonn,,,íonn
11797,gearánaigh,,,aigh
11798,Aistriúchán,,,án
11799,spásáil,,,áil
11800,Foilsitheoireacht,,,eacht
11801,baois,,,is
11802,shócmhainní,,,í
11803,baineann,,bain,eann
11804,hAnna,h,,na
11805,Táthú,,,ú
11806,idir-inoibritheacha,,idir,eacha
11807,Imréiteach,,,each
11808,éadanais,,éa,ais
11809,dhíola,,,a
11810,Custaiméara,,,ra
11811,Meán-Oirthear,,,ear
11812,fuascailte,,,te
11813,ullamhóidí,,,í
11814,góchumadh,,,adh
11815,tsosa,t,,sa
11816,leathnaíonn,,leath,aíonn
11817,sóisearacha,,,acha
11818,brabhsála,,,a
11819,frithfhógra,,frith,ra
11820,fíricí,,,í
11821,ginte,,,te
11822,gcruthaíonn,g,,aíonn
11823,Scriosadh,,,adh
11824,Aerospace,,,e
11825,dona,,do,na
11826,cumhruithe,,,ithe
11827,Gliomach,,,ach
11828,sealadaí,,,aí
11829,neamhorgánacha,,neamh,acha
11830,muirearuithe,,,ithe
11831,rás-riain,,,in
11832,chruthaigh,,,aigh
11833,athoiliúint,,ath,úint
11834,próiseáil,,,áil
11835,dlitear,,,ear
11836,lapadáin,,,in
11837,Duke,,,e
11838,ndeighleálfaidh,n,,faidh
11839,fisiceacha,,,eacha
11840,t-othrú,t-,,ú
11841,Géaraithe,,,aithe
11842,Tráchta,,,ta
11843,Mhaoirseora,,,ra
11844,líníochta,,,ta
11845,ghrianmhar,,,mhar
11846,rialaitheoirí,,,í
11847,catagóirí,,,í
11848,bheirte,,,te
11849,veinsíní,,,í
11850,chéadráiteas,,,eas
11851,Mhúchadh,,,adh
11852,neamhfhite,,neamh,te
11853,chaighdeánacha,,,acha
11854,léicean,,,an
11855,saladanna,,,anna
11856,gcomhfhreagraíonn,g,comh,aíonn
11857,Tógadh,,,adh
11858,garraíodóirí,,gar,í
11859,dhíolmhú,,,ú
11860,méire,,,ire
11861,dráma,,,a
11862,stocmhalartáin,,,in
11863,riartar,,,tar
11864,leath-chíos,,leath,íos
11865,lean,,,an
11866,pasynkovanie,,,e
11867,dhílseofar,,,far
11868,ranga-teagmhála,,,a
11869,coinníollacha,,,acha
11870,soghluaiste,,so,te
11871,gearrthréimhseacha,,gearr,eacha
11872,chonnartha,,,tha
11873,baineannaigh,,bain,aigh
11874,scaiptear,,,ear
11875,mi-abaltachta,,,ta
11876,idirláimhsíonn,,idir,íonn
11877,dteacht,d,,eacht
11878,Semana,,,na
11879,dtórainn,d,,inn
11880,gConarthaí,g,,aí
11881,Ghinearálta,,,ta
11882,róshealbhú,,ró,ú
11883,Stórálfar,,,far
11884,bunaithe,,bun,aithe
11885,Aisghairtear,,,ear
11886,athdhíola,,ath,a
11887,chúirtéise,,,se
11888,rialtais,,,ais
11889,cosantóir,,,tóir
11890,chúl-scríbhinn,,,inn
11891,táirgíochta,t,,ta
11892,scanraithe,,,aithe
11893,hailse,h,,se
11894,ngearrfar,n,gearr,far
11895,formáidiú,,for,iú
11896,silín,,,ín
11897,Caitlicigh,,,igh
11898,t-anlann,t-,an,lann
11899,harmchúirteanna,h,,eanna
11900,Éagórach,,,ach
11901,athshlánú,,ath,ú
11902,bhfeicfidh,bh,,fidh
11903,thuaslagadh,,,adh
11904,Purláin,,,in
11905,Forala,,,a
11906,barúntachta,,bar,ta
11907,Cearna,,,na
11908,Thoirchis,,,is
11909,curadh,,,radh
11910,déanamh,,dé,amh
11911,nématóideach,,,óideach
11912,abbaidh,,,aidh
11913,Márta,,,ta
11914,néimeatóid,,,óid
11915,Sochaithe,,,aithe
11916,fiaigh,,fia,aigh
11917,geografaíochta,,geo,ta
11918,fheabhais,,,ais
11919,Dromchla,,,a
11920,híosmhéideanna,h,íos,eanna
11921,buntréimhse,,bun,se
11922,Seolta,,,ta
11923,aimridiú,,,iú
11924,n-ullmhaítear,n-,,ítear
11925,ilghníomhaireachta,,il,ta
11926,choinneáil-suas,,,as
11927,meilte,,,te
11928,séaluithe,,,ithe
11929,miliséir,,,éir
11930,idirleathadh,,idir,adh
11931,n-oiliúint,n-,,úint
11932,gclaochlófar,g,,ófar
11933,hainmhianta,h,ain,ta
11934,cliatháin,,,in
11935,fanachtaí,,,taí
11936,sofaisticiúla,,so,a
11937,imircigh,,im,igh
11938,theileafóin,,,in
11939,fhoghlaí,,,aí
11940,ngréasán,n,,án
11941,Donnabháin,,,in
11942,mhodhnú,,,ú
11943,miodóg,,,óg
11944,breisoideachais,,,ais
11945,cóipe,,,e
11946,fhigiúra,,,ra
11947,forextrádála,,for,a
11948,lagaigh,,lag,aigh
11949,choláiste,,,te
11950,chómhéide,,,e
11951,chiontaithe,,,aithe
11952,lánpháirtíochta,,,ta
11953,foilsitheoir,,fo,eoir
11954,ríomhanna,,ríomh,anna
11955,Inghlaoite,,,te
11956,15ú,,,ú
11957,Bhreise,,,se
11958,fhéichiúnaí,,,aí
11959,Ainmniúchán,,,án
11960,anailgéisigh,,ana,igh
11961,athchóiriúcháin,,ath,in
11962,Charghais,,,ais
11963,chiontóir,,,tóir
11964,Dílsítear,,,ítear
11965,seachvótálaí,,,aí
11966,lárnaigh,,lár,aigh
11967,shíolraigh,,,aigh
11968,Gaelscolaíochta,,,ta
11969,pleananna,,,anna
11970,hoibleagáidí,h,,í
11971,dhíobháil,,,áil
11972,colún-chruthach,,,chruthach
11973,dónna,,dó,na
11974,pornagrafach,,,ach
11975,muileann,,,eann
11976,unteachable,,,e
11977,Eirghe,,,e
11978,iarnála,,iarn,a
11979,có-shocruithe,,,ithe
11980,dhoiciméadach,,,ach
11981,Aonghusa,,,sa
11982,infheictheacht,,in,eacht
11983,Molaimid,,,aimid
11984,bhliana,,,na
11985,cnáimhseachas,,,achas
11986,Infhála,,,a
11987,mhionaithe,,,aithe
11988,aibíochta,,,ta
11989,fotha,,fo,tha
11990,Hippuris,,,is
11991,mblianacht,m,,acht
11992,choimhthiú,,,iú
11993,Séadchomharthaí,,,aí
11994,bréagán,,bréag,agán
11995,dhóthain,,,in
11996,focheadúnais,,fo,ais
11997,díláraithe,,dí,aithe
11998,Ród-Chiste,,,te
11999,seán,,,eán
12000,bradacha,,,acha
12001,eco-chóras,,,as
12002,gcócheanntar,g,,tar
12003,Acmhainn,,,inn
12004,dteagbháil,d,,áil
12005,fritháiríodh,,frith,íodh
12006,Coinníonn,,,íonn
12007,Tairiseach,,,each
12008,Póca,,,a
12009,cheannródaí,,,aí
12010,ghnáthóg,,,óg
12011,lárghrúpa,,lár,a
12012,có-shéala,,,a
12013,Grieve,,,e
12014,an-ghinearálta,,an,ta
12015,timthrialla,t,,a
12016,Sionainne,,,ne
12017,Leas-Aire,,,ire
12018,dheontóirí,,,í
12019,Oirthearacha,,,acha
12020,Holyhead,,,ad
12021,bhráithre,,,e
12022,gceanglóidh,g,,óidh
12023,chineálacha,,,acha
12024,báite,,,te
12025,Trasnú,,,ú
12026,mhótarbhealaigh,,,aigh
12027,cuan,,,an
12028,bhforordóidh,bh,for,óidh
12029,aonaí,,aon,aí
12030,grúp-scéim,,grúp,im
12031,chomóra,,,ra
12032,éagaigh,,éa,aigh
12033,sármhanganáite,,sár,te
12034,mbéile,m,,e
12035,cáilitheacha,,,eacha
12036,n-gliú,n-,,iú
12037,d'uiscí,d',,í
12038,gcuain,g,,in
12039,Chórais,,,ais
12040,mhéin,,,éin
12041,ndámhachtain,n,dá,in
12042,creidmheas,,,eas
12043,uathoibriú,,uath,iú
12044,tSeirbia,t,,ia
12045,Roinnte,,,te
12046,óstlanna,,,anna
12047,saigheadeochracha,,,acha
12048,ghreamaitheacht,,,eacht
12049,Leictreonaigh,,,aigh
12050,substaintiúil,,,úil
12051,Super-fathach,,,ach
12052,Thoghchán,,,án
12053,iarraimid,,iar,aimid
12054,bronnta,,,ta
12055,díluaidhe,,dí,aidhe
12056,ionstraimeachtaí,,ion,taí
12057,freagartha,,,tha
12058,thógáil,,,áil
12059,Comórtas,,,tas
12060,Dréacht,,,acht
12061,gabhálacha,,,acha
12062,útarach,,,ach
12063,neamhrialtacht,,neamh,tacht
12064,aturnae,,,e
12065,fiseolaíocha,,,a
12066,sochrach,,soch,ach
12067,ranníocacha,,,acha
12068,Fágfar,,,far
12069,feidhmiúchain,,,in
12070,droch-chóireáil,,droch,áil
12071,rinneamar,,,eamar
12072,ghníomhaíonn,,,aíonn
12073,Chain,,,in
12074,neamhdhóthaineacht,,neamh,eacht
12075,mbuailfidh,m,,fidh
12076,chonstábla,,,a
12077,Ghradaim,,,aim
12078,Crí,,,í
12079,dána,,dá,na
12080,Dromchlaí,,,aí
12081,damháin,,,in
12082,diúscartha,,,tha
12083,chlúdaíonn,,,aíonn
12084,bhunaitheach,,,each
12085,Geallta,,,ta
12086,bhfeisteas,bh,,eas
12087,d'éirigh,d',,igh
12088,Idir-inoibritheacht,,,eacht
12089,amharclann,,am,lann
12090,comheagraíocht,,comh,aíocht
12091,frithpháirteacha,,frith,eacha
12092,téitheoirí,t,,í
12093,Glacadh,,,adh
12094,néarchóras,,,as
12095,Achuinge,,,e
12096,chosanta,,,ta
12097,dhílseánaigh,,,aigh
12098,Réamh-Imréitigh,,,tigh
12099,siarghabhálacha,,,acha
12100,teallach,t,,ach
12101,tuairisce,t,,e
12102,comhreoidh,,comh,idh
12103,Cartlann,,,lann
12104,Shócmhainní,,,í
12105,pacáiste,,,te
12106,moirfeolaíche,,,e
12107,mhúsaeim,,,im
12108,ghléasraí,,,aí
12109,tuaslagán,t,,agán
12110,aischurtha,,ais,tha
12111,réamhráite,,réamh,te
12112,Jonas,,,as
12113,hairleacadh,h,,adh
12114,gcomhnaíonn,g,comh,aíonn
12115,bhfoillsiú,bh,fo,iú
12116,chomhdhílseánaigh,,,aigh
12117,comhréir,,comh,éir
12118,Bhreatain,,,in
12119,pléifidh,,,fidh
12120,Ocáideacha,,,eacha
12121,Bearnú,,,ú
12122,Nadine,,,ne
12123,Aicmiúchán,,,án
12124,chóluchta,,,ta
12125,tiúilipí,t,,í
12126,mbainfidh,m,bain,fidh
12127,cánachais,,,ais
12128,pasáistí,,,tí
12129,Tríochad,,,ad
12130,d'éascaigh,d',éa,aigh
12131,fho-iomlán,,,án
12132,Uisciúil,,,úil
12133,mbreithiúin,m,,in
12134,fó-choistí,,,tí
12135,píblíne,,,ne
12136,gcionroinnfear,g,,fear
12137,Atorvastatin,,,in
12138,d'fhorléas,d',,as
12139,Ciallóidh,,,óidh
12140,Seanchineálacha,,,acha
12141,mí-ordú,,mí,ú
12142,dlífear,,,fear
12143,ceadúnúcháin,,,in
12144,Brainse,,,se
12145,gcomhthaobhacht,g,comh,acht
12146,geala,,,a
12147,shocraigh,,,aigh
12148,bhuanaithe,,,aithe
12149,an-chontúirteach,,an,each
12150,oidhreachtáin,,,in
12151,athphlandú,,ath,ú
12152,scrúdóirí,,,í
12153,todóga,t,,ga
12154,léirmhíniú,,,iú
12155,Thogha,,,a
12156,Digitithe,,,ithe
12157,sealbhaithe,,,aithe
12158,uilechuimsitheacha,,uile,eacha
12159,foirmíodh,,fo,íodh
12160,Caiteachais,,,ais
12161,Chinnidh,,,idh
12162,ualú,,,alú
12163,taistriú,t,tais,iú
12164,Réamhchúraim,,,aim
12165,mbailitheoir,m,,eoir
12166,incriminteach,,in,each
12167,athshainmhíniú,,ath,iú
12168,tíotáiniam,t,,iam
12169,phríomhchúis,,,is
12170,neamhrannach,,neamh,ach
12171,ríthábhacht,,,acht
12172,Céad-stiúrthóirí,,,í
12173,iomrascáil,,,áil
12174,fréamhshamhlacha,,,acha
12175,Lena,,,na
12176,d'Fhoras,d',,as
12177,Práinne,,,ne
12178,feabhsuithe,,,ithe
12179,ngnáthchónaí,n,gnáth,aí
12180,dhiúltú,,,ú
12181,Comhoibríonn,,,íonn
12182,ndéanfá,n,dé,fá
12183,imscrúdaithigh,,im,igh
12184,Scagadh,,,adh
12185,Árann,,,ann
12186,aeráil,,aer,áil
12187,deighilteoir,,,eoir
12188,Struchtúrach,,,ach
12189,sláinteachais,,,ais
12190,gcoimisinéir,g,,éir
12191,máthairghnólacht,,,acht
12192,Díoltóir,,,tóir
12193,atheisiúna,,ath,na
12194,sluaite,,,te
12195,Dare,,,e
12196,Dhéantar,,,tar
12197,chó-cheanntar,,,tar
12198,gcaingean,g,,an
12199,Magairlíní,,,í
12200,chistithe,,,ithe
12201,hionchais,h,ion,ais
12202,caindíocht,,,íocht
12203,Córú,,,ú
12204,féinchosanta,,féin,ta
12205,Muine,,,ne
12206,Dhaonnúil,,,úil
12207,stampálfaidh,,,faidh
12208,neodraigh,,neo,aigh
12209,cinniúnacha,,cinn,acha
12210,gcumhdófaí,g,,ófaí
12211,bunúis,,bun,is
12212,dínádúraithe,,dí,aithe
12213,chúlghairme,,,e
12214,fáthmheas,,,eas
12215,Cannaí,,,aí
12216,éisteann,,,eann
12217,strainséirí,,,í
12218,roinneann,,ro,eann
12219,gceadaítear,g,,ítear
12220,Ceapadh,,,adh
12221,rathanna,,,anna
12222,bhfonnmhaireacht,bh,fo,eacht
12223,mhóir,,,óir
12224,eipidéimeolaíocha,,eipi,a
12225,athfhillteacha,,ath,eacha
12226,Shibhialta,,,ta
12227,pháirt-aimsire,,,ire
12228,túrtheach,t,,each
12229,gceanglaitear,g,,ear
12230,téidheann,t,,eann
12231,athlasta,,ath,ta
12232,neamhfhicsin,,neamh,in
12233,comhaiseach,,comh,each
12234,thriomach,,,ach
12235,scairshealbhaíocht,,,aíocht
12236,gCúltaisce,g,,e
12237,ullmhófar,,,ófar
12238,ró-deas,,ró,eas
12239,breoslaí,,,aí
12240,dhímhíleataithe,,,aithe
12241,chaothúil,,,úil
12242,thodhchaí,,,aí
12243,niacin,,,in
12244,máistrí,,,í
12245,scuaibe,,,e
12246,Mhóilíneach,,,each
12247,iompaithe,,,aithe
12248,comhchéim,,comh,im
12249,toimhdí,t,,í
12250,paraisítí,,para,ítí
12251,VLCDanna,,,anna
12252,shaoróg,,,óg
12253,fhorlíonacha,,,acha
12254,Mharbha,,,a
12255,Chaibidlí,,,í
12256,uile-Eorpacha,,uile,acha
12257,deontóir,,,tóir
12258,míbhuntáistí,,mí,tí
12259,freastalaithe,,,aithe
12260,bhféidearthacht,bh,,acht
12261,cumadóireachtaí,,,taí
12262,polúireatán,,,án
12263,ionadaithe,,ion,aithe
12264,neamhionannais,,neamh,ais
12265,Mais,,,ais
12266,leathadh,,leath,adh
12267,hiarrachtaí,h,iar,taí
12268,gallúnach,,,ach
12269,croí-institiúide,,,e
12270,Cristina,,,na
12271,Picteilín,,,ín
12272,gciontú,g,,ú
12273,Gnáthnós,,,ós
12274,toghachán,t,,achán
12275,ealaín,,,ín
12276,chó-ghléasadh,,,adh
12277,gceadanna,g,,anna
12278,ranna,,,anna
12279,féinseirbhíse,,féin,se
12280,nEalaíontóirí,,,í
12281,Cathaoirligh,,,igh
12282,eisiafaidh,,eisi,faidh
12283,Eagarthóir,,,thóir
12284,d'fhorchlúdach,d',,ach
12285,athbhreithníodh,,ath,íodh
12286,brabúis,,,is
12287,chlampáil,,,áil
12288,tréan,,tré,an
12289,gruaige,,,e
12290,Uí,,,í
12291,marthanacha,,,acha
12292,d'fhanúint,d',,úint
12293,Fo-Thalamh,,,amh
12294,Trambhealaigh,,,aigh
12295,Natalie,,,e
12296,feiliúnach,,,ach
12297,Ghearáin,,,in
12298,buan-chomhnaí,,buan,aí
12299,Cúiréirí,,,í
12300,chustuiméirí,,,í
12301,dáileoirí,,dá,í
12302,Modhanna,,,anna
12303,nea-cho-líona,,,na
12304,fionnaidh,,,aidh
12305,thras,,,as
12306,mbreathnaítear,m,,ítear
12307,Rannpháirteacha,,,eacha
12308,áititheoir,,,eoir
12309,ardfhána,,ard,na
12310,greamaíonn,,,aíonn
12311,earra,,,ra
12312,chó-ionannas,,,as
12313,gcistineacha,g,,eacha
12314,Innealltóir,,,tóir
12315,åttfaldiga,,,ga
12316,lárgnáthóg,,lár,óg
12317,ghairdín,,,ín
12318,thíolacann,,,ann
12319,dtoghachán,d,,achán
12320,Pacáiste,,,te
12321,thíolacais,,,ais
12322,gcomhionannas,g,comh,as
12323,ornáidí,,,í
12324,naíonraí,,naí,aí
12325,Príosúnú,,,ú
12326,Áirithítear,,,ítear
12327,cheangailte,,,te
12328,gcleithiúnas,g,,únas
12329,Forghéilleadh,,,eadh
12330,fíréantacht,,,tacht
12331,ghabháltais,,,ais
12332,Guadalajara,,,ra
12333,dhála,,,a
12334,Sárthaispeántas,,,tas
12335,shealbhaire,,,aire
12336,tSínis,t,Sín,is
12337,poliestere,,,e
12338,duillín,,,ín
12339,luachanna,,,anna
12340,Comhionannais,,,ais
12341,dea-chaighdeán,,dea,eán
12342,fonóta,,fo,ta
12343,Réamhfhógra,,,ra
12344,dTuismitheoirí,d,,í
12345,Seraphim,,,im
12346,chómhalartach,,,ach
12347,Ean,,,an
12348,ainsealacha,,ain,acha
12349,gcomhardú,g,comh,ú
12350,uath-ghreamaitheacha,,uath,eacha
12351,t-athfhostú,t-,ath,ú
12352,n-urasódh,n-,ur,ódh
12353,ndáil,n,dá,áil
12354,Fírinne,,,ne
12355,féachnóirí,,,í
12356,cuimhneamh,,,amh
12357,gCeannaithe,g,,aithe
12358,luath-aibíochta,,luath,ta
12359,ghlacadh,,,adh
12360,sheachtracha,,,acha
12361,tharrtháil,,,áil
12362,IonCube,,,e
12363,chleite,,,te
12364,Gnóthachan,,,chan
12365,réasúnacht,,réa,acht
12366,cnuasach,,,ach
12367,mbítear,m,,ítear
12368,ionad,,ion,ad
12369,Príomhshuim,,,im
12370,gceartófar,g,,ófar
12371,freastalaí,,,aí
12372,dáilfidh,,dá,fidh
12373,cúisítear,,,ítear
12374,narendra,,,ra
12375,Chlarathachta,,,ta
12376,leithligh,,,igh
12377,infhógartha,,in,tha
12378,bhfodhlíthe,bh,fo,the
12379,CH-Praghas,,,as
12380,Pléascach,,,ach
12381,ian-plátáilte,,,te
12382,luibheolaithe,,,aithe
12383,gcuimhne,g,,ne
12384,taispeánfar,t,tais,far
12385,Timemanagement-Láimhseáil,,,áil
12386,gualach,,,ach
12387,Chláraitheoir,,,eoir
12388,millean,,,an
12389,shocruitheoir,,,eoir
12390,frith-ailléirge,,frith,e
12391,so-ghluaiste,,so,te
12392,múirínithe,,,ithe
12393,shlat-iascach,,,ach
12394,mbainisteofar,m,bain,far
12395,Bagúin,,,in
12396,feiniméin,,,éin
12397,amharcann,,am,ann
12398,meabhráin,,,in
12399,bhfeicidís,bh,,idís
12400,carbaihiodráit,,carba,áit
12401,ngortuithe,n,,ithe
12402,rinceoir,,,eoir
12403,uasteorainn,,uas,inn
12404,athbreithniú,,ath,iú
12405,Meastóireachtaí,,,taí
12406,Fealsamh,,,amh
12407,Irisí,,,í
12408,neamhfhuinneog,,neamh,eog
12409,figiúirí,,,í
12410,imfhálaithe,,im,aithe
12411,raithneach,,,each
12412,lóistíochtúil,,,túil
12413,Oileáin,,,in
12414,mbeartais,m,,ais
12415,táscach,t,,ach
12416,dheasghnátha,,,tha
12417,mórchinntí,,mór,tí
12418,hathcheapadh,h,ath,adh
12419,foirnéise,,fo,se
12420,bhreathnaithe,,,aithe
12421,athárachais,,ath,ais
12422,frith-caitheamh,,frith,amh
12423,rois,,ro,is
12424,éalaitheach,,éa,each
12425,thúisce,,,e
12426,bhforáladh,bh,for,adh
12427,amaze,,am,e
12428,Toirmiscthe,,,the
12429,úsáidte,,,te
12430,díolta,,dí,ta
12431,trasphlandúcháin,,tras,in
12432,gcathaoireacha,g,,eacha
12433,Ceannais,,,ais
12434,Preaseisiúint,,,úint
12435,shealbhóirí,,,í
12436,t-iniúchadh,t-,in,adh
12437,ndéarfadh,n,dé,fadh
12438,gcliantchomhlachtaí,g,,taí
12439,hurraim,h,ur,aim
12440,cairdiúla,,,a
12441,thraidisiúnta,,,ta
12442,sainchomhairleoireachta,,sain,ta
12443,Ioncuim,,,im
12444,stiallacha,,,acha
12445,leithreasú,,,ú
12446,bhaileoidh,,,idh
12447,muice,,,e
12448,gconlán,g,,án
12449,mór-roinne,,mór,ne
12450,Léasaithe,,,aithe
12451,Chreidmheasa,,,sa
12452,d'iomaíocht,d',,aíocht
12453,formhaoirseachta,,for,ta
12454,Athshuiteoirí,,,í
12455,gránna,,,na
12456,dhíolacháin,,,in
12457,barraí,,barr,aí
12458,comhdhéanamh,,comh,amh
12459,clóiríde,,,e
12460,éilliúcháin,,,in
12461,lúibíní,,,í
12462,d'athrú,d',ath,ú
12463,dtáillí,d,,í
12464,lasrach,,las,ach
12465,rathúil,,,úil
12466,suas-agus-teacht,,,eacht
12467,cruálach,,,ach
12468,Visa,,,sa
12469,Bhinse,,,se
12470,éicea,,,a
12471,d'fhorceannadh,d',,adh
12472,Aighne,,,ne
12473,Béatáine,,,ne
12474,Neamhghníomhach,,,ach
12475,24adh,,,adh
12476,bhunphlean,,,an
12477,cinntitheach,,cinn,each
12478,dtrí,d,trí,í
12479,droma,,,a
12480,pléascacha,,,acha
12481,Ardteistiméireachta,,,ta
12482,ainmhnithe,,ain,ithe
12483,amhrais,,am,ais
12484,Nevirapine,,,ne
12485,Mendoza,,,a
12486,Dhaonna,,,na
12487,Caidramh,,,amh
12488,neirbhíseach,,,each
12489,coimiteála,,,a
12490,sparánachta,,,ta
12491,heasláin,h,eas,in
12492,mhionathrú,,,ú
12493,Marseille,,,e
12494,foirmiú,,fo,iú
12495,ghloine,,,ne
12496,Cloí,,,í
12497,Cuimsitheach,,,each
12498,bailchríocha,,,a
12499,Ceangaltáin,,,in
12500,osnáisiúnta,,os,ta
12501,thrasphlandú,,,ú
12502,cruthaitheacha,,,eacha
12503,taibh-ealaíona,t,,na
12504,Tramála,,,a
12505,amhĂĄin,,am,in
12506,plódú,,,ú
12507,gluaiste,,,te
12508,Yee,,,e
12509,comhchuí,,comh,í
12510,Athraíonn,,,aíonn
12511,detach,,,ach
12512,mínítear,,mín,ítear
12513,leasaíodh,,leas,íodh
12514,gcarachtar,g,,tar
12515,d'fhostóir,d',,tóir
12516,Feidhmítear,,,ítear
12517,infheisteoir,,in,eoir
12518,Oideach-ais,,,ais
12519,thosaíochta,,,ta
12520,théamaigh,,,aigh
12521,ilstóir,,il,tóir
12522,bis,,bi,is
12523,n-aistreofar,n-,ais,far
12524,altrama,,,a
12525,Eilimintí,,,tí
12526,shiúicre,,,e
12527,flaithiúil,,,úil
12528,Naofa,,,a
12529,dhíriú,,,iú
12530,mbarúil,m,bar,úil
12531,dhíoltóir,,,tóir
12532,speisealtóireacht,,,eacht
12533,bheimid,,,imid
12534,Saoráil,,,áil
12535,ath-imlonnaithe,,ath,aithe
12536,teaghais,t,,ais
12537,idirmhodúla,,idir,a
12538,Coinín,,,ín
12539,Bheanntraí,,,traí
12540,gcleithiúnaithe,g,,aithe
12541,hionstraime,h,ion,e
12542,conserv_tribune,,,ne
12543,geallearbóir,,,óir
12544,priontála,,,a
12545,thrianach,,,ach
12546,Seasamh,,,amh
12547,háireamh,h,,amh
12548,sratráit,,,áit
12549,technique,t,,e
12550,géiniteach,,,each
12551,oighinn,,,inn
12552,n-osclóidh,n-,os,óidh
12553,chuimilteoir,,,eoir
12554,d'fhoirceannadh,d',,adh
12555,sualainnis,,,is
12556,Cúinne,,,ne
12557,urghabhálacha,,ur,acha
12558,dúnta,,dún,ta
12559,fháil,,,áil
12560,Ardeaglaisí,,,í
12561,ráthófar,,,ófar
12562,coscáin,,,in
12563,áireamhachta,,,ta
12564,shunadh,,,adh
12565,caitheadh,,,eadh
12566,guthán,,,án
12567,riailbhlianacht,,,acht
12568,sloda,,,da
12569,machnamh,,,amh
12570,thimpistí,,,tí
12571,Pantera,,,ra
12572,Bheacháin,,,in
12573,haiste,h,ais,te
12574,soilse,,so,se
12575,Baisteadh,,,eadh
12576,lagintinneacha,,lag,eacha
12577,bunaíochta,,bun,ta
12578,arán,,,án
12579,éabhlóid,,éa,óid
12580,taiscéalaithe,t,tais,aithe
12581,íocaí,,,aí
12582,cliniciúla,,,a
12583,gCampas,g,,as
12584,mionárasán,,mion,án
12585,cúnamh,,,amh
12586,ndearbhú,n,dea,ú
12587,dtuairiscí,d,,í
12588,sheirbheáltar,,,tar
12589,sheisear,,,ear
12590,Coimhdeacht,,,eacht
12591,Ammete,,,te
12592,thosnós,,,ós
12593,Fost-Cheannaigh,,,aigh
12594,Méadaithe,,,aithe
12595,Tuircis,,,is
12596,Striapacha,,,acha
12597,sithe,,,ithe
12598,Doghouse,,,se
12599,achuinge,,,e
12600,Eiseachadadh,,,adh
12601,incheannaithe,,in,aithe
12602,dúshláin,,dú,in
12603,Frithdhumpála,,,a
12604,pósta,,,ta
12605,úsáideacha,,,eacha
12606,laethúil,,,úil
12607,sháithithe,,,ithe
12608,Aosaigh,,,aigh
12609,mbealach,m,,ach
12610,cheapfa,,,a
12611,fhísghrafadóireacht,,,eacht
12612,chúcamar,,,amar
12613,tÁireamhán,t,,án
12614,hathdháileadh,h,ath,eadh
12615,géarchéimeanna,,,eanna
12616,Mairnéalaigh,,,aigh
12617,aislingí,,ais,í
12618,féadfaidh,,,faidh
12619,coimhdí,,,í
12620,shealadacha,,,acha
12621,fianaise,,fia,se
12622,Cabhlach,,,ach
12623,corprach,,,ach
12624,Déiríocht,,,íocht
12625,Tráchtaireacht,,,eacht
12626,d'íocaíochtanna,d',,anna
12627,Corte,,,te
12628,custaiméir,,,méir
12629,Rialaithe,,,aithe
12630,míchothaithe,,mí,aithe
12631,Tarrtháil,,,áil
12632,Síos,,,íos
12633,fíoramhras,,fíor,as
12634,Caoirigh,,,igh
12635,éilíodh,,,íodh
12636,scornach,,,ach
12637,atosófar,,,ófar
12638,céad-chomhaltaí,,céad,taí
12639,scoirfear,,,fear
12640,siadaí,,,aí
12641,dTortóirí,d,,í
12642,d'aontaigh,d',aon,aigh
12643,thobann,,,ann
12644,n-teachtaireacht,,,eacht
12645,ngnáthráta,n,gnáth,ta
12646,fromhadh,,,mhadh
12647,Cerinthe,,,the
12648,rialáin,,,in
12649,dhosheachanta,,,ta
12650,gclárúchán,g,,án
12651,díotáil,,dí,áil
12652,ngabhann,n,,ann
12653,nua-chruthaithe,,nua,aithe
12654,Chéadaoin,,,in
12655,Pionnaí,,,aí
12656,fhoilsitheoir,,,eoir
12657,High,,,igh
12658,réadtiomnú,,réa,ú
12659,lú-de,,,e
12660,dóchúla,,dó,a
12661,tathbhreithniú,t,,iú
12662,dholaí,,,aí
12663,dtaispeánfaidh,d,tais,faidh
12664,Pierre,,,e
12665,tuarascála,t,,a
12666,seansanna,,sean,anna
12667,shaor-shíntiúsaire,,,aire
12668,Lochán,,,án
12669,Austria,,,ia
12670,táim,t,,im
12671,láithríonn,,,íonn
12672,réadófar,,réa,ófar
12673,siamsa,,,sa
12674,línestoicTrádáiltrádálastraitéis,,,is
12675,dtarraingítear,d,tar,ítear
12676,Choimisinéirí,,,í
12677,Shasana,,,na
12678,t-ordóg,t-,,óg
12679,scoirfidh,,,fidh
12680,foirmiúlachtaí,,fo,taí
12681,gairmfar,,,far
12682,thabhartas,,,tas
12683,Phrintísigh,,,igh
12684,bhfeiste,bh,,te
12685,deireannach,,,ach
12686,mhalairtithe,,,ithe
12687,fochatagóirí,,fo,í
12688,Cheartas,,,tas
12689,dtuairisceoidh,d,,idh
12690,mháirseálaimid,,,aimid
12691,chéileiarrachtaí,,,taí
12692,Pinsin,,,in
12693,seolaí,,,aí
12694,Beaga,,,ga
12695,Colscaradh,,,radh
12696,Togh-Choras,,,as
12697,Mhaoine,,,ne
12698,príomhphointe,,príomh,te
12699,hOstaire,h,,aire
12700,ionradh,,ion,radh
12701,nÉan,,,an
12702,nootrópacha,,,acha
12703,rachmais,,,ais
12704,bunleagan,,bun,an
12705,Captain,,,in
12706,Diúitéthe,,,the
12707,Ramblas,,,as
12708,Intí,,,tí
12709,Faoin,,,in
12710,muirearú,,,ú
12711,sheirbhíseach,,,each
12712,galtán,,,án
12713,gnótha,,,tha
12714,theaglaim,,,aim
12715,Luafar,,,far
12716,máithreachais,,,ais
12717,thomhaistear,,,ear
12718,melanoma,,,a
12719,Uarán,,,án
12720,feasachta,,,ta
12721,nGlaschú,n,,ú
12722,comharduithe,,comh,ithe
12723,ionsúitear,,ion,ear
12724,chánachais,,,ais
12725,bhfoghlaimeoir,bh,fo,eoir
12726,achtuithe,,,ithe
12727,léigheacht,,,eacht
12728,ancaire,,an,aire
12729,leathnófar,,leath,ófar
12730,bhforáltar,bh,for,tar
12731,athrós,,ath,ós
12732,d'fhormhuiniú,d',,iú
12733,neamh-thiubhaithe,,neamh,aithe
12734,méara,,,ra
12735,cuideofar,,,far
12736,ilmhéadraitheoirí,,il,í
12737,Aigéadacht,,,acht
12738,Líonraí,,,aí
12739,banchéile,,ban,e
12740,ciallmhar,,,mhar
12741,gearán,,,án
12742,dtréimhse,d,tré,se
12743,Tíreolaíochta,,,ta
12744,Feicfear,,,fear
12745,Thoghthóir,,,thóir
12746,mbulaíocht,m,,aíocht
12747,mímhacántacht,,mí,tacht
12748,bhfolúntas,bh,fo,tas
12749,cultúrtha,,,tha
12750,gealtlann,,,lann
12751,shuirbhéireachta,,,ta
12752,dhíolfaidh,,,faidh
12753,healaíona,h,,na
12754,hiontráil,h,ion,áil
12755,aisghairfidh,,ais,fidh
12756,comharbaí,,comh,aí
12757,gcaidreamh,g,,amh
12758,lománacha,,,acha
12759,síos,,,íos
12760,Smaointeoireacht,,,eacht
12761,Glanghnóthachan,,,chan
12762,Bronnta,,,ta
12763,victoria,,,ia
12764,críochnaithe,,,aithe
12765,marthain,,,in
12766,Féadfaidh,,,faidh
12767,dúnadh,,dún,adh
12768,shocraíodh,,,íodh
12769,cithfholcála,,,a
12770,téamach,t,,ach
12771,Oidreachta,,,ta
12772,maithe,,,aithe
12773,t-íospartach,t-,íos,ach
12774,fhoilsigh,,,igh
12775,inscríbhinní,,in,í
12776,Peiriú,,,iú
12777,chúpla,,,a
12778,Spáinnis,,,is
12779,an-laethúil,,an,úil
12780,Phan-Afracach,,,ach
12781,scrollbharra,,,ra
12782,hionfhabhtuithe,h,ion,ithe
12783,Réiteach,,,each
12784,húsáidtear,h,,ear
12785,dealraitheach,,dea,each
12786,Tionóntachta,,,ta
12787,lia-eolaithe,,,aithe
12788,bhforlíonfar,bh,for,far
12789,mapáil,,,áil
12790,Tinjare,,,e
12791,eora,,eo,ra
12792,Caitheamh,,,amh
12793,gcinntí,g,cinn,tí
12794,scartáil,,,áil
12795,maireann,,,eann
12796,fíor-airgead,,fíor,ad
12797,intaobhaithe,,in,aithe
12798,rúise,,,se
12799,cluichí,,,í
12800,Eolais,,,ais
12801,gciumhais,g,,ais
12802,spioradálta,,,ta
12803,turtle,t,,e
12804,stáblaí,,,aí
12805,ghaineamh,,,amh
12806,aiscí,,ais,í
12807,céad-rogha,,céad,a
12808,thaispeáin,,,in
12809,tArd-Rúnaí,t,,aí
12810,aonocsaíde,,aon,e
12811,reáchtálfaí,,,aí
12812,shaghas,,,as
12813,mínigh,,mín,igh
12814,bhróga,,,ga
12815,Príomhthosca,,,a
12816,tairmleigthe,t,,the
12817,Abairtí,,,tí
12818,athbhliain,,ath,in
12819,gairmoideachais,,,ais
12820,foircneacha,,fo,eacha
12821,Primada,,,da
12822,ghairmiúil,,,úil
12823,morgáistithe,,,ithe
12824,hAinmhithe,h,,ithe
12825,príomhdha,,príomh,a
12826,Theilifíseáin,,,in
12827,earráí,,,í
12828,Anuraidh,,,aidh
12829,n-atharuítear,n-,ath,ítear
12830,Eagrán,,,án
12831,Comhpháirtí,,,tí
12832,Dáileoirí,,,í
12833,gheimhreadh,,,eadh
12834,sáithiúchán,,,án
12835,dTeagmháil,d,,áil
12836,lán-aimsearach,,,ach
12837,neamhíoctha,,neamh,tha
12838,taipióca,t,,a
12839,cinn-scríbe,,cinn,e
12840,chó-nasca,,,a
12841,gcontrapháirtí,g,,tí
12842,Ilstóracha,,,acha
12843,Seangáin,,,in
12844,leanfadh,,,fadh
12845,Thriúin,,,in
12846,fhear-imtheorannaithe,,,aithe
12847,fionnta,,,ta
12848,rósanna,,ró,anna
12849,teorantaBlue,t,teo,e
12850,elektrodosvechivanie,,,e
12851,marcaigh,,,aigh
12852,dTionscnamh,d,,amh
12853,sainordaitheacha,,sain,eacha
12854,pionóisí,,,í
12855,canála,,,a
12856,cóireáladh,,,adh
12857,Duibhe,,,e
12858,éagumasaithe,,éa,aithe
12859,bithmhéadrach,,bith,ach
12860,seandálaíocht,,sean,aíocht
12861,dhaonraí,,,aí
12862,tonna,t,,na
12863,ceangaltáin,,,in
12864,Scoláireacht,,,eacht
12865,luath-aibithe,,luath,ithe
12866,Forbairt-Cruthú,,,ú
12867,fhoirmeálta,,,ta
12868,sealbhuítear,,,ítear
12869,teicníochtaí,t,,taí
12870,tairgeoir,t,,eoir
12871,n-ainmniú,n-,ain,iú
12872,tAigéan,t,,an
12873,Fostaithe,,,aithe
12874,huathoibritheach,h,uath,each
12875,eamhnaithe,,,aithe
12876,Bochtaineachta,,,ta
12877,dticéad,d,,éad
12878,Lausanne,,,ne
12879,shamhlaítear,,,ítear
12880,cáiseanna,,,eanna
12881,TeMe,,,e
12882,ndáiltí,n,dá,tí
12883,aisghafa,,ais,a
12884,víosaí,,,aí
12885,Laethúil,,,úil
12886,fo-mhuirí,,fo,í
12887,tatúnna,t,,na
12888,sluachistiúcháin,,,in
12889,íodhnú,,,ú
12890,neamh-orgánacha,,neamh,acha
12891,mexedrone,,,ne
12892,ndeontar,n,,tar
12893,chomhbheartaithe,,,aithe
12894,seachtód,,seacht,ód
12895,nGairmeach,n,,each
12896,gceapfá,g,,fá
12897,DARPA-cheadaithe,,,aithe
12898,shainiúil,,,úil
12899,aosta,,,ta
12900,Slata,,,ta
12901,seandálaíochta,,sean,ta
12902,scíthiúil,,,úil
12903,n-abairtí,n-,,tí
12904,tiubha,t,,a
12905,Ráillí,,,í
12906,poiblíochta,,,ta
12907,foirceannadh,,fo,adh
12908,dochracha,,do,acha
12909,Droichead,,,ad
12910,Samaritan,,,an
12911,líomatáiste,,,te
12912,tuairisciú,t,,iú
12913,Bioráin,,,in
12914,Per-Arne,,,ne
12915,turasóireacht,t,,eacht
12916,féinchinneadh,,féin,eadh
12917,tromdhíobhála,,,a
12918,ísealfhriotaíochta,,,ta
12919,chlárathachta,,,ta
12920,neamhoifigiúil,,neamh,úil
12921,ceiliúra,,,ra
12922,ghála,,,a
12923,bhfoirgniú,bh,fo,iú
12924,Lár-Aonad,,,ad
12925,t-Aontas,t-,,tas
12926,Tagarmharcála,,,a
12927,húdaráis,h,,áis
12928,gCleachtas,g,,tas
12929,urscaoileadh,,ur,eadh
12930,mbabhtáil,m,,áil
12931,Ghearmáinis,,,is
12932,dosheachanta,,do,ta
12933,Iar-bhunscoileanna,,,eanna
12934,Sainmhíniú,,,iú
12935,Suimiúil,,,úil
12936,insinte,,in,te
12937,cheadú,,,ú
12938,gníomhachais,,,ais
12939,fairsingiú,,,iú
12940,Síneoidh,,Sín,idh
12941,flaitheas,,,eas
12942,raghadh,,,adh
12943,Fuascailte,,,te
12944,n-árthaí,n-,,aí
12945,tArd-Abhcóide,t,,e
12946,milse,,,se
12947,Traein,,,in
12948,thrambhealaí,,,aí
12949,tionóntaí,t,,taí
12950,gheall-bhrócaera,,,ra
12951,fhadú,,,ú
12952,comharsa,,comh,sa
12953,bán-ar-donn,,,nn
12954,19Teacht,,,eacht
12955,triomú,,,ú
12956,foirgeacht,,fo,eacht
12957,Bím,,,ím
12958,éagumasach,,éa,ach
12959,Milnacipran,,,an
12960,Mór-Fheistiú,,,iú
12961,cumhachtuithe,,,ithe
12962,athlastach,,ath,ach
12963,sorcas,,so,as
12964,Breiseán,,,eán
12965,bhfreagracht,bh,,acht
12966,Tea,,,a
12967,haimsire,h,,ire
12968,Airteaga,,,ga
12969,heaspórtáil,h,eas,áil
12970,Teipeann,,,eann
12971,dhulú,,,ú
12972,Clasach,,,ach
12973,toirneach,t,,each
12974,n-úsáidfí,n-,,fí
12975,Comhoiriúnach,,,ach
12976,feargach,,fear,ach
12977,coimeádaí,,,aí
12978,brachadh,,,adh
12979,taifeadfar,t,,far
12980,Caidreamh,,,amh
12981,ainmníocht,,ain,íocht
12982,comhéadain,,comh,in
12983,d'orduigh,d',,igh
12984,gála,,,a
12985,thionsclaíocha,,,a
12986,síothach,,,ach
12987,pócaí,,,aí
12988,atheagrú,,ath,ú
12989,coinsínithe,,,ithe
12990,pearsana,,,na
12991,Bailitheoirí,,,í
12992,páirtí,,páirt,tí
12993,bunriachtanas,,bun,tanas
12994,dtoirmiscfear,d,,fear
12995,Meicniúil,,,úil
12996,dhea-fheidhmiú,,,iú
12997,Muilneoireachta,,,ta
12998,shéana,,,na
12999,cionmhaireacht,,,eacht
13000,bhforchuireann,bh,for,eann
13001,suimiúla,,,a
13002,cheapaimid,,,aimid
13003,dúshlánacha,,dú,acha
13004,allamuigh,,alla,igh
13005,Shéala,,,a
13006,bhéarfas,,,fas
13007,dtriomacht,d,,acht
13008,Céinia,,,ia
13009,Príomhchúis,,,is
13010,ghlórthaibh,,,aibh
13011,ómós,,,ós
13012,oibríonn,,,íonn
13013,d'aimsigh,d',,igh
13014,ardteiripe,,ard,e
13015,instealladh,,in,adh
13016,scoilteanna,,,eanna
13017,nionracais,,,ais
13018,thugamar,,,amar
13019,fostaithe,,fo,aithe
13020,Foilsitheoirí,,,í
13021,fobhealach,,fo,ach
13022,neamhspleáchais,,neamh,ais
13023,chogadh,,,adh
13024,bpríomhtháirgí,b,príomh,í
13025,hincháilitheacht,h,in,eacht
13026,aontach,,aon,ach
13027,bhreithe,,,ithe
13028,codarsnacht,,,acht
13029,óstála,,,a
13030,sléibhe,,,e
13031,teachtaire,t,,aire
13032,dochta,,do,ta
13033,hibrideacha,h,,eacha
13034,rialtas,,,tas
13035,shochaí,,,aí
13036,fhraincis,,,is
13037,áiteamh,,,amh
13038,Eitiltí,,,tí
13039,mhíosúil,,,úil
13040,Deireanach,,,ach
13041,Connacht,,,acht
13042,Chúiteamh,,,amh
13043,AAUnna,,,na
13044,mhangainéise,,,se
13045,cumhangrachta,,,ta
13046,dTiomnachtaí,d,,taí
13047,CMAnna,,,na
13048,teorainn,t,teo,inn
13049,Machnamh,,,amh
13050,Núíosacha,,,acha
13051,inscaoilte,,in,te
13052,Protestas,,,tas
13053,roinneadh,,ro,eadh
13054,In-aistritheacha,,,eacha
13055,mhaíonn,,,aíonn
13056,copairte,,,te
13057,glóir,,,óir
13058,peann,,,eann
13059,dírítear,,dír,ítear
13060,lán-Ghaelach,,,ach
13061,Láimhdeachais,,,ais
13062,Dhéanann,,,ann
13063,gcúrsaí,g,,aí
13064,briseann,,,eann
13065,phríomhchumhacht,,,acht
13066,aimhleas,,,eas
13067,Ridirí,,,í
13068,Míosa,,,sa
13069,deochanna,,,anna
13070,héilítear,h,,ítear
13071,NMC-anna,,,anna
13072,Yippee,,,e
13073,péinte,,,te
13074,shealbhaíocht,,,aíocht
13075,scartha,,,tha
13076,glan-sealúchais,,,ais
13077,I-ghlacadh,,,adh
13078,feiceálaí,,,aí
13079,neamhchoiteann,,neamh,eann
13080,nDáil-toghachán,n,,achán
13081,íseal-chumhachta,,,ta
13082,ghuthán,,,án
13083,ndisciplíní,n,dis,í
13084,brathadóir,,,adóir
13085,Dreasachta,,,ta
13086,Cobhsaitheoir,,,eoir
13087,tSainghrúpa,t,,a
13088,Desire,,,ire
13089,Bearbha,,,a
13090,rúnaí,,,aí
13091,sainiúlachtaí,,sain,taí
13092,gCainteoirí,g,,í
13093,ndéileáil,n,dé,áil
13094,chomhairleoirí,,,í
13095,chomhlíonta,,,ta
13096,Vita,,,ta
13097,dteangaí,d,,aí
13098,phuncháil,,,áil
13099,creidmheasa,,,sa
13100,Diapersíní,,,í
13101,grinnscrúdú,,,ú
13102,Arm-Phinsean,,,sean
13103,dteiripe,d,,e
13104,míthuiscintí,,mí,tí
13105,shrónacha,,,acha
13106,fonsaí,,fo,aí
13107,tionscnófar,t,,ófar
13108,phríomhfhorálacha,,,acha
13109,neamhthuillmheacha,,neamh,eacha
13110,Cré-umha,,,a
13111,creideamh,,,amh
13112,Foilsithe,,,ithe
13113,mbÁtear,m,,ear
13114,aistrím,,ais,ím
13115,Dhuais,,,ais
13116,alúmana,,,na
13117,Tíotáiniam,,,iam
13118,bárr-éilithe,,,ithe
13119,éifeachtacha,,,acha
13120,gearrthréimhseach,,gearr,each
13121,fhrithchothromú,,,ú
13122,allais,,alla,ais
13123,siúlóid,,,óid
13124,t-iolrú,t-,,ú
13125,Postála,,,a
13126,Comhchomhairliúcháin,,,in
13127,tíreolaíocht,t,,aíocht
13128,cúluithe,,cúl,ithe
13129,dréim,,,im
13130,eachtránaí,,,aí
13131,gcuirtar,g,,tar
13132,rangabháil,,,áil
13133,Foirmiúlachtaí,,,taí
13134,bána-bhána,,,na
13135,túisce,t,,e
13136,hIorua,h,,a
13137,gcéimí,g,,í
13138,Pháirtaimseartha,,,tha
13139,sheilfeanna,,,eanna
13140,foirceannaidh,,fo,aidh
13141,Lánpháirtíocht,,,íocht
13142,Cynthia,,,ia
13143,uachtaraigh,,,aigh
13144,boga,,bog,ga
13145,Athláimhe,,,e
13146,iar-bhunscoileanna,,iar,eanna
13147,Deonófar,,,ófar
13148,íocshláinte,,,te
13149,smidiú,,,iú
13150,t-idirghabhálaí,t-,idir,aí
13151,Oibreoirí,,,í
13152,t-iascach,t-,,ach
13153,n-easportáil,n-,eas,áil
13154,leasuitheora,,leas,ra
13155,túinéis,t,,is
13156,bromach,,,ach
13157,trádstóras,,,as
13158,bplanda,b,,da
13159,t-uisce,t-,,e
13160,fágtar,,,tar
13161,leanfas,,,fas
13162,n-ionad,n-,ion,ad
13163,Akçagöze,,,e
13164,eisithe,,eisi,ithe
13165,t-ainmniú,t-,ain,iú
13166,tiocfadh,t,,fadh
13167,Ceamara,,,ra
13168,ísealcharbóin,,,in
13169,chanónacha,,,acha
13170,chomhoibrithe,,,ithe
13171,cíbear-sceimhlitheoireachta,,,ta
13172,hiodracarbóin,h,,in
13173,Lignocaine,,,ne
13174,choinsíneacht,,,eacht
13175,beacha,,,eacha
13176,intinneach,,in,each
13177,fabhtcheartú,,,ú
13178,cealaithe,,,aithe
13179,heachraíocht,h,,aíocht
13180,Dhébhlaoscacha,,,acha
13181,Choimeádaigh,,,aigh
13182,beartas,,,tas
13183,tsócmhainn,t,,inn
13184,Meáchan,,,chan
13185,Roinnfidh,,,fidh
13186,ciontaíodh,,,íodh
13187,ceapadóirí,,,í
13188,26-bliain,,,in
13189,Darifenacin,,,in
13190,sonnraí,,so,aí
13191,Díobhálacha,,,acha
13192,Treibhe,,,e
13193,nuálaíochta,,,ta
13194,bhFeabhra,bh,,ra
13195,Aintillí,,,í
13196,Kejian,,,an
13197,pholaiméire,,,ire
13198,Antonella,,,a
13199,nGníomhas,n,,as
13200,teannas,t,,as
13201,sádrála,,,a
13202,Lása,,,sa
13203,neamhchorprach,,neamh,ach
13204,usacht,,,acht
13205,neamh-chomhoibrithe,,neamh,ithe
13206,crúiscín,,,ín
13207,dhátú,,,ú
13208,serotonin,,,in
13209,dromlaigh,,,aigh
13210,cótaí,,,taí
13211,Tiontaigh,,,aigh
13212,gcoinbhleacht,g,,eacht
13213,Móna,,,na
13214,Leigheas,,,eas
13215,fheidhmeofar,,,far
13216,súracha,,,acha
13217,bhreabán,,,án
13218,chógais,,,ais
13219,dtaca,d,,a
13220,seacht,,,eacht
13221,agamsa,,,sa
13222,ngnóthófar,n,,ófar
13223,iseaglúcóis,,,óis
13224,fheisteadh,,,eadh
13225,Eadrána,,,na
13226,Tosach,,,ach
13227,Fo-Shirriam,,,iam
13228,PhotoIRmote,,,te
13229,ghnáthú,,,ú
13230,cháinmheasta,,,ta
13231,Tuilleadh,,,eadh
13232,Chaoin,,,in
13233,fhaibhríonn,,,íonn
13234,phrintéir,,,éir
13235,dtiomáintear,d,,ear
13236,androstenedione,,an,ne
13237,idirghabhálach,,idir,ach
13238,meastóireacht,,,eacht
13239,nuige,,,e
13240,shaibhris,,,is
13241,Díscríobhtar,,,tar
13242,phianseirbhíse,,,se
13243,Lamháil,,,áil
13244,lasadh,,las,adh
13245,Aimiréalachta,,,ta
13246,meastóirí,,,í
13247,uimhriúil,,,úil
13248,feadáin,,,in
13249,chomhdhála,,,a
13250,cháilithe,,,ithe
13251,theoranta,,,ta
13252,rialóir,,,óir
13253,gceangaltar,g,,tar
13254,chroitheadh,,,eadh
13255,teangeolaí,t,,aí
13256,Seandálaíochta,,,ta
13257,neamhchothromaithe,,neamh,aithe
13258,gcéad,g,céad,éad
13259,phionós,,,ós
13260,buana,,buan,na
13261,POAanna,,,anna
13262,chuibhe-cháilithe,,,ithe
13263,bhe,,,e
13264,feasacht,,,acht
13265,Déanaigíse,,,se
13266,sheandálaíochta,,,ta
13267,airgeadas,,,as
13268,fhorórdófar,,,ófar
13269,eiscthe,,,the
13270,gcimeádtar,g,,tar
13271,n-sealúchais,,,ais
13272,heitilte,h,,te
13273,d'áititheoirí,d',,í
13274,clúmhillte,,,te
13275,fo-ordaithe,,fo,aithe
13276,téarmaí,t,,aí
13277,chomhaltais,,,ais
13278,ró-the,,ró,the
13279,gcliabhán,g,,án
13280,bhliaindeiridh,,,idh
13281,d'urrú,d',ur,ú
13282,thonn,,,nn
13283,inghlactha,,in,tha
13284,Cearrbhachas,,,achas
13285,chomhtheorainn,,,inn
13286,meatán,,,án
13287,Triomú,,,ú
13288,treo-aimseoirí,,,í
13289,fíorainmneacha,,fíor,eacha
13290,Céide,,,e
13291,Magdalena,,,na
13292,Co-aiseach,,,each
13293,ndíobhálacha,n,dí,acha
13294,tSiria,t,,ia
13295,mb'fhógra,m,,ra
13296,leath-bhliain,,leath,in
13297,Bandaí,,,aí
13298,gceartas,g,,tas
13299,peaca,,,a
13300,Dhramhaíl,,,aíl
13301,gheall-ghlacadóir,,,adóir
13302,dóiteán,,dó,eán
13303,stóráil,,,áil
13304,n-ualach,n-,,ach
13305,foireann,,fo,eann
13306,ceallalóis,,,óis
13307,scriosfaí,,,aí
13308,chatach,,,ach
13309,thuiteáin,,,in
13310,Saorga,,,ga
13311,Sáile,,,e
13312,bhreathnóra,,,ra
13313,láimhseálann,,,lann
13314,fhearainn,,,inn
13315,ndíolmhaítear,n,dí,ítear
13316,Sí,,,í
13317,lamhnáin,,,in
13318,teicstílí,t,,í
13319,lascainneoirí,,las,í
13320,Mharguithe,,,ithe
13321,chomhdhéanfas,,,fas
13322,ghnóthachtáil,,,áil
13323,Íocfar,,,far
13324,shuncáil,,,áil
13325,Kütahya,,,a
13326,idirghníomhaíochtaí,,idir,taí
13327,an-mhíshásta,,an,ta
13328,fo-chostais,,fo,ais
13329,háirmheofar,h,,far
13330,bPéindlíthe,b,,the
13331,tuamaí,t,,aí
13332,Leictreach,,,each
13333,pháiste,,,te
13334,coisithe,,,ithe
13335,drithleach,,,each
13336,mboilgeog,m,,eog
13337,sulfáit,,,áit
13338,dícháiliúcháin,,dí,in
13339,aicme,,,e
13340,teilishiopadóireacht,t,teili,eacht
13341,inmhargaidh,,in,aidh
13342,íslithe,,,ithe
13343,infeiriú,,in,iú
13344,Kobe,,,e
13345,Insíonn,,,íonn
13346,Leithdháilfear,,,fear
13347,neamhdhénártha,,neamh,tha
13348,gcártaí,g,,taí
13349,caighdéan,,,an
13350,thionlacan,,,an
13351,mbeartaíonn,m,,aíonn
13352,táscairí,t,,í
13353,múin,,,in
13354,leictreoidí,,leictr,í
13355,comhlántachta,,comh,ta
13356,neasach,,neas,ach
13357,Scála,,,a
13358,Laoghaire,,,aire
13359,Maisiúla,,,a
13360,eisiafar,,eisi,far
13361,Micrimhilseogra,,,ra
13362,leithéad,,,éad
13363,iondúil,,ion,úil
13364,folaicídí,,fo,í
13365,Deireadh,,,eadh
13366,gcód,g,,ód
13367,amhráin,,am,in
13368,tiarna,t,,na
13369,ngairmfear,n,,fear
13370,chompánaigh,,,aigh
13371,ciorclach,,,ach
13372,foilsitheoireacht,,fo,eacht
13373,paiste,,,te
13374,tearmaí,t,,aí
13375,fisiciúil,,fisici,úil
13376,Séalaithe,,,aithe
13377,Phátrúnachta,,,ta
13378,Airde,,,e
13379,Haifa-Der'a,,,a
13380,n-tonn,,,nn
13381,athraitheacha,,ath,eacha
13382,Íoslódáil,,,áil
13383,béite-carotene,,,ne
13384,meabhrúchán,,,án
13385,hathmhúnlú,h,ath,ú
13386,mhúineadh,,,eadh
13387,ghairneoireacht,,,eacht
13388,Anlaşma,,,a
13389,bhronntanas,,,tanas
13390,Glacfar,,,far
13391,hibrideach,h,,each
13392,grúpa,,grúp,a
13393,isiad,,isi,ad
13394,dícheangailte,,dí,te
13395,bheartas,,,tas
13396,dtreoirlínte,d,,te
13397,neamh-cúisithe,,neamh,ithe
13398,góiséireacht,,,eacht
13399,cruithneachtan,,,an
13400,foghlaim,,fo,aim
13401,ingheallbroite,,in,te
13402,bpríntíseach,b,,each
13403,bpíoráideacht,b,,eacht
13404,Adana,,,na
13405,barrachas,,barr,achas
13406,eagsúla,,,a
13407,thoileoidh,,,idh
13408,seolfaí,,,aí
13409,comhbhainistíochta,,comh,ta
13410,giorrú,,,ú
13411,Shaorstáit,,,áit
13412,Dheonacha,,,acha
13413,óras,,,as
13414,liobrálacha,,,acha
13415,bhaintreacha,,,eacha
13416,Leiviticeas,,,eas
13417,ceárd-oideachas,,,achas
13418,fo-ceadúnas,,fo,únas
13419,bhailecheanntar,,,tar
13420,píobáin,,,in
13421,Seirbheáladh,,,adh
13422,Roghnú,,,ú
13423,uathrialach,,uath,ach
13424,teibíochta,t,,ta
13425,cúrsála,,,a
13426,imscrúdaithe,,im,aithe
13427,shoithigh,,,igh
13428,Onórach,,,ach
13429,dhahlias,,,as
13430,Coimeádta,,,ta
13431,Cuntas,,,tas
13432,dtuairisceán,d,,eán
13433,Ambasáidí,,,í
13434,gcomharba,g,comh,a
13435,n-agallóirí,n-,,í
13436,purláin,,,in
13437,líneálacha,,,acha
13438,d'uillinneacha,d',,eacha
13439,Janemba,,,a
13440,sannfar,,,far
13441,poitigéir,,,éir
13442,gcásanna,g,,anna
13443,sheachada,,,da
13444,cónaidhmigh,,,igh
13445,soláthraíodh,,so,íodh
13446,tseanchais,t,,ais
13447,n-airleacan,n-,,an
13448,Amazanga,,,ga
13449,tsoláthraithe,t,,aithe
13450,Sásta,,,ta
13451,chaipitíocht,,,íocht
13452,gléasraí,,,aí
13453,aicsin,,,in
13454,gcionúireachtaí,g,,taí
13455,dulta,,,ta
13456,Oibríochtúil,,,túil
13457,rapóirtéir-comhordaitheoir,,,eoir
13458,mhetilithe,,,ithe
13459,Iniúchóir,,,óir
13460,thaifeadtar,,,tar
13461,bhFórsaí,bh,,aí
13462,iar-imoibrithe,,iar,ithe
13463,Bháin,,,in
13464,Onde,,,e
13465,Hardin,,,in
13466,féin-mheasúnaithe,,féin,aithe
13467,Inimircigh,,,igh
13468,choimirce,,,e
13469,leachtach,,,ach
13470,t-Ailse,t-,,se
13471,réitigh,,ré,tigh
13472,cleite,,,te
13473,Dhearadh,,,radh
13474,chomhad,,,ad
13475,Rannpháirtí,,,tí
13476,ngairneoireacht,n,,eacht
13477,Toilteanach,,,ach
13478,Éistea,,,a
13479,fhoshirriaim,,,aim
13480,Neamhthrócaireach,,,each
13481,gCeanntar,g,,tar
13482,blocála,,,a
13483,baitsiléara,,,ra
13484,gcúinsí,g,,í
13485,staonfaidh,,,faidh
13486,n-earraí,n-,,aí
13487,ní-bhainfidh,,,fidh
13488,órduithe,,,ithe
13489,Ceardaíocht,,,aíocht
13490,hIonchuimsiú,h,,iú
13491,bhronntanais,,,ais
13492,splancscáileán,,,eán
13493,bPostvótalaithe,b,,aithe
13494,Torainn,,,inn
13495,phraiticiúla,,,a
13496,Ghnáthóga,,,ga
13497,WP-taisce,,,e
13498,Luchtaithe,,,aithe
13499,batheable,,,e
13500,athróige,,ath,e
13501,réamhluaite,,réamh,te
13502,múiríniú,,,iú
13503,parte,,,te
13504,ghlanchaillteanas,,,as
13505,hÍsiltíre,h,,e
13506,gearr-fhógra,,gearr,ra
13507,chiníocha,,,a
13508,neamh-oiriúnacht,,neamh,acht
13509,leice,,,e
13510,bhuadh,,,adh
13511,greim,,,im
13512,pianphilleoirí,,,í
13513,Scóipe,,,e
13514,tsean-fhostóir,t,,tóir
13515,mbuanionadaíocht,m,buan,aíocht
13516,sciobtha,,,tha
13517,sláintíocht,,,íocht
13518,síceolaíochta,,,ta
13519,inmhínithe,,in,ithe
13520,réimhíoca,,ré,a
13521,leithligh-riaradh,,,radh
13522,fheidhmíocht,,,íocht
13523,dhúblaigh,,,aigh
13524,t-aonach,t-,aon,ach
13525,mhíniú,,,iú
13526,Cairteacha,,,eacha
13527,stampáil,,,áil
13528,síolraí,,,aí
13529,mheicníocht,,,íocht
13530,dhílsithe,,,ithe
13531,d'ionchúisitheoirí,d',ion,í
13532,bpeircisí,b,,í
13533,eatramhacha,,,acha
13534,forlíontach,,for,ach
13535,Comhpháirteach,,,each
13536,thuigeann,,,eann
13537,Géiniteacha,,,eacha
13538,thórann,,,ann
13539,gCluain,g,,in
13540,stórálfaidh,,,faidh
13541,héinne,h,,ne
13542,shiúlann,,,lann
13543,íocaíochtaí,,,taí
13544,Teilgin,,,gin
13545,Dáil-Chúirte,,,te
13546,ionghlaoiteacht,,ion,eacht
13547,chúisí,,,í
13548,Deontas,,,tas
13549,Bakugan,,,an
13550,achtúcháin,,,in
13551,teileascópacha,t,,acha
13552,sireadh,,,eadh
13553,roinnfa,,ro,a
13554,Barántais,,,ais
13555,chónaíos,,,íos
13556,n-áitiú,n-,,iú
13557,heisiafar,h,eisi,far
13558,nozzle,,,e
13559,Bhabhta,,,ta
13560,n-íocfar,n-,,far
13561,Rúndiamhra,,,ra
13562,mhalartófar,,,ófar
13563,Mhála,,,a
13564,cinnidh,,cinn,idh
13565,mBreatain,m,,in
13566,soghluaisteacht,,so,eacht
13567,chuimhne,,,ne
13568,Fandera,,,ra
13569,glasán,,glas,án
13570,ceann,,,eann
13571,Infheidhmeacht,,,eacht
13572,Íoctar,,,tar
13573,Réamh-mheasúnú,,,ú
13574,Mürşitpınar-Şanlıurfa,,,a
13575,frása,,,sa
13576,ngluaiseacht,n,,eacht
13577,luchtuithe,,,ithe
13578,díoltóir,,dí,tóir
13579,dámhachtainí,,dá,í
13580,huiscí,h,,í
13581,gínéiceolaíocht,,,aíocht
13582,D'oibrigh,D',,igh
13583,trasfhoirmithe,,tras,ithe
13584,d'thosaitheoirí,,,í
13585,hiniúchta,h,in,ta
13586,eitseála,,,a
13587,biatais,,bi,ais
13588,Ainmniú,,,iú
13589,cuibhreannas,,,as
13590,próitéin,,,éin
13591,dtairgfear,d,,fear
13592,te-rollta,t,,ta
13593,bríoghmhar,,brí,mhar
13594,fhiontraíocht,,,aíocht
13595,Tuigeann,,,eann
13596,ard-oideachais,,ard,ais
13597,comhrialacha,,comh,acha
13598,alcólacha,,,acha
13599,Foilseofar,,,far
13600,ghearrtar,,,tar
13601,áitigh,,,tigh
13602,Dearaidh,,,aidh
13603,criostalaíodh,,,íodh
13604,Inmhuirearaithe,,,aithe
13605,mbeidís,m,,idís
13606,antaibheathaigh,,anta,aigh
13607,gcuntaisí,g,,í
13608,gcaladh,g,,adh
13609,cheile,,,e
13610,coirceoga,,,ga
13611,géineabhaigí,,,igí
13612,Taispeánfaidh,,,faidh
13613,mhaireachtála,,,a
13614,ruán,,,án
13615,Teirmeacha,,,eacha
13616,Intreoir,,,eoir
13617,fhabhtanna,,,anna
13618,leapachas,,,achas
13619,Seachadta,,,ta
13620,gCairteacha,g,,eacha
13621,íoschainníocht,,íos,íocht
13622,gabha,,,a
13623,lártheifeacha,,lár,eacha
13624,suntasacht,,,acht
13625,onnmhaireoirí,,,í
13626,athriochtaithe,,ath,aithe
13627,montáiste,,,te
13628,ndúnmharú,n,dú,ú
13629,ndéanaim,n,dé,aim
13630,cóireála,,,a
13631,ndeonófar,n,,ófar
13632,corporáide,,,e
13633,Eorpach,,,ach
13634,Faenza,,,a
13635,aisghlámadh,,ais,adh
13636,Choisdealbha,,,a
13637,Siltin,,,in
13638,spreagthaí,,,aí
13639,fíordhifríocht,,fíor,íocht
13640,neamh-iomchuibhe,,neamh,e
13641,dhílsítear,,,ítear
13642,Struchtúr,,,úr
13643,fholuíonn,,,íonn
13644,Uafásach,,,ach
13645,ardaíodh,,ard,íodh
13646,Dhoiminiceach,,,each
13647,Oibriú,,,iú
13648,Comhaontófar,,,ófar
13649,súl-liacha,,,acha
13650,goidte,,,te
13651,svenska,,,a
13652,ordaítear,,,ítear
13653,cumacht,,,acht
13654,tarraice,t,tar,e
13655,mionsonraithe,,mion,aithe
13656,comhshaoránaigh,,comh,aigh
13657,sháróidh,,,óidh
13658,Broin,,,in
13659,ordú,,,ú
13660,húdaróir,h,,óir
13661,Choinnítear,,,ítear
13662,neamhnítear,,neamh,ítear
13663,sínítear,,,ítear
13664,dhíoscadh,,,adh
13665,ngnáthchomhnaidhe,n,gnáth,aidhe
13666,ardteicneolaíochta,,ard,ta
13667,Phrotastúnaigh,,,aigh
13668,taibhsí,t,,í
13669,Aisteoir,,,eoir
13670,Tábhachtaí,,,taí
13671,Cóimeálaithe,,,aithe
13672,gcomhdhúil,g,comh,úil
13673,mhaisithe,,,ithe
13674,dea-mheas,,dea,eas
13675,fad-iomlán,,fad,án
13676,cnáithín,,,ín
13677,Páirtnéara,,,ra
13678,Suite,,,te
13679,plandála,,,a
13680,eacnamaíocha,,,a
13681,roghan,,ro,an
13682,mheasúnuithe,,,ithe
13683,Sannacháin,,,in
13684,díbríodh,,dí,íodh
13685,sionnaigh,,,aigh
13686,Bainsiteoirí,,,í
13687,seilge,,,e
13688,léigh,,,igh
13689,Veidhlín,,,ín
13690,tollánú,t,,ú
13691,gcuimseofar,g,,far
13692,cumhangracht,,,acht
13693,Dainséaracha,,,acha
13694,phríomhúla,,,a
13695,Dhílárú,,,ú
13696,Thalmhaíocht,,,aíocht
13697,do-aisghabhála,,do,a
13698,scríobhann,,,ann
13699,táirgiúla,t,,a
13700,n-ath-easportáil,n-,ath,áil
13701,neamhnochtadh,,neamh,adh
13702,ionstraimíocht,,ion,íocht
13703,Hofstra,,,ra
13704,dhumpáil,,,áil
13705,tomhaltas,t,,tas
13706,eisíonn,,,íonn
13707,ghóchumadh,,,adh
13708,119a,,,a
13709,Chomhtháthú,,,ú
13710,cáin,,,in
13711,imchuacha,,im,acha
13712,cothromasaí,,,aí
13713,ceannas,,ceann,as
13714,bpóilíní,b,,í
13715,réamhchonarthacha,,réamh,acha
13716,nóchaidí,,,í
13717,scagaire,,,aire
13718,thiontú,,,ú
13719,mhilis,,,is
13720,hipea-fheadáin,h,,in
13721,réamhcháilíochta,,réamh,ta
13722,mbailithe,m,,ithe
13723,neamhníodh,,neamh,íodh
13724,fhostaíonn,,,aíonn
13725,inmhe,,in,e
13726,dteidlíochtaí,d,,taí
13727,Cairpéad,,,éad
13728,Feidhmeannacht,,,acht
13729,bunoideachas,,bun,achas
13730,háilleacht,h,,eacht
13731,Beagán,,,agán
13732,iarmhartach,,iar,ach
13733,Rómhánacha,,,acha
13734,bunúsaí,,bun,aí
13735,teorannaithe,t,teo,aithe
13736,mhionnófar,,,ófar
13737,bunmhúinteoireachta,,bun,ta
13738,Shábháilteacht,,,eacht
13739,scipeáil,,,áil
13740,ndréacht-rialachán,n,,achán
13741,imthoscaí,,im,aí
13742,slachtmhara,,,ra
13743,bhliain,,,in
13744,Neamhchónaitheoirí,,,í
13745,Ainmní,,,í
13746,Spriocghrúpaí,,,aí
13747,Léirímid,,,ímid
13748,iarramar,,iar,amar
13749,ngléasra,n,,ra
13750,t-éirí,t-,,í
13751,deileanna,,,eanna
13752,charcanaiginí,,,í
13753,eachtar-dhíola,,eachtar,a
13754,an11ú,,an,ú
13755,Sócmhainní,,,í
13756,éilítear,,,ítear
13757,Dífhostaithe,,,aithe
13758,údaraítear,,,ítear
13759,Tháthú,,,ú
13760,cladaigh,,,aigh
13761,Comhtháthú,,,ú
13762,chritéir,,,éir
13763,hobairí,h,,í
13764,dtagaidh,d,,aidh
13765,soiléireachta,,so,ta
13766,bhfoilseachán,bh,fo,achán
13767,saoránacht,,,acht
13768,seicliosta,,,ta
13769,nóchad,,,ad
13770,thromlach,,,ach
13771,rátaíochta,,,ta
13772,bhfiacha,bh,fia,acha
13773,SPAanna,,,anna
13774,hAthbhreithniú,h,,iú
13775,Shábháltacht,,,tacht
13776,Leagtha,,,tha
13777,Chuireann,,,eann
13778,costéifeachtacht,,,tacht
13779,raideolaíocha,,,a
13780,héileamh,h,,amh
13781,ndéanaimid,n,dé,aimid
13782,tarae,t,tar,e
13783,gcailibre,g,,e
13784,Dóibh,,,ibh
13785,creacha,,,eacha
13786,thionóntacht,,,tacht
13787,olltoghacháin,,oll,in
13788,déileála,,dé,a
13789,leasuítear,,leas,ítear
13790,íosmhéideanna,,íos,eanna
13791,matamaitice,,,e
13792,Rialaitheoirí,,,í
13793,Naas,,,as
13794,Tosaithe,,,aithe
13795,b'fhiú,,,iú
13796,athmhuirearaithe,,ath,aithe
13797,táscaire,t,,aire
13798,rífhuiriste,,,te
13799,foilsithe,,fo,ithe
13800,ríomhann,,ríomh,ann
13801,pharlaimintí,,,tí
13802,chléirigh,,,igh
13803,gcomhaontóidh,g,comh,óidh
13804,aibítre,,,e
13805,Soláthróidh,,,óidh
13806,mbianna,m,bi,anna
13807,Cúramóra,,,ra
13808,n-íoefadh,n-,,fadh
13809,Catherine,,,ne
13810,mholtóra,,,ra
13811,Dlí-Chumann,,,ann
13812,hintinn,h,in,inn
13813,phaisneura,,,ra
13814,iarrachtaí,,iar,taí
13815,grianghortha,,grian,tha
13816,gcreat-chomhaontú,g,,ú
13817,sainiúil,,sain,úil
13818,Múchadh,,,adh
13819,bPaisinéirí,b,,í
13820,dícnta,,dí,ta
13821,Siúracha,,,acha
13822,líocha,,,a
13823,ghníomhós,,,ós
13824,Bhuiséadta,,,ta
13825,lánúineacha,,,eacha
13826,tumoideachais,t,,ais
13827,shiollabais,,,ais
13828,ath-leithdháileadh,,ath,eadh
13829,Rannpháirtíochta,,,ta
13830,suimiú,,,iú
13831,asbhaineadh,,as,eadh
13832,Bogearraí,,,aí
13833,conairí,,,í
13834,Chomharchumainn,,,inn
13835,h-Éireann,h-,,eann
13836,ildánach,,il,ach
13837,sháraithigh,,,igh
13838,plátáil,,,áil
13839,fógróir,,,óir
13840,mianta,,,ta
13841,cuntasaí,,,aí
13842,Aturnaethe,,,the
13843,foinse,,fo,se
13844,mhór-roinn,,,inn
13845,Gnéithe,,,ithe
13846,morninn,,,inn
13847,dílseánaigh,,dí,aigh
13848,roghanna,,ro,anna
13849,foluíonn,,fo,íonn
13850,Samhadh,,,mhadh
13851,céim,,,im
13852,Ionchúisitheoir,,,eoir
13853,d'ainmhí,d',ain,í
13854,bpríomhfhoinse,b,príomh,se
13855,mmFad,,,ad
13856,basa,,,sa
13857,miosúla,,,a
13858,seithí,,,í
13859,príomhpháirtithe,,príomh,ithe
13860,tslánaíocht,t,,aíocht
13861,Cóireáil,,,áil
13862,bhfostaítear,bh,fo,ítear
13863,bhfanann,bh,,ann
13864,FAisnéis,,,is
13865,mheala,,,a
13866,craolfaidh,,,faidh
13867,hestáit,h,,áit
13868,bheatha,,,tha
13869,shean-choistí,,,tí
13870,athmheasúnú,,ath,ú
13871,mBainistíocht,m,,íocht
13872,Toirmisceann,,,eann
13873,tiacóige,t,,e
13874,carrchlósanna,,,anna
13875,labhraíomar,,,íomar
13876,Figiúirí,,,í
13877,gcomhalta,g,comh,ta
13878,Idir-Rialtasaí,,,aí
13879,Chuimsigh,,,igh
13880,ionfhoirfheidhmithe,,ion,ithe
13881,croí-institiúidí,,,í
13882,leigheasra,,,ra
13883,saghais,,,ais
13884,comhionainne,,comh,ne
13885,psoriasis,,,is
13886,cheannaire,,,aire
13887,Litearthachta,,,ta
13888,fhuaraí,,,aí
13889,ceoltóirí,,,í
13890,giomnáisiam,,,iam
13891,bhréagach,,,ach
13892,scríbe,,,e
13893,léir-scriosadh,,,adh
13894,rangaithe,,,aithe
13895,teastaíonn,t,,aíonn
13896,beairicí,,,í
13897,Inn,,,nn
13898,Formentera,,,ra
13899,thosnú,,,ú
13900,cabhlachán,,,achán
13901,reachta,,,ta
13902,neamh-airgeadais,,neamh,ais
13903,cócaráilte,,,te
13904,ghléiseanna,,,eanna
13905,Cuimsíonn,,,íonn
13906,luathrabhaidh,,luath,aidh
13907,hotharlanna,h,,anna
13908,míchlú,,mí,ú
13909,Pribhéad,,,éad
13910,Sainaithin,,,in
13911,snámhfaidh,,,faidh
13912,gabhadán,,,adán
13913,Nasctha,,,tha
13914,Uacht,,,acht
13915,Samhlacha,,,acha
13916,monaiméara,,mona,ra
13917,ceárdoideachais,,,ais
13918,shlánú,,,ú
13919,Manschettenknöpfe,,,e
13920,303Se,,,e
13921,neambhrabúsacha,,,acha
13922,Lotnaidí,,,í
13923,Hataí,,,taí
13924,dtáirgfimid,d,,fimid
13925,príomhchúiseanna,,príomh,eanna
13926,chlúdóidh,,,óidh
13927,aisíoca,,ais,a
13928,Athlasadh,,,adh
13929,Gortaítear,,,ítear
13930,saoirse-grámhara,,,ra
13931,Cuardaigh,,,aigh
13932,Chonarthaigh,,,aigh
13933,Protastúnaigh,,,aigh
13934,príomh-chomhaontú,,príomh,ú
13935,dearbhfhorais,,dearbh,ais
13936,smeach,,,each
13937,Oibreacha,,,eacha
13938,taisealbhadh,t,tais,adh
13939,ioscad,,,ad
13940,deimhniú,,,iú
13941,phlandaí,,,aí
13942,Dhobharshaothrú,,,ú
13943,rátálacha,,,acha
13944,Comhréiteach,,,each
13945,díospóide,,dí,e
13946,garraíodóra,,gar,ra
13947,tualú,t,,alú
13948,ceárd-chumann,,,ann
13949,tuairiscigh,t,,igh
13950,Scrúdaithe,,,aithe
13951,inrochtaineacht,,in,eacht
13952,Sealbhacha,,,acha
13953,éanlaithe,,éa,aithe
13954,Sábháil,,,áil
13955,choigilteas,,,eas
13956,Cnóbha,,,a
13957,tsneachta,t,,ta
13958,mheasamar,,,amar
13959,forexstraitéis,,for,is
13960,tarchuirfidh,t,tar,fidh
13961,druileála,,,a
13962,blastán,,,án
13963,seolann,,,lann
13964,saothraithe,,,aithe
13965,píosa,,,sa
13966,míosúil,,mí,úil
13967,láneagraithe,,,aithe
13968,Mhara,,,ra
13969,comhachta,,comh,ta
13970,bPas,b,,as
13971,ige,,,e
13972,Cobhsú,,,ú
13973,beta-carotene,,,ne
13974,thoscairí,,,í
13975,cácaí,,,aí
13976,tintrí,t,,í
13977,Shaoránaigh,,,aigh
13978,Tháillí,,,í
13979,gormach,,,ach
13980,haonta,h,aon,ta
13981,6ú,,,ú
13982,coibhéiseacha,,,eacha
13983,d'fhostóirí,d',,í
13984,Thuas,,,as
13985,Leithreasú,,,ú
13986,croíchúraimí,,,í
13987,d'athfhostú,d',ath,ú
13988,fíreannacht,,,acht
13989,guiní,,,í
13990,cístithe,,,ithe
13991,ngabháltas,n,,tas
13992,inmháil,,in,áil
13993,miteáin,,,in
13994,féachfaidh,,,faidh
13995,printíseachtaí,,,taí
13996,mhóráireamh,,,amh
13997,íoslach,,íos,ach
13998,aisteach,,ais,each
13999,t-iarmharluach,t-,iar,ach
14000,Bogtar,,,tar
14001,caomhchóiriú,,,iú
14002,Gheineasas,,,as
14003,n-mhonarcha,,,a
14004,haighneachtaí,h,,taí
14005,deataigh,,dea,aigh
14006,ascaluithe,,asca,ithe
14007,phlátaí,,,taí
14008,neamh-radaíochta,,neamh,ta
14009,claonadh,,claon,adh
14010,nuathofa,,nua,a
14011,Comhchruinnithe,,,ithe
14012,Sultan,,,an
14013,luath-gheimhridh,,luath,idh
14014,bhfoilseofar,bh,fo,far
14015,intuaslagtha,,in,tha
14016,Ualachlínte,,,te
14017,forleathan,,for,an
14018,snámha,,,a
14019,bogie,,bog,e
14020,Iniúchta,,,ta
14021,Cainníochtaí,,,taí
14022,chumhachtacha,,,acha
14023,chiotráite,,,te
14024,Tíolaicfidh,,,fidh
14025,hanailíse,h,an,se
14026,cóionnanas,,,as
14027,Cúlghaimid,,,aimid
14028,Made,,,e
14029,fostófar,,fo,ófar
14030,lumpia,,,ia
14031,cabhróir,,,óir
14032,Digití,,,tí
14033,ndlúth-theagmháil,n,,áil
14034,bhailiúchán,,,án
14035,thoiligh,,,igh
14036,trédhearcacha,,tré,acha
14037,choinsiasach,,,ach
14038,fhréamh-chóras,,,as
14039,Ghníomhacha,,,acha
14040,deasca,,dea,a
14041,bradaíola,,,a
14042,Foraoiseachta,,,ta
14043,Giúdachas,,,achas
14044,dúil,,dú,úil
14045,heisceadh,h,,eadh
14046,uasdátaithe,,uas,aithe
14047,Scicluna,,,na
14048,urraíonn,,ur,aíonn
14049,phinsinéir,,,éir
14050,bhíomar,,,íomar
14051,éagobhsaí,,éa,aí
14052,theagascóir,,,óir
14053,imeartha,,im,tha
14054,dí-cháilithe,,dí,ithe
14055,Foghlaimíonn,,,íonn
14056,tionóntachán,t,,achán
14057,n-íospartach,n-,íos,ach
14058,d'earnáil,d',,áil
14059,Bheadh,,,eadh
14060,gcuideachtain,g,,in
14061,ghníomhaíochta,,,ta
14062,Ghairme,,,e
14063,Leagtar,,,tar
14064,Baineadh,,,eadh
14065,háitribh,h,,ibh
14066,bhusca,,,a
14067,bhardasaigh,,,aigh
14068,Europeiska,,,a
14069,gcáinmheas,g,,eas
14070,fliú,,,iú
14071,ghreamófar,,,ófar
14072,Thiarnaí,,,aí
14073,treascarnach,,,ach
14074,rialálfaidh,,,faidh
14075,Leningrad,,,ad
14076,Éireannaigh,,,aigh
14077,vótálaithe,,,aithe
14078,preaseisiúint,,,úint
14079,seirbhíseach,,,each
14080,lín,,,ín
14081,Ailtire,,,ire
14082,collaí,,,aí
14083,Ceardchumainn,,,inn
14084,dhílsiúcháin,,,in
14085,Kaptan,,,an
14086,cothaitheach,,,each
14087,ngáis,n,,áis
14088,nuachtlitreacha,,nua,eacha
14089,aiceanta,,,ta
14090,Piaraí,,,aí
14091,éirigh,,,igh
14092,monaí,,mona,aí
14093,fuascáin,,,in
14094,rómánsúil,,ró,úil
14095,inchainníochtaithe,,in,aithe
14096,muilte,,,te
14097,uas,,,as
14098,eagraíochtúil,,,túil
14099,díghalrúcháin,,dí,in
14100,chríochnaíonn,,,aíonn
14101,Tréidliachta,,,ta
14102,dTuarascáil,d,,áil
14103,keratin,,,in
14104,Vigna,,,na
14105,ghe,,,e
14106,príomhsholáthraí,,príomh,aí
14107,Ciallmhar,,,mhar
14108,Uachtaránacht,,,acht
14109,colpascópachta,,,ta
14110,fhíoneolaíocha,,,a
14111,tsacairín,t,,ín
14112,Alexis,,,is
14113,Teicnící,,,í
14114,rampa,,,a
14115,Príobháideachta,,,ta
14116,taibléidí,t,,í
14117,Iasachtóra,,,ra
14118,Lúiche,,,e
14119,IArscríbhinní,,,í
14120,comhréireach,,comh,each
14121,Céannacht,,,acht
14122,ghóchumtha,,,tha
14123,gCartlann,g,,lann
14124,tuirsiúil,t,,úil
14125,dtomhaistear,d,,ear
14126,tiomnóir,t,,óir
14127,comhoiriúnach,,comh,ach
14128,luaidhte,,,te
14129,neamhidirdhealaitheach,,neamh,each
14130,thuaradh,,,radh
14131,comhordú,,comh,ú
14132,fhorceannadh,,,adh
14133,bithcheimiceach,,bith,each
14134,Tarracóir,,,óir
14135,Fiaclóireachta,,,ta
14136,ngnáthrása,n,gnáth,sa
14137,formheasadh,,for,adh
14138,BlueBíonn,,,íonn
14139,chéibh,,,ibh
14140,Paisinéir,,,éir
14141,inrátuithe,,in,ithe
14142,comhshamhlaithe,,comh,aithe
14143,chócaireacht,,,eacht
14144,bikinis,,bi,is
14145,amharcóra,,am,ra
14146,ceartóidh,,,óidh
14147,chuaigh,,,aigh
14148,choisteoir,,,eoir
14149,d'fhorghníomhaigh,d',,aigh
14150,Staidiam,,,idiam
14151,Litríocht,,,íocht
14152,easaontachtaí,,eas,taí
14153,mórdhíoltóra,,mór,ra
14154,friotóirí,,,í
14155,athainmniú,,ath,iú
14156,earcaithe,,,aithe
14157,ndáilcheanntar,n,dá,tar
14158,tuairimí,t,,í
14159,Críostóir,,,tóir
14160,mbarúlacha,m,bar,acha
14161,neartóidh,,,óidh
14162,sásanna,,,anna
14163,scaipthe,,,the
14164,Uile,,,e
14165,meitínín,,,ín
14166,chomhchathaoirleach,,,each
14167,thíolactar,,,tar
14168,codarsnacha,,,acha
14169,Rochtain,,,in
14170,cuimsithe,,,ithe
14171,malartaithe,,,aithe
14172,clúdacháin,,,in
14173,poibleoidh,,,idh
14174,meallta,,,ta
14175,alán,,,án
14176,glacaidh,,,aidh
14177,leigheas,,,eas
14178,Criosaithe,,,aithe
14179,bordála,,,a
14180,meánaoiseach,,meán,each
14181,fhótaileictreach,,,each
14182,Cumainn,,,inn
14183,iar-bhunscoile,,iar,e
14184,iar-veranda,,iar,da
14185,súiche,,,e
14186,Bóthair-Sábháilteacht,,,eacht
14187,bhéilí,,,í
14188,leabhar-fada,,,da
14189,Beige,,,e
14190,gearáin,,,in
14191,dheasea,,,a
14192,Bharra,,,ra
14193,dianrialacha,,dia,acha
14194,príomhstádas,,príomh,as
14195,Uiscí,,,í
14196,Main,,,in
14197,Lufthansa,,,sa
14198,hAnluain,h,,in
14199,Lia-chleachtóir,,,tóir
14200,Tiarna,,,na
14201,ndíchuireann,n,dí,eann
14202,dtiomáinfidh,d,,fidh
14203,Labhrais,,,ais
14204,athchláraithe,,ath,aithe
14205,deireann,,,eann
14206,Ciara,,,ra
14207,chláraítear,,,ítear
14208,Príomh-Aire,,,ire
14209,chomhdófar,,,ófar
14210,ndéirithe,n,dé,ithe
14211,Frith-Bhulaíochta,,,ta
14212,leathanbhanda,,leath,da
14213,intuigthe,,in,the
14214,Scrúdóir,,,dóir
14215,ionsúire,,ion,ire
14216,Iosta,,,ta
14217,dhébhliantúil,,,túil
14218,Coilín,,,ín
14219,chaoga,,,ga
14220,nótaítear,,,ítear
14221,déirce,,dé,e
14222,víosa,,,sa
14223,Siúlach,,,ach
14224,cimeádtar,,,tar
14225,shocrós,,,ós
14226,Cruinniú,,,iú
14227,hidreacarbóin,h,,in
14228,chabhalra,,,ra
14229,TáFéile,,,e
14230,crúba,,,a
14231,malairtiú,,,iú
14232,Patrizia,,,ia
14233,Caidmiam,,,iam
14234,chónaí,,,aí
14235,bróicéir,,,éir
14236,n-aghaidh,n-,,aidh
14237,Cumhachtaí,,,taí
14238,Bhilleáin,,,in
14239,ngnáthbhosca,n,gnáth,a
14240,soláthraí,,so,aí
14241,gliogáil,,,áil
14242,cánach,,,ach
14243,Aicéatáit,,,áit
14244,saillte,,,te
14245,gairmiúla,,,a
14246,chonnra,,,ra
14247,foluain,,fo,in
14248,bhfiosrú,bh,,ú
14249,Dliteanach,,,ach
14250,samhlaítear,,,ítear
14251,fhógraíonn,,,aíonn
14252,neamhriachtanach,,neamh,ach
14253,Mhorgáiste,,,te
14254,scoileanna,,,eanna
14255,mbainne,m,bain,ne
14256,bhreiseacha,,,eacha
14257,fíriciúil,,,úil
14258,Ceannaitheoir,,,eoir
14259,Tigh,,,igh
14260,d'éilithe,d',,ithe
14261,Nuachtiris,,,is
14262,neamhthaifeadta,,neamh,ta
14263,Ardteisitméireacht,,,eacht
14264,có-aontú,,,ú
14265,greamaíodh,,,íodh
14266,lán-aoise,,,se
14267,reibiliúnaithe,,,aithe
14268,shíorathraitheach,,,each
14269,marthanóir,,,óir
14270,oráistí,,,tí
14271,coimeádaigh,,,aigh
14272,thighearna,,,na
14273,reisiminte,,,te
14274,bplandálfaí,b,,aí
14275,suntasacha,,,acha
14276,príomh-artairí,,príomh,í
14277,gnéas,,,as
14278,paella,,,a
14279,chónaithigh,,,igh
14280,Díospóidí,,,í
14281,Aerloingseoireacht,,,eacht
14282,uile,,,e
14283,chomhréire,,,ire
14284,tógfar,t,,far
14285,iomlánní,,,í
14286,inchláraithe,,in,aithe
14287,háite,h,,te
14288,Bhainisteora,,,ra
14289,solitaire,,so,aire
14290,bunairgead,,bun,ad
14291,d'urscaoileadh,d',ur,eadh
14292,chódaithe,,,aithe
14293,inscríbhinn,,in,inn
14294,ceapacháin,,,in
14295,Fiafróidh,,,óidh
14296,grianghrafadóireacht,,grian,eacht
14297,chóireála,,,a
14298,léiritheacha,,,eacha
14299,tírdhreachta,t,,ta
14300,nochtfaí,,,aí
14301,iontacha,,ion,acha
14302,Méadú,,,ú
14303,Gléas,,,as
14304,mbonnann,m,,ann
14305,Railroad,,,ad
14306,Cuaille,,,e
14307,Ordacháin,,,in
14308,Conarthacha,,,acha
14309,praghas,,,as
14310,Léim,,,im
14311,shlán,,,án
14312,ruílsigh,,,igh
14313,gCeadanna,g,,anna
14314,Aisghlámadh,,,adh
14315,uaim,,,aim
14316,taispeáin,t,tais,in
14317,thaithí,,,í
14318,Meánchíos,,,íos
14319,cheartú,,,ú
14320,Treoirlínte,,,te
14321,árdchéime,,,e
14322,dhosmálta,,,ta
14323,bead,,,ad
14324,phíobáin,,,in
14325,áireamh,,,amh
14326,mbogearra,m,bog,ra
14327,mhíchothroma,,,a
14328,daorcha,,,a
14329,Monrovia,,,ia
14330,Peile,,,e
14331,hídro-leictreacha,h,,eacha
14332,sibhialta,,,ta
14333,bhfreagraí,bh,,aí
14334,haireach,h,,each
14335,fithis,,,is
14336,chothabhálann,,,lann
14337,feachtas,,,tas
14338,Grianghrafanna,,,anna
14339,fho-rolla,,,a
14340,leath-laetheanta,,leath,ta
14341,thaitneamhach,,,ach
14342,Soitheach,,,each
14343,Chistineacha,,,eacha
14344,Soicéad,,,éad
14345,Chroí,,,í
14346,Constáblaíocht,,,aíocht
14347,Inní,,,í
14348,gorm-sliseanna,,,eanna
14349,dtéarma,d,,a
14350,ndíospóidí,n,dí,í
14351,tuaradh,t,,radh
14352,tánaisteacha,t,,eacha
14353,gearrthóirí,,gearr,í
14354,bpátrúin,b,,in
14355,thógfadh,,,fadh
14356,marfach,,,ach
14357,dhleachta,,,ta
14358,fháltas,,,tas
14359,réamhbhreathnaitheach,,réamh,each
14360,caipín,,,ín
14361,java,,,a
14362,scríobhaí,,,aí
14363,cúlcheadú,,cúl,ú
14364,chluaisín,,,ín
14365,buí,,,í
14366,Leithreasaí,,,aí
14367,Ann,,,nn
14368,haerpháirce,h,aer,e
14369,tamadóireacht,t,,eacht
14370,gcléir,g,,éir
14371,coirpigh,,,igh
14372,caighdeánú,,,ú
14373,coimpléascúil,,,úil
14374,bhancaerachta,,,ta
14375,bhFodhlíthe,bh,,the
14376,seach,,,each
14377,lán-ama,,,a
14378,tóranta,t,,ta
14379,ghníomhachtú,,,ú
14380,Treoraí,,,aí
14381,n-ainmnithe,n-,ain,ithe
14382,eascraíonn,,eas,aíonn
14383,gcarrchlós,g,,ós
14384,Erzurum-Erzincan,,,an
14385,an-snasta,,an,ta
14386,dhifriúil,,,úil
14387,Críostaíochta,,,ta
14388,fhiosrúchán,,,án
14389,n-airbheartaítear,n-,,ítear
14390,Einne,,,ne
14391,Reamhraiteach,,,each
14392,gcomhdóidh,g,comh,óidh
14393,cruinneachán-chruthach,,,chruthach
14394,Criunniú,,,iú
14395,chuspóir,,,óir
14396,dhoimhniú,,,iú
14397,dtuismitheoirí,d,,í
14398,Kolomna,,,na
14399,Shochtadh,,,adh
14400,coilíneacht,,,eacht
14401,Tiomáinte,,,te
14402,Ócáideacha,,,eacha
14403,Bundíolúine,,,ne
14404,cúlstiúrthóir,,cúl,thóir
14405,ainmiú,,ain,iú
14406,Aisghabhála,,,a
14407,bhfreastalaithe,bh,,aithe
14408,ciúbán,,,án
14409,n-oideachais,n-,,ais
14410,Teastáil,,,áil
14411,Sheonach,,,ach
14412,freagrúlachta,,,ta
14413,speictrim,,speictri,im
14414,gCúba,g,,a
14415,cheardlanna,,,anna
14416,Leas-eagarthóir,,,thóir
14417,bí,,,í
14418,Sleachta,,,ta
14419,aicídithe,,,ithe
14420,hinstitiúide,h,in,e
14421,Talaban,,,an
14422,cúlchistí,,cúl,tí
14423,cearrbhachas,,,achas
14424,Shoillse,,,se
14425,scoirfeas,,,eas
14426,lánas,,,as
14427,treoir,,,eoir
14428,slánuithe,,,ithe
14429,Fearas,,,as
14430,maisiúcháin,,,in
14431,mheaisín,,,ín
14432,Ráitis,,,is
14433,HEorpaigh,,,aigh
14434,ghnáth-luach,,,ach
14435,Lucinda,,,da
14436,mhonatóireachta,,,ta
14437,athliostáil,,ath,áil
14438,Dúnadh,,,adh
14439,tréimhseacháin,,tré,in
14440,rialúcháin,,,in
14441,inaisíoctha,,in,tha
14442,dramhuisce,,,e
14443,Scríbhneoirí,,,í
14444,Rachmais,,,ais
14445,Mailéalaimis,,,imis
14446,thíosluaite,,,te
14447,mbearna,m,,na
14448,Suitable,,,e
14449,dTréidlianna,d,,anna
14450,thaisce,,,e
14451,punann,,,ann
14452,priontaí,,,taí
14453,máthairán,,,án
14454,fhrithghníomhartha,,,tha
14455,choiscfidh,,,fidh
14456,dipeanna,,,eanna
14457,Fhómhar,,,mhar
14458,cadiad,,,ad
14459,pannaí,,pan,aí
14460,n-athruithe,n-,ath,ithe
14461,Chanáil,,,áil
14462,hualaí,h,,aí
14463,rte,,,te
14464,saincháilíocht,,sain,íocht
14465,6-clocha,,,a
14466,easnacha,,eas,acha
14467,buanseasmhach,,buan,ach
14468,ghnáth-theanga,,,ga
14469,Tógtha,,,tha
14470,fadtéarmach,,fad,ach
14471,Baineann,,,eann
14472,bhforáilfear,bh,for,fear
14473,spásanna,,,anna
14474,Comhlaí,,,aí
14475,féin-rialaitheach,,féin,each
14476,Taifeadta,,,ta
14477,lúfar,,,far
14478,buiséadach,,,ach
14479,mhúnlaigh,,,aigh
14480,uainn,,,inn
14481,sise,,,se
14482,mhíshástacht,,,tacht
14483,bronntar,,,tar
14484,Ath-láimhseoirí,,,í
14485,d'éifeachtacht,d',,tacht
14486,dhuine,,,ne
14487,gcleachtann,g,,ann
14488,choibhéiseacha,,,eacha
14489,Taoisigh,,,igh
14490,bitheolaíocha,,bith,a
14491,cúigiú,,,iú
14492,aithneoidh,,aith,idh
14493,chomparáideacha,,,eacha
14494,Ath-ghuthú,,,ú
14495,bhású,,,ú
14496,meisce,,,e
14497,tháibléad,,,éad
14498,coinneálaithe,,,aithe
14499,madhmadh,,,adh
14500,Sean-Aoise,,,se
14501,Antartach,,,ach
14502,Agastache,,,e
14503,gciontóidh,g,,óidh
14504,ghrúpálta,,,ta
14505,Feachtas,,,tas
14506,fágadh,,,adh
14507,dáiltí,,dá,tí
14508,ailléirge,,,e
14509,sean-oifigigh,,sean,igh
14510,d'éarlais,d',éa,ais
14511,leastuismitheoir,,leas,eoir
14512,Blianachtaí,,,taí
14513,Bróg,,,óg
14514,fhoirfheidhmiú,,,iú
14515,dhíspíoltóir,,,tóir
14516,solúbtha,,so,tha
14517,Piseanna,,,eanna
14518,Lamhnán,,,án
14519,dialóige,,dia,e
14520,Eochracha,,,acha
14521,neachláruithe,,,ithe
14522,indíotáilte,,in,te
14523,laghduithe,,lag,ithe
14524,dhíghlasáil,,,áil
14525,pas,,,as
14526,d'uchtáil,d',,áil
14527,tógfaidh,t,,faidh
14528,gcleachtadh,g,,adh
14529,Comhbhrúiteora,,,ra
14530,inárachaithe,,in,aithe
14531,gráinneoga,,,ga
14532,dhilsiú,,,iú
14533,chabhróidh,,,óidh
14534,iartheachtacha,,iar,acha
14535,athluchtaithe,,ath,aithe
14536,Diúcacht,,,acht
14537,cuimleoir,,,eoir
14538,dheisíonn,,,íonn
14539,reachtaire,,,aire
14540,sabháilte,,,te
14541,lais,,,ais
14542,scuabtha,,,tha
14543,Milseog,,,eog
14544,thugtaí,,,taí
14545,shreabhadh,,,adh
14546,anuas,,an,as
14547,bhardas,,,as
14548,dearmhad,,dea,ad
14549,Fíon-Gloine,,,ne
14550,Cuideachta,,,ta
14551,díobhálacha,,dí,acha
14552,Seachain,,,in
14553,iostán,,,án
14554,hAraibe,h,,e
14555,bpotaí,b,,taí
14556,Kate,,,te
14557,tréidliaghachta,,tré,ta
14558,Ceartú,,,ú
14559,dliteanas,,,as
14560,Triomacht,,,acht
14561,thoghtha,,,tha
14562,clochóga,,,ga
14563,Measadh,,,adh
14564,bhfliúcha,bh,,a
14565,Sirriamaí,,,aí
14566,neamhúsáidte,,neamh,te
14567,leithroinnfear,,,fear
14568,fhritháirítear,,,ítear
14569,dintiúirí,,,í
14570,Mbladhmanna,,,anna
14571,Cloigíní,,,í
14572,Brabúis,,,is
14573,fhoréileamh,,,amh
14574,Ceansacht,,,acht
14575,polaclóirínithe,,pola,ithe
14576,fauna,,,na
14577,theagmhasacha,,,acha
14578,chanbháis,,,áis
14579,Scannánú,,,ú
14580,creimeadh,,,eadh
14581,Ceannaireacht,,,eacht
14582,MacMillan,,,an
14583,coimirciú,,,iú
14584,géaga,,,ga
14585,samplála,,,a
14586,daonlathas,,daon,lathas
14587,gcostais,g,,ais
14588,dhoiciméad,,,éad
14589,Caorach,,,ach
14590,choinnneáil,,,áil
14591,Comhordú,,,ú
14592,Stampála,,,a
14593,sáite,,,te
14594,Gheimhridh,,,idh
14595,ionadú,,ion,ú
14596,ró-chostais,,ró,ais
14597,coincréite,,,te
14598,ordlathach,,,lathach
14599,thalamh,,,amh
14600,bagáiste,,,te
14601,Artemis,,,is
14602,Giotán,,,án
14603,meicnithe,,,ithe
14604,sráide,,,e
14605,idirmheánacha,,idir,acha
14606,uireasa,,,sa
14607,caorachta,,,ta
14608,Riaradh,,,radh
14609,éagothromaíochtaí,,éa,taí
14610,díbhinn,,dí,inn
14611,spriocráta,,sprioc,ta
14612,ghlaca,,,a
14613,Pianta,,,ta
14614,hinní,h,in,í
14615,gCinnteoireacht-Smaoineamh,g,,amh
14616,inúsáidte,,in,te
14617,ócáideacha,,,eacha
14618,Déanann,,,ann
14619,caingne,,,ne
14620,mBráithre,m,,e
14621,Jena,,,na
14622,comhairfear,,comh,fear
14623,gaoithe,,,ithe
14624,cheanainn,,,inn
14625,Cothrománach,,,ach
14626,orduithe,,,ithe
14627,fhallsa,,,sa
14628,churí,,,í
14629,níocháin,,,in
14630,D'fhonn,D',,nn
14631,Karan,,,an
14632,chónaitheacht,,,eacht
14633,tréimhse-teochta,,tré,ta
14634,árasán,,,án
14635,léasanna,,,anna
14636,sceitheach,,,each
14637,Oglala,,,a
14638,bpríomhchuspóirí,b,príomh,í
14639,thagraítear,,,ítear
14640,Uain,,,in
14641,iontaoibh,,ion,ibh
14642,mbeartanna,m,,anna
14643,d'oibreacha,d',,eacha
14644,foirgníodh,,fo,íodh
14645,Roinneann,,,eann
14646,Dílleachtaí,,,taí
14647,Berkin,,,in
14648,shásraí,,,aí
14649,bhainistighe,,,e
14650,hinscne,h,in,ne
14651,íclann,,,lann
14652,toibreacha,t,,eacha
14653,neamhchoinneálachta,,neamh,ta
14654,Caighdeánacha,,,acha
14655,choiscfeadh,,,eadh
14656,smaointeach,,,each
14657,foirlíontacha,,fo,acha
14658,alcaileach,,,each
14659,uileghabhálach,,uile,ach
14660,údaróid,,,óid
14661,iomprófar,,,ófar
14662,mhídhleathach,,,ach
14663,Olann,,,lann
14664,dhámhachtain,,,in
14665,caighdeánaí,,,aí
14666,d'imtheorannú,d',im,ú
14667,héisteacht,h,,eacht
14668,Lár-Florida,,,da
14669,Easláine,,,ne
14670,Stáisúin,,,in
14671,gcinn,g,cinn,inn
14672,ghinearáltacht,,,tacht
14673,ionadaíochas,,ion,as
14674,chruthaitheoirí,,,í
14675,dheonaítear,,,ítear
14676,Meabhraítear,,,ítear
14677,cruthú,,,ú
14678,bhfíorchlóisín,bh,fíor,ín
14679,d'árthaí,d',,aí
14680,bhfigiúirí,bh,,í
14681,matánach,,,ach
14682,bídeach,,,each
14683,hualach,h,,ach
14684,cúigí,,,igí
14685,chiontaíonn,,,aíonn
14686,Measúnaithe,,,aithe
14687,chluas,,,as
14688,dúthrachta,,dú,ta
14689,easportálaí,,eas,aí
14690,rannpháirtíocht,,,íocht
14691,éadroime,,éa,e
14692,fáinní,,,í
14693,Speisialacha,,,acha
14694,thiomsaíonn,,,aíonn
14695,buanaíodh,,buan,íodh
14696,Fógraíonn,,,aíonn
14697,shampláil,,,áil
14698,bunúcháin,,bun,in
14699,limistéir,,,éir
14700,tiúchán,t,,án
14701,Meala,,,a
14702,an-daonnúil,,an,úil
14703,Iocaíochta,,,ta
14704,bhuiséadaigh,,,aigh
14705,bunuítear,,bun,ítear
14706,dheánfainn,,,inn
14707,aistritheoirí,,ais,í
14708,bheartaigh,,,aigh
14709,daltaí,,,taí
14710,có-ionanna,,,anna
14711,gCód,g,,ód
14712,n-uibheacha,n-,,eacha
14713,dtáscairí,d,,í
14714,gcuilbhreáil,g,,áil
14715,22adh,,,adh
14716,Sparánachtaí,,,taí
14717,hiniúchadh,h,in,adh
14718,nEarcach,,,ach
14719,píolóta,,,ta
14720,Spéir,,,éir
14721,Coirníní,,,í
14722,ghlain,,,in
14723,chúlú,,,ú
14724,LeasaShóisialaigh,,,aigh
14725,fheidhmhiú,,,iú
14726,muarseadh,,,eadh
14727,nIontaobhaithe,,,aithe
14728,eile,,,e
14729,mhéala,,,a
14730,buiséadaí,,,aí
14731,Síneanna,,Sín,eanna
14732,do-ainmneacha,,do,eacha
14733,bpinsin,b,,in
14734,ceintiméadar,,,méadar
14735,an-bunaidh,,an,aidh
14736,criosaithe,,,aithe
14737,inlamháilte,,in,te
14738,rtachóg,,,óg
14739,teannta,t,,ta
14740,feadhma,,,a
14741,greann,,,eann
14742,catalóga,,,ga
14743,bhíothas,,,as
14744,gcogaíocht,g,,aíocht
14745,fhaighteora,,,ra
14746,dtíolacfar,d,,far
14747,dhiúltann,,,ann
14748,áitiúil,,,úil
14749,forchuirtear,,for,ear
14750,chraolfaidh,,,faidh
14751,Aontaíodh,,,íodh
14752,d'aisiriú,d',ais,iú
14753,t-ítim,t-,,im
14754,hUachtarán,h,,án
14755,Tíolactha,,,tha
14756,peiridhéadach,,,ach
14757,cneasaigh,,,aigh
14758,lamháil,,,áil
14759,có-chríochach,,,ach
14760,oirbheartaíochta,,oir,ta
14761,Chathláin,,,in
14762,gcomhshealbhóir,g,comh,óir
14763,Comhpháirtithe,,,ithe
14764,Bulgáiris,,,is
14765,neamh-mhargaidh,,neamh,aidh
14766,Geoite,,,te
14767,tsolais,t,,ais
14768,dhearbhuigh,,,igh
14769,ngníomhaíonn,n,,aíonn
14770,scáintí,,,tí
14771,neamhréir,,neamh,éir
14772,sonraíodh,,so,íodh
14773,fhonn,,,nn
14774,ndoiciméadacht,n,do,acht
14775,thaighdeoirí,,,í
14776,Smaoinímid,,,ímid
14777,Baitsiléir,,,éir
14778,clóirídí,,,í
14779,bhfíorófar,bh,fíor,ófar
14780,t-uimhriú,t-,,iú
14781,chomhlánú,,,ú
14782,ceaduíodh,,,íodh
14783,chomhliúntas,,,tas
14784,bhaolach,,,ach
14785,scairdeanna,,,eanna
14786,Mheánmhuirí,,,í
14787,bhímid,,,ímid
14788,maignéadachas,,,achas
14789,línéadaigh,,,aigh
14790,cailleadh,,,eadh
14791,cuótaí,,,taí
14792,gcraobhacha,g,,acha
14793,chnioglann,,,lann
14794,hiniúchtaí,h,in,taí
14795,pionna,,,na
14796,Cosnóidh,,,óidh
14797,Oiriúnachta,,,ta
14798,chomhchreata,,,ta
14799,leanaí,,,aí
14800,boltaí,,,taí
14801,Tionscnóir,,,óir
14802,comhbhrú,,comh,ú
14803,iarradh,,iar,radh
14804,ailléirgeachta,,,ta
14805,Ró-íocaíochtaí,,,taí
14806,Éanlaithe,,,aithe
14807,tsiúcra,t,,ra
14808,Scáthán,,,án
14809,phoibliú,,,iú
14810,hEastóine,h,,ne
14811,Dúithche,,,e
14812,Faolán,,,án
14813,thuitfidh,,,fidh
14814,Féach,,,ach
14815,Ebastine,,,ne
14816,Teicneolaíocht,,,aíocht
14817,Lárnach,,,ach
14818,dealúis,,dea,is
14819,deireannaí,,,aí
14820,Stocmhargadh,,,adh
14821,Rátáilte,,,te
14822,d'úinéir,d',,éir
14823,Shínte,,,te
14824,réamhchothaithe,,réamh,aithe
14825,gharmhaoirseacht,,,eacht
14826,fhoghnóthais,,,ais
14827,morgáisteora,,,ra
14828,ndaingnítí,n,,ítí
14829,Binse,,,se
14830,tógálaí,t,,aí
14831,áireamhán,,,án
14832,sainaitheanta,,sain,ta
14833,Feinade,,,e
14834,Chabhsa,,,sa
14835,gcuspóir,g,,óir
14836,Panda,,,da
14837,choiscthe,,,the
14838,tairgthe,t,,the
14839,Dinimiciúla,,,a
14840,armchúirte,,,te
14841,mhídhílsiú,,,iú
14842,hArd-Chuirte,h,,te
14843,Dlúthdhioscaí,,,aí
14844,Chartlann,,,lann
14845,dromchlaí,,,aí
14846,Príomh-Halla,,,a
14847,n-feistí,,,tí
14848,gcontae-bhuirgí,g,,í
14849,Koeleria,,,ia
14850,threorach,,,ach
14851,gcaingne,g,,ne
14852,chosnóidh,,,óidh
14853,fhianán,,,án
14854,mhuirearuithe,,,ithe
14855,Ãois,,,is
14856,croíchóras,,,as
14857,tháirgeacht,,,eacht
14858,Príomhúil,,,úil
14859,fhor-mhuirear,,,ear
14860,aontaigh,,aon,aigh
14861,fhruilitheora,,,ra
14862,Antalya,,,a
14863,Dhaonáireamh,,,amh
14864,ghnó-bhriseadh,,,eadh
14865,ráithiúil,,,úil
14866,Cíche,,,e
14867,phróiseálfar,,,far
14868,Amhlaigh,,,aigh
14869,druileáilte,,,te
14870,Riachtanach,,,ach
14871,Táirgiúlacht,,,acht
14872,Imreoirí,,,í
14873,tarrachtana,t,tar,na
14874,pearsantachtaí,,,taí
14875,díláithrithe,,dí,ithe
14876,cinniúnach,,cinn,ach
14877,tagarmharcanna,t,,anna
14878,Sórtáil,,,áil
14879,leanna,,,eanna
14880,acacia,,,ia
14881,thomhasfaidh,,,faidh
14882,athdhíoltóirí,,ath,í
14883,Foréilithe,,,ithe
14884,mhionnaithe,,,aithe
14885,chaithfear,,,fear
14886,hibridí,h,,í
14887,Chonnacht,,,acht
14888,toghranna,t,,anna
14889,follas,,fo,as
14890,scaladacha,,,acha
14891,gcomharthaí,g,comh,aí
14892,D'fhormheas,D',,eas
14893,Mp3Gasin,,,in
14894,n-éan,n-,éa,an
14895,rothlach,,ro,ach
14896,fo-oifigeach,,fo,each
14897,Déanachta,,,ta
14898,sceireacha,,,eacha
14899,samhlaíocht,,,aíocht
14900,shileas,,,eas
14901,monofónacha,,,acha
14902,ólacháin,,,in
14903,Iostanbúl-Ankara,,,ra
14904,Thosaitheoirí,,,í
14905,marcaíochta,,,ta
14906,glantóirí,,,í
14907,meáchain,,,in
14908,Máistirphlean,,,an
14909,neodrú,,neo,ú
14910,loiní,,,í
14911,Callaghan,,,an
14912,gcodán,g,,án
14913,príosúnacht,,,acht
14914,Dreasú,,,ú
14915,leas-chróinéir,,leas,éir
14916,fótaisintéise,,fóta,se
14917,Dongguan,,,an
14918,uileghabhálacha,,uile,acha
14919,pháirtúinéireacht,,,eacht
14920,coirpeacht,,,eacht
14921,Fíneáil,,,áil
14922,sóidiam,,,idiam
14923,gortuithe,,,ithe
14924,chanáil,,,áil
14925,fuaire,,,aire
14926,bhfostaíochtaí,bh,fo,taí
14927,thosaíodh,,,íodh
14928,Skolarbete,,,te
14929,comhdhílseánaigh,,comh,aigh
14930,tábhachta,t,,ta
14931,Inneall-Ghluaiste,,,te
14932,Ghairdín,,,ín
14933,congnamh,,,amh
14934,ndifríochtaí,n,,taí
14935,Domhain,,,in
14936,aighneas,,,eas
14937,tarraiceáin,t,tar,in
14938,chinnfí,,,fí
14939,neamhchruinneas,,neamh,eas
14940,Laguna,,,na
14941,aimiúnaithe,,,aithe
14942,ghliomaigh,,,aigh
14943,Comhordúcháin,,,in
14944,neamhláithreacht,,neamh,eacht
14945,téite,t,,te
14946,neamhúdaraithe,,neamh,aithe
14947,buanchomhar,,buan,mhar
14948,ceannaigh,,ceann,aigh
14949,leachta,,,ta
14950,High-Scoile,,,e
14951,iascaireacht,,,eacht
14952,bhformhuiniú,bh,for,iú
14953,éiginnte,,,te
14954,shealbhú,,,ú
14955,airgeadairgead,,,ad
14956,Óige,,,e
14957,híocfar,h,,far
14958,luaithe,,,aithe
14959,ata,,,ta
14960,hÁise,h,,se
14961,marthanaí,,,aí
14962,nótaí,,,taí
14963,gcoimhthiú,g,,iú
14964,plandáil,,,áil
14965,trucailí,,,í
14966,chailiní,,,í
14967,gceannasaíocht,g,ceann,aíocht
14968,cosnamh,,,amh
14969,ngnólachtaí,n,,taí
14970,Saorfar,,,far
14971,ualaithe,,,aithe
14972,shubstaintiúil,,,úil
14973,dtabharfaidís,d,,idís
14974,reithe,,,ithe
14975,tSacsain,t,,in
14976,banaltra,,ban,ra
14977,conablach,,,ach
14978,María,,,a
14979,siopaí,,,aí
14980,Lawrence,,,e
14981,mion-innste,,mion,te
14982,dhathú,,,ú
14983,chiseán,,,eán
14984,feiceálacht,,,acht
14985,Indiúscartha,,,tha
14986,bith-theicneolaíochtaí,,bith,taí
14987,xithe,,,ithe
14988,óráidí,,,í
14989,rátaí,,,taí
14990,Príomh-Feidhmeannach,,,ach
14991,pholaitíniú,,,iú
14992,Dheireadh,,,eadh
14993,Ultais,,,ais
14994,lánoibríochtúil,,,túil
14995,Greannú,,,ú
14996,ídiú,,,iú
14997,Spáinne,,,ne
14998,gcoigeartuithe,g,,ithe
14999,chainníochtú,,,ú
15000,héilithe,h,héili,ithe
15001,pearsan,,,san
15002,brabÃosach,,,ach
15003,réamhdhéileáil,,réamh,áil
15004,Aibítreach,,,each
15005,Tarrthála,,,a
15006,Oibreachais,,,ais
15007,deimhnítear,,,ítear
15008,cheannaítear,,,ítear
15009,d'fheithiclí,d',,í
15010,gcas,g,,as
15011,Pollta,,,ta
15012,hOidhreachtaí,h,,taí
15013,Réalta,,,ta
15014,pobal-bhreithe,,,ithe
15015,suiteáiltear,,,ear
15016,thionsnamh,,,amh
15017,Mionghrúpa,,,a
15018,dtomhas,d,,as
15019,Aontóidh,,,óidh
15020,setim,,,im
15021,dhíospóireacht,,,eacht
15022,teastasú,t,,ú
15023,stocshealbhaíochta,,,ta
15024,hOidhreacht,h,,eacht
15025,Modhnuithe,,,ithe
15026,ghairis,,,is
15027,bhaoiteáilte,,,te
15028,3ú,,,ú
15029,athchláraíodh,,ath,íodh
15030,vitae,,,e
15031,toibheoidh,t,,idh
15032,athligean,,ath,an
15033,mhianrúil,,,úil
15034,choluchta,,,ta
15035,cleanse,,,se
15036,réamh-imscrúdú,,réamh,ú
15037,Smaoineamh,,,amh
15038,azofosca,,,a
15039,bainisteoir,,bain,eoir
15040,réigiúnaí,,ré,aí
15041,comhreathach,,comh,ach
15042,siombóiseach,,,each
15043,tiontairí,t,,í
15044,Diúltaíonn,,,aíonn
15045,tragóid,,,óid
15046,Lár-Ghníomhaireacht,,,eacht
15047,sláinteFeachtas,,,tas
15048,pheitriliaim,,,aim
15049,ruílse,,,se
15050,fíor-Eorpach,,fíor,ach
15051,ardoideachais,,ard,ais
15052,Féichiúnaí,,,aí
15053,Leithris,,,is
15054,inbhraite,,in,te
15055,tambúirín,t,,ín
15056,bhainfear,,,fear
15057,t-agóidire,t-,,ire
15058,nGallóglach,n,,ach
15059,fheasacht,,,acht
15060,Suas-agus-teacht,,,eacht
15061,tástáladh,t,,adh
15062,cluas,,,as
15063,bhforas,bh,for,as
15064,mbrúnna,m,,na
15065,Róbata,,,ta
15066,táimid,t,,imid
15067,Cathanna,,,anna
15068,miotalach,,,ach
15069,éadrócaireach,,éa,each
15070,Ltogatsa,,,sa
15071,Tithíochta,,,ta
15072,thaisme,,,e
15073,gcainníochta,g,,ta
15074,telka,t,,a
15075,Meabhránaí,,,aí
15076,heasnamh,h,eas,amh
15077,gcosmaideolaíocht,g,,aíocht
15078,Theangacha,,,acha
15079,hin,h,in,in
15080,uisceach,,,each
15081,trealamh,,,amh
15082,láithreachas,,,achas
15083,oifigeacha,,,eacha
15084,Chreidmheas,,,eas
15085,díoltóirí,,dí,í
15086,proiceachta,,,ta
15087,Naoú,,,ú
15088,choiscfear,,,fear
15089,Dearbhóidh,,,óidh
15090,fhiabhrais,,,ais
15091,Tuairimí,,,í
15092,Oidhreachta,,,ta
15093,Príomh-Chúirte,,,te
15094,saothróidh,,,óidh
15095,beodhíle,,,e
15096,dachnitsa,,,sa
15097,sainaithneoidh,,sain,idh
15098,shaorfaidh,,,faidh
15099,t-eispéireas,t-,,eas
15100,gadaí,,,aí
15101,Ráta,,,ta
15102,teorannacha,t,teo,acha
15103,aflata,,,ta
15104,Romana,,,na
15105,mheabhairshláinte,,,te
15106,Déanta,,,ta
15107,Diaibí,,,í
15108,Inmheánaigh,,,aigh
15109,shalannú,,,ú
15110,Léirmheasanna,,,anna
15111,Soghluaisteachta,,,ta
15112,Príomhscileanna,,,eanna
15113,Choinneála,,,a
15114,iarmharach,,iar,ach
15115,deonacha,,,acha
15116,Vatman,,,an
15117,Aois-liúntais,,,ais
15118,berkova,,,a
15119,clárúcháin,,,in
15120,hÉirinn,h,,inn
15121,fhallaingiú,,,iú
15122,ribeach,,,each
15123,Glutathione,,,ne
15124,húdaraítear,h,,ítear
15125,Pháistí,,,tí
15126,gnáth-mhíreanna,,gnáth,eanna
15127,Oilimpeach,,,each
15128,Tulipa,,,a
15129,Éagsúla,,,a
15130,cláraithe,,,aithe
15131,nádúrtha,,,tha
15132,gCoimeádaí,g,,aí
15133,stórálann,,,lann
15134,baictéaracha,,baictéara,acha
15135,chiontuithe,,,ithe
15136,cúinne,,,ne
15137,fágfar,,,far
15138,cuóta,,,ta
15139,orgánach,,,ach
15140,dorais,,do,ais
15141,hathchromfar,h,ath,far
15142,rannghabháltas,,,tas
15143,déanfaí,,dé,aí
15144,Foilsíonn,,,íonn
15145,ngníomhaíochtaí,n,,taí
15146,bhfeabhsú,bh,,ú
15147,d'amscála,d',am,a
15148,Squirtle,,,e
15149,grósaeirí,,,í
15150,forchéimniú,,for,iú
15151,bhfeidhmítear,bh,,ítear
15152,gcuntasóir,g,,óir
15153,ciriúla,,,a
15154,pháirtí,,,tí
15155,diúltaithe,,,aithe
15156,an-taitneamh,,an,amh
15157,réasúntacht,,réa,tacht
15158,leabhráin,,,in
15159,príomh-Bakugan,,príomh,an
15160,t-aerárthach,t-,aer,ach
15161,neamh-scríobach,,neamh,obach
15162,príomh-Rúnaí,,príomh,aí
15163,n-imscrúdaitheoirí,n-,im,í
15164,éiligh,,,igh
15165,neamhinaisghairthe,,neamh,the
15166,dlíodóirí,,,í
15167,ochtach,,,ach
15168,gCumhacht,g,,acht
15169,príomhcheisteanna,,príomh,eanna
15170,Fhéadfadh,,,fadh
15171,gearra,,gearr,ra
15172,Cúraimí,,,í
15173,lagrialúcháin,,lag,in
15174,gcinnfí,g,cinn,fí
15175,Ikizdere,,,e
15176,bhforálfar,bh,for,far
15177,fibróideach,,,óideach
15178,Luimnigh,,,igh
15179,22-doimhneacht,,,eacht
15180,n-arduithe,n-,ard,ithe
15181,fomhuirí,,fo,í
15182,Lloris,,,is
15183,tolgadh,t,,adh
15184,Tagaigí,,,igí
15185,chomharsanacha,,,acha
15186,héagórach,h,éa,ach
15187,Caitlín,,,ín
15188,feabhsaíonn,,,aíonn
15189,Chorráin,,,in
15190,scairshealúchais,,,ais
15191,thrádmharcanna,,,anna
15192,Fháil,,,áil
15193,haonad,h,aon,ad
15194,dréachtainmniú,,,iú
15195,Gharchabhrach,,,ach
15196,bhunreacht,,,eacht
15197,féinchuimsitheach,,féin,each
15198,spleodrach,,,ach
15199,hOglaigh,h,,aigh
15200,il-oiriúnaithe,,il,aithe
15201,lasc-shreabhadh,,las,adh
15202,delphinidin,,,in
15203,Ionmhain,,,in
15204,Tairgtear,,,ear
15205,forásacht,,for,acht
15206,cuimhnímid,,,ímid
15207,Chleachtais,,,ais
15208,blagála,,,a
15209,fhairtheoir,,,eoir
15210,scrúdaitheora,,,ra
15211,daonchumhachta,,daon,ta
15212,cheimiceacha,,,eacha
15213,heitinn,h,,inn
15214,DSOanna,,,anna
15215,mhion-innste,,,te
15216,neamh-pháirtí,,neamh,tí
15217,dronuilleogtá,,,tá
15218,fhorordóidh,,,óidh
15219,maighne,,,ne
15220,sannta,,,ta
15221,Toirteoir,,,eoir
15222,malairtithe,,,ithe
15223,dochtúireachta,,do,ta
15224,d'oibríochtaí,d',,taí
15225,dtuairim,d,,im
15226,husáidtear,h,,ear
15227,scáthán,,,án
15228,chineachadh,,,adh
15229,Geansaithe,,,aithe
15230,Nua-Shéalainn,,,inn
15231,tosaíonn,t,,aíonn
15232,Toscaireachta,,,ta
15233,fearachas,,fear,achas
15234,dea-fhorbartha,,dea,tha
15235,formhéadúcháin,,for,in
15236,Buiséadaithe,,,aithe
15237,seanchonradh,,sean,radh
15238,seoirseach,,,each
15239,hiomarcachta,h,,ta
15240,comhreamh,,comh,amh
15241,GMOanna,,,anna
15242,Liostaíonn,,,aíonn
15243,Comhad,,,ad
15244,shonraigh,,,aigh
15245,meallacach,,,ach
15246,Leanúint,,,úint
15247,Goodman,,,an
15248,Iontaofacht,,,acht
15249,bácáil,,,áil
15250,d'áitribh,d',,ibh
15251,Omeprazole,,,e
15252,Rizatriptan,,,an
15253,Ämne,,,ne
15254,fhoriomláin,,,in
15255,comharsanacha,,comh,acha
15256,dhrugadóir,,,adóir
15257,bhFógraí,bh,,aí
15258,Biadh,,,adh
15259,fionnadh,,,adh
15260,cláraitheachta,,,ta
15261,measúnacht,,,acht
15262,dúbláil,,dú,áil
15263,aosaigh,,,aigh
15264,cosnaítear,,,ítear
15265,bím,,,ím
15266,Fhriotaíocht,,,aíocht
15267,fálú,,,ú
15268,Saoire,,,ire
15269,autumnale,,,e
15270,naíscoile,,naí,e
15271,an-smaointeoireachta,,an,ta
15272,monaraítear,,mona,ítear
15273,hIonad,h,,ad
15274,marginata,,,ta
15275,Eisíocfar,,,far
15276,cuspóirí,,,í
15277,Taistealtha,,,tha
15278,margaidh,,,aidh
15279,thairis,,,is
15280,láncháilíocht,,,íocht
15281,sciortaí,,,taí
15282,bhfeirmeoireacht,bh,,eacht
15283,Réamheolaire,,,aire
15284,mhaoineofar,,,far
15285,Pháirtigh,,,tigh
15286,dTógáil,d,,áil
15287,Cúinsí,,,í
15288,hse,,,se
15289,Manna,,,anna
15290,pholaitiúla,,,a
15291,Scrúdaithe-forghníomhaitheach,,,each
15292,Féin-Cneasaigh,,,aigh
15293,micreaimiméadar,,,méadar
15294,dhigiteacha,,,eacha
15295,bPróiseas,b,,eas
15296,d'earnálacha,d',,acha
15297,stuáilte,,,te
15298,alcalóidigh,,,igh
15299,draenála,,,a
15300,theora,,,ra
15301,Leas-Uachtarán,,,án
15302,bhféachfar,bh,,far
15303,fáithe,,,ithe
15304,gCumhachtaí,g,,taí
15305,d'fhianaise,d',,se
15306,mhona,,,na
15307,Cuislithe,,,ithe
15308,coimisinéirí,,,í
15309,hamhrais,h,am,ais
15310,comhlaí,,comh,aí
15311,dúbláideacha,,dú,eacha
15312,abhcóideachta,,,ta
15313,comhoibrí,,comh,í
15314,míchumais,,mí,ais
15315,téamh,t,,amh
15316,mhilleadh,,,eadh
15317,insroichte,,in,te
15318,lámhainní,,,í
15319,Bróga,,,ga
15320,leighis,,,is
15321,bhféadfar,bh,,far
15322,aimsiú,,,iú
15323,Nuáil,,,áil
15324,tráchtálú,,,ú
15325,tomhaltóirí,t,,í
15326,craiceann,,,eann
15327,hEolaíochtaí,h,,taí
15328,airnéisí,,,í
15329,Il-fheidhmiúil,,,úil
15330,t-ubhagán,t-,,agán
15331,driogáit,,,áit
15332,láithreach,,,each
15333,samhlaíochta,,,ta
15334,Mholadh,,,adh
15335,cónra,,,ra
15336,naipcíní,,,í
15337,airíona,,,na
15338,Léann,,,ann
15339,Neamhfhorbartha,,,tha
15340,tsáraithe,t,,aithe
15341,Gaelscoile,,,e
15342,nathanna,,,anna
15343,Shalú,,,alú
15344,Uaircanta,,,ta
15345,Gaeltacht,,,tacht
15346,có-réir,,,éir
15347,fhorfheidhmiúcháin,,,in
15348,Michela,,,a
15349,ndóigh,n,dó,igh
15350,deargadh,,dea,adh
15351,Comhaontaithe,,,aithe
15352,Fíonta,,,ta
15353,cigirí,,,í
15354,bhforlíonadh,bh,for,adh
15355,Gobharnóir,,,óir
15356,Deichniúra,,,ra
15357,ardófar,,ard,ófar
15358,miongháire,,mion,ire
15359,díreofar,,dír,far
15360,Iarchéime,,,e
15361,Soiléiriú,,,iú
15362,atharthachta,,ath,ta
15363,Droim,,,im
15364,Ríomheolaíocht,,,aíocht
15365,potta,,,ta
15366,forlíontachta,,for,ta
15367,Chuí,,,í
15368,Aisíocaíochta,,,ta
15369,Éigeandálaí,,,aí
15370,neamhphóraithe,,neamh,aithe
15371,neamhchoinníollacha,,neamh,acha
15372,luibheanna,,,eanna
15373,FBManna,,,anna
15374,bhainistithe,,,ithe
15375,heisiúna,h,eisi,na
15376,séideáin,,,in
15377,Dturcach,,,ach
15378,hiodrálacha,h,,acha
15379,thosnuíonn,,,íonn
15380,príomh-bhealaigh,,príomh,aigh
15381,aonchúis,,aon,is
15382,d'Áiseanna,d',,eanna
15383,thaise,,,se
15384,Bhris,,,is
15385,bhflaithiúlacht,bh,,acht
15386,mháthair-de-dhiailiú,,,iú
15387,Gairleoige,,,e
15388,haois,h,,is
15389,próitéine,,,ne
15390,féin-ghreamaitheacha,,féin,eacha
15391,Taispeáin,,,in
15392,comhtháthaithe,,comh,aithe
15393,32-giotán,,,án
15394,Tuairiscím,,,ím
15395,Fíneála,,,a
15396,traidisiúin,,,in
15397,This,,,is
15398,leaisticí,,,í
15399,Yuan,,,an
15400,Dhreidireacht,,,eacht
15401,líne-chairteacha,,,eacha
15402,Théann,,,ann
15403,uamhnach,,,ach
15404,pálasta,,,ta
15405,ionadúil,,ion,úil
15406,páigh,,,igh
15407,chuallaíocht,,,aíocht
15408,fiuchta,,,ta
15409,fhormheasta,,,ta
15410,ard-sainmhíniú,,ard,iú
15411,Choiste,,,te
15412,Pornagrafaíocht,,,grafaíocht
15413,Uathadh,,,adh
15414,Fhóraim,,,aim
15415,Éarlaisí,,,í
15416,sheirbheail-sa,,,sa
15417,Cuach,,,ach
15418,gaolta,,,ta
15419,onnmhaireoir,,,eoir
15420,príomhbhealaí,,príomh,aí
15421,bhlianta,,,ta
15422,Gníomhartha,,,tha
15423,cluasáin,,cluas,in
15424,earcaítear,,,ítear
15425,vótaíocht,,,aíocht
15426,bháirse,,,se
15427,gCuntasóir,g,,óir
15428,Neamhdhíobhálach,,,ach
15429,únach,,,ach
15430,gnáthóg,,gnáth,óg
15431,allas,,alla,as
15432,rapóirtéir,,,éir
15433,cumannach,,,ach
15434,pholaitíocht,,,íocht
15435,dtáirgfear,d,,fear
15436,mídhleathacha,,mí,acha
15437,rannóg,,,óg
15438,chéadfhoilsiú,,,iú
15439,Ardchaighdeáin,,,in
15440,múineadh,,,eadh
15441,grámhar,,,mhar
15442,thuas-ainmnithe,,,ithe
15443,Álainn,,,inn
15444,tránna,,,na
15445,ró-tábhachtach,,ró,ach
15446,malartach,,,ach
15447,chúnamh,,,amh
15448,Náire,,,ire
15449,Iompaigh,,,aigh
15450,Muinín,,,ín
15451,ndála,n,dá,a
15452,rangsheomra,,,ra
15453,measaim,,,aim
15454,Rannchuidigh,,,igh
15455,smuglaeracht,,,acht
15456,corraithe,,corr,aithe
15457,fhéimhigh,,,igh
15458,inslitheoir,,in,eoir
15459,dhíréireach,,,each
15460,bhoinn,,,inn
15461,Dhífhostú,,,ú
15462,Cúlchiste,,,te
15463,díobhálach,,dí,ach
15464,sióga,,,ga
15465,bPaitinní,b,,í
15466,shoin,,,in
15467,corpráide,,,e
15468,reachtairí,,,í
15469,comhairleachta,,comh,ta
15470,ardluacha,,ard,acha
15471,bhfíonna,bh,,na
15472,Tuismitheoir,,,eoir
15473,infheistítear,,in,ítear
15474,Preas,,,eas
15475,eastósctha,,eas,tha
15476,bhréithre,,,e
15477,dlighinse,,,se
15478,Coimeádann,,,ann
15479,ba,,,a
15480,Eolaire,,,aire
15481,fealsúnachta,,,ta
15482,fholmhú,,,ú
15483,cháiligh,,,igh
15484,dioscónna,,dios,na
15485,Foghlaim,,,aim
15486,nuabheirthe,,nua,the
15487,Céimniú,,,iú
15488,Bhanaltrais,,,ais
15489,lipéadú,,,ú
15490,Mórbhealaí,,,aí
15491,n-aontóidh,n-,aon,óidh
15492,archuntar,,,tar
15493,sriantach,,,ach
15494,Ardaigh,,,aigh
15495,mBaile,m,,e
15496,ghnáthscéime,,,e
15497,idirghníomhaí,,idir,aí
15498,Buirgéisigh,,,igh
15499,ropann,,ro,ann
15500,lasca,,las,a
15501,seanfhíniúnacha,,sean,acha
15502,maignéisiam,,,iam
15503,bhFeidhmeannacht,bh,,acht
15504,cinedhíothú,,,ú
15505,tallann,t,,lann
15506,clárúchán,,,án
15507,leath-bhliantúla,,leath,a
15508,hInfheistíochta,h,,ta
15509,comaitéireacht,,,eacht
15510,sceirdiúla,,,a
15511,D'fhéadfá,D',,fá
15512,Curaí,,,aí
15513,hionadaithe,h,ion,aithe
15514,leagaimid,,,aimid
15515,d'orlach,d',,ach
15516,sainchomhairleoir,,sain,eoir
15517,tsíniú,t,,iú
15518,treiseoimid,,,imid
15519,imtharraingthe,,im,the
15520,féideartha,,,tha
15521,sainordaitheach,,sain,each
15522,paitinneacha,,,eacha
15523,mí-rialta,,mí,ta
15524,campaí,,,aí
15525,phíobán,,,án
15526,Neamhchríochnaithe,,,aithe
15527,Luke,,,e
15528,Cumasaíonn,,,aíonn
15529,povymerzla,,,a
15530,himreoirí,h,im,í
15531,bPríomh-Fheidhmeannach,b,,ach
15532,digití,,,tí
15533,Fhoghlaim,,,aim
15534,d'tuirseach,,,each
15535,adéarfar,,,far
15536,Yalova-Altinova-Gemlik-Bursa,,,sa
15537,dheireanach,,,ach
15538,Seactain,,,in
15539,cléireachais,,,ais
15540,mharbhtha,,,tha
15541,aerleighis,,aer,is
15542,Cúntóirí,,,í
15543,Ghuaiseach,,,each
15544,fásfaidh,,,faidh
15545,theagmhála,,,a
15546,físe,,fís,se
15547,prune,,,ne
15548,n-oifigigh,n-,,igh
15549,dhéanamh,,,amh
15550,Ceannaíochta,,,ta
15551,otrach,,,ach
15552,tamaillín,t,,ín
15553,cábla,,,a
15554,tuirlingthe,t,,the
15555,thógálacha,,,acha
15556,reoite,,,te
15557,Bialanna,,,anna
15558,Tiúnacha,,,acha
15559,síondaite,,,te
15560,D'Aois,D',,is
15561,rithfear,,,fear
15562,leictreacha,,leictrea,eacha
15563,tuaslagóirí,t,,í
15564,néalaithe,,,aithe
15565,drifiúr,,,úr
15566,féir,,,éir
15567,Indóite,,,te
15568,imdhála,,im,a
15569,frámaithe,,,aithe
15570,athstocáil,,ath,áil
15571,nGarda,n,,da
15572,cumha,,,a
15573,Fíoróidh,,,óidh
15574,Seachas,,,achas
15575,scairshealbhóra,,,ra
15576,mellifera,,,ra
15577,chaithfimid,,,fimid
15578,Mhúintear,,,ear
15579,d'Onnmhuiriú,d',,iú
15580,fathach,,,ach
15581,ráitisí,,,í
15582,lomhálann,,,lann
15583,Engraulis,,,is
15584,Tusa,,,sa
15585,Folúntais,,,ais
15586,Thoraí,,,aí
15587,dtiocfidh,d,,fidh
15588,heastóscán,h,eas,án
15589,feistiú,,,iú
15590,cathin,,,in
15591,shéasúr,,,úr
15592,fíoréadroma,,fíor,a
15593,Gineann,,,eann
15594,Ghrinnfhiosrú,,,ú
15595,Fionnachaidh,,,aidh
15596,oighear,,,ear
15597,mb'fháltais,m,,ais
15598,Mhórghuaiseacha,,,eacha
15599,Iontas,,,tas
15600,Eastáit,,,áit
15601,bpacáidí,b,,í
15602,andvändas,,an,as
15603,neamh-inphruthaithe,,neamh,aithe
15604,Ivoire,,,ire
15605,bhallstáit,,,áit
15606,chomhghuaillithe,,,ithe
15607,inis,,in,is
15608,maraítear,,,ítear
15609,Ionadh,,,adh
15610,Leabhrán,,,án
15611,fheidhmeoidh,,,idh
15612,dífhósta,,dí,ta
15613,Sár-éacht,,,acht
15614,Phríomh-Chláraitheoir,,,eoir
15615,Spéis,,,is
15616,bhFo-choiste,bh,,te
15617,féichiúnas,,,únas
15618,taidhleoireachta,t,,ta
15619,cromadh,,,adh
15620,fotharmligin,,fo,gin
15621,cearnóige,,,e
15622,torracha,t,,acha
15623,oibríochtú,,,ú
15624,dteicneolaíochtaí,d,,taí
15625,gairide,,,e
15626,leathbhreithe,,leath,ithe
15627,gconraitheoir,g,,eoir
15628,tobhaigh,t,,aigh
15629,tsáruithe,t,,ithe
15630,dáileog,,dá,eog
15631,Ajman,,,an
15632,file,,,e
15633,díothaí,,dí,aí
15634,Leila,,,a
15635,leithdháilte,,,te
15636,d'Eolaíocht,d',,aíocht
15637,bhfoghlaimfidh,bh,fo,fidh
15638,eerie,,,e
15639,cuireadh,,,eadh
15640,eilite,,,te
15641,íospartaigh,,íos,aigh
15642,Próiseála,,,a
15643,Seacláide,,,e
15644,uirlisí,,,í
15645,conraíodh,,,íodh
15646,luaite,,,te
15647,locadh,,,adh
15648,Toimhdítear,,,ítear
15649,cheanglann,,,lann
15650,comhlaigh,,comh,aigh
15651,líne-suas,,,as
15652,soicéad,,so,éad
15653,lehúdarú,,,ú
15654,Maoirseoir,,,eoir
15655,fhiseolaíocht,,,aíocht
15656,d'oiriúnú,d',oir,ú
15657,uainíochta,,,ta
15658,hacmhainní,h,,í
15659,Fuireann,,,eann
15660,lua,,,a
15661,d'iomairliú,d',,iú
15662,dhíonta,,,ta
15663,raidis,,,is
15664,uathrialachach,,uath,ach
15665,in-asbhainte,,in,te
15666,Sliochtaigh,,,aigh
15667,Tumadóir,,,adóir
15668,gloiniú,,,iú
15669,fhrisnéis,,,is
15670,achmaireacht,,,eacht
15671,t-inneallra,t-,in,ra
15672,bhféachann,bh,,ann
15673,cnáimhseoir,,,eoir
15674,zynga,,,ga
15675,n-iarrtar,n-,iar,tar
15676,gCéadaoin,g,,in
15677,ailtireachta,,,ta
15678,Cloicíde,,,e
15679,Laistigh,,,tigh
15680,Leagann,,,ann
15681,gcosnófar,g,,ófar
15682,Andé-toitíní,,,í
15683,Lín,,,ín
15684,Gilead,,,ad
15685,cicadas,,,as
15686,Uasoiliúna,,,na
15687,Coibhéis,,,is
15688,polka,,,a
15689,deireadh,,,eadh
15690,ísealioncaim,,,aim
15691,gearrtha,,gearr,tha
15692,lionn,,,nn
15693,gcumhdófar,g,,ófar
15694,Laidin,,,in
15695,cheadúnú,,,ú
15696,nea-mbrí,,,í
15697,comhaontú,,comh,ú
15698,bhfoirmle,bh,fo,e
15699,béasach,,,ach
15700,fírinneach,,,each
15701,fírinne,,,ne
15702,tábhachtach,t,,ach
15703,coinage,,,e
15704,ilghnéitheacha,,il,eacha
15705,n-úsáidfidh,n-,,fidh
15706,Reachtas,,,tas
15707,spásaire,,,aire
15708,hachuingeacha,h,,eacha
15709,Nuálaíocht,,,aíocht
15710,sheisiúin,,,in
15711,fíor-nua,,fíor,a
15712,Sceach,,,each
15713,tsráidbhaile,t,,e
15714,Oibriochtaí,,,taí
15715,Póstaíocha,,,a
15716,dé-ocsaíde,,dé,e
15717,Bhlainséir,,,éir
15718,d'athghlacadh,d',ath,adh
15719,modúlacha,,,acha
15720,leathanach,,leath,ach
15721,hatheisiúint,h,ath,úint
15722,shásuíonn,,,íonn
15723,deintear,,,ear
15724,polaimíde,,pola,e
15725,Comhairliúcháin,,,in
15726,riaráiste,,,te
15727,Bratach,,,ach
15728,ghabhdáin,,,in
15729,Conganta,,,ta
15730,Méadraithe,,,aithe
15731,nua-thionscanta,,nua,ta
15732,chlé-sciathán,,,án
15733,Réiltín,,,ín
15734,gcomhdhéanamh,g,comh,amh
15735,bharraí,,,aí
15736,shíolrú,,,ú
15737,Leas-Chláraitheoir,,,eoir
15738,d'aerárthach,d',aer,ach
15739,fhorbróidh,,,óidh
15740,Glantacháin,,,in
15741,Coinneofar,,,far
15742,ghabhas,,,as
15743,soghalaithe,,so,aithe
15744,únsa,,,sa
15745,cuntasóir,,,óir
15746,chlúmhilleadh,,,eadh
15747,an-chruinneas,,an,eas
15748,fioscaí,,,aí
15749,Canárach,,,ach
15750,bpóna,b,,na
15751,Seomra,,,ra
15752,fhórsa,,,sa
15753,Cairte,,,te
15754,iltaobhacha,,il,acha
15755,Tocsaineacht,,,eacht
15756,reiligiúin,,,in
15757,Duganna,,,anna
15758,spúinsí,,,í
15759,ghineadh,,,eadh
15760,sholáthairtí,,,tí
15761,Scair-scéimeanna,,,eanna
15762,hiasachta,h,,ta
15763,bhFolláine,bh,,ne
15764,haistriúcháin,h,ais,in
15765,carcanaigineacha,,carcana,eacha
15766,cothrom-ráta,,,ta
15767,féin-óstáil,,féin,áil
15768,fhaidiú,,,iú
15769,hoidhreachtáin,h,,in
15770,táirchéimniú,t,,iú
15771,neamhoiriúnacht,,neamh,acht
15772,marga,,,ga
15773,ndaingniú,n,,iú
15774,chúiteach,,,each
15775,breithiúnas,,,únas
15776,ghabhadán,,,adán
15777,prímh-shlí,,,í
15778,gcnámha,g,,a
15779,fháltaí,,,taí
15780,gcoireacht,g,,eacht
15781,contaetha,,,tha
15782,ionfhabhtuithe,,ion,ithe
15783,comhphlean,,comh,an
15784,dháta,,,ta
15785,fhoirginte,,,te
15786,cumfaidh,,,faidh
15787,uaire,,,aire
15788,Gearrtar,,,tar
15789,dhleacht,,,eacht
15790,héirí,h,,í
15791,Leasaigh,,,aigh
15792,fiachaisí,,fia,í
15793,neamhphróiseáilte,,neamh,te
15794,úinéireachta,,,ta
15795,Tithe,,,ithe
15796,miúlacha,,,acha
15797,consighneofar,,,far
15798,huasteorann,h,uas,ann
15799,bithspreagthach,,bith,ach
15800,bhronnadh,,,adh
15801,gearradh,,gearr,radh
15802,laghdóirí,,lag,í
15803,MBan,,,an
15804,Príobháideachas,,,achas
15805,Leanbhaí,,,aí
15806,Géarchéim,,,im
15807,dhlíthiúla,,,a
15808,Nationaldemokratische,,,e
15809,Muna,,,na
15810,Seahorse,,,se
15811,gcomhad,g,comh,ad
15812,athráite,,ath,te
15813,chreidmheasanna,,,anna
15814,iris,,,is
15815,inscne,,in,ne
15816,leathnuítear,,leath,ítear
15817,Foinsí,,,í
15818,Durobolin,,,in
15819,do-chloíte,,do,te
15820,Maireann,,,eann
15821,Phríomhfhoilseacháin,,,in
15822,bhfaighteoir,bh,,eoir
15823,athphósann,,ath,ann
15824,Áitíonn,,,íonn
15825,h-oidis,h-,,is
15826,Tuilleann,,,eann
15827,nea-chorpartha,,,tha
15828,foréigneacha,,for,eacha
15829,hIasachtaí,h,,taí
15830,Fichead,,,ad
15831,leithéide,,,e
15832,foghraíochta,,fo,ta
15833,d'Infheisteoirí,d',,í
15834,Gníomhaireachtaí,,,taí
15835,údarásacha,,,acha
15836,húsáide,h,,e
15837,físeanna,,fís,eanna
15838,cothaigh,,,aigh
15839,chomhéifeacht,,,eacht
15840,chúirte,,,te
15841,Wakame,,,e
15842,lóistín,,,ín
15843,inadhainte,,in,te
15844,Breoiteachta,,,ta
15845,bhréagnú,,,ú
15846,ceaduítear,,,ítear
15847,ríomh-Dheimhniú,,ríomh,iú
15848,mheabhráin,,,in
15849,Ankara-Sivas,,,as
15850,mórthionóiscí,,mór,í
15851,thithe,,,ithe
15852,Cuimsítear,,,ítear
15853,smacht,,,acht
15854,Sceimhlitheoireacht,,,eacht
15855,Dioscaí,,,aí
15856,pháirteach,,,each
15857,Valhalla,,,a
15858,Choline,,,ne
15859,stearin,,,in
15860,díspreagadh,,dí,adh
15861,bhfógrófar,bh,,ófar
15862,Sciortaí,,,taí
15863,Díospóireachtaí,,,taí
15864,mBlianacht,m,,acht
15865,mbreithneofar,m,,far
15866,síníodh,,,íodh
15867,Eoráise,,,se
15868,mBarcelona,m,,na
15869,Bhéarfar,,,far
15870,dtosóidh,d,,óidh
15871,melanin,,,in
15872,bhfolláine,bh,fo,ne
15873,Líonrú,,,ú
15874,bhféire,bh,,ire
15875,fadaimseartha,,fad,tha
15876,Aifreann,,,eann
15877,chuideachtana,,,na
15878,Sóisearach,,,ach
15879,Athchláraithe,,,aithe
15880,foclóra,,fo,ra
15881,Féin-foirceannadh,,,adh
15882,éistfidh,,,fidh
15883,infheistithe,,in,ithe
15884,Tomhaltóra,,,ra
15885,Taispeánadh,,,adh
15886,láidrigh,,,igh
15887,Neamhchoinneálacht,,,acht
15888,scardadh,,,adh
15889,Fáis,,,áis
15890,dát-stampa,,dá,a
15891,píolóidí,,,í
15892,fhírinne,,,ne
15893,n-achtuítí,n-,,ítí
15894,Bréagach,,,ach
15895,Hippa,,,a
15896,banaltrais,,ban,ais
15897,ngearrann,n,gearr,ann
15898,náis,,,áis
15899,lugdunensis,,,is
15900,stílis,,,is
15901,fíniúna,,,na
15902,antaibheathach,,anta,ach
15903,sárocsaídithe,,sár,ithe
15904,thagraíonn,,,aíonn
15905,shrianann,,,ann
15906,CÃoirte,,,te
15907,fioscacha,,,acha
15908,choimhthíocha,,,a
15909,Mheiriceánach,,,ach
15910,ghathaithe,,,aithe
15911,léiritheoir,,,eoir
15912,ibriú,,,iú
15913,nua-aimseartha,,nua,tha
15914,gcó-oibreoidh,g,,idh
15915,riarthóra,,,ra
15916,Cónaidhme,,,e
15917,scarúint,,,úint
15918,n-aisíocfaidh,n-,ais,faidh
15919,bhanchéilí,,,í
15920,uinéir,,,éir
15921,scríbhneoirí,,,í
15922,n-feasacht,,,acht
15923,Déanfaidh,,,faidh
15924,fóisceacha,,,eacha
15925,Pholainn,,,inn
15926,meán-tuilleamh,,meán,amh
15927,Dífhostaíocht,,,aíocht
15928,Gharraithe,,,aithe
15929,bintiúr,,bi,úr
15930,tuaslagóra,t,,ra
15931,Liotóga,,,ga
15932,Báile,,,e
15933,chloroquine,,,ne
15934,ceiliúraí,,,aí
15935,Kras,,,as
15936,mhianadóireachta,,,ta
15937,Ghabháil,,,áil
15938,fhó-dhlithe,,,ithe
15939,roghnaíodh,,ro,íodh
15940,Phós,,,ós
15941,champais,,,ais
15942,Teastais,,,ais
15943,Chathrach,,,ach
15944,bhunoideachais,,,ais
15945,dtréigean,d,tré,an
15946,scriosfaidh,,,faidh
15947,taisceadh,t,tais,eadh
15948,ceanglas,,,as
15949,Clubanna,,,anna
15950,anailísí,,ana,í
15951,cuireann,,,eann
15952,bhainistíocht,,,íocht
15953,nuachóiriú,,nua,iú
15954,gearrtar,,gearr,tar
15955,Dea-chaighdeán,,,eán
15956,ghéin,,,éin
15957,corónacha,,,acha
15958,ngabháil,n,,áil
15959,lasracha,,las,acha
15960,Deonaítear,,,ítear
15961,Luach,,,ach
15962,iníochta,,in,ta
15963,sféarúil,,,úil
15964,beachlanna,,,anna
15965,Earcaíochta,,,ta
15966,dliteanach,,,ach
15967,Learscáil,,,áil
15968,barrchánach,,barr,ach
15969,Grinnfhiosrúcháin,,,in
15970,scairshealbhóir,,,óir
15971,Bhfód,,,ód
15972,comhoibríochtaí,,comh,taí
15973,caint-chumasaithe,,,aithe
15974,eastóscóir,,eas,óir
15975,aontachais,,aon,ais
15976,Fórsa,,,sa
15977,fanta,,,ta
15978,Stellaria,,,ia
15979,choiste,,,te
15980,Puiblíochta,,,ta
15981,háirithintí,h,,tí
15982,soighnis,,so,is
15983,Merendera,,,ra
15984,Athchóiríodh,,,íodh
15985,Óstach,,,ach
15986,phíolóide,,,e
15987,bacainn,,,inn
15988,nGairdíní,n,,í
15989,Saillte,,,te
15990,neamhdhéanamh,,neamh,amh
15991,céad-luaitear,,céad,ear
15992,lacáistí,,,tí
15993,chiallaíos,,,íos
15994,bhfionnfar,bh,,far
15995,sheachadfar,,,far
15996,n-ionchorprófar,n-,ion,ófar
15997,réigiúnacha,,ré,acha
15998,ceantálaí,,,aí
15999,Craoibhe,,,e
16000,solúbthacht,,so,acht
16001,loghadh,,,adh
16002,tiúsóirí,t,,í
16003,fhoghlaimeoirí,,,í
16004,maith-ionsúnta,,,ta
16005,spéiseanna,,,eanna
16006,réamhlíonta,,réamh,ta
16007,Céanna,,,anna
16008,dainge,,,e
16009,dhíolachán,,,achán
16010,chéad-ordú,,,ú
16011,steiriliú,,,iú
16012,Cache,,,e
16013,Coileach,,,each
16014,choncas,,,as
16015,crosaire,,cros,aire
16016,triantánú,,,ú
16017,coimhdeachta,,,ta
16018,socrófar,,so,ófar
16019,n-oifigeach,n-,,each
16020,Croise,,,se
16021,ardstiúrthóir,,ard,thóir
16022,thacóidh,,,óidh
16023,síntiúsaire,,,aire
16024,Bhushan,,,an
16025,Sasana,,,na
16026,cairtfhostú,,,ú
16027,thoisí,,,í
16028,Leaschraolacháin,,,in
16029,mhicreathonnacha,,,acha
16030,uaine,,,ne
16031,hIarmhí,h,,í
16032,mhórscála,,,a
16033,Corónach,,,ach
16034,cibearshlándála,,,a
16035,mífheidhmeanna,,mí,eanna
16036,roimh-íoca,,ro,a
16037,neamh-trína,,neamh,na
16038,mbrainsí,m,,í
16039,theaghaisí,,,í
16040,Dhéanamh,,,amh
16041,bogfaidh,,bog,faidh
16042,duibheagán,,,agán
16043,speisialtóirí,,,í
16044,hábhartha,h,,tha
16045,phleanáilte,,,te
16046,tuisceanach,t,,ach
16047,Choimisiuin,,,in
16048,gcóiríocht,g,,íocht
16049,rúnaicmithe,,,ithe
16050,sonnrófar,,so,ófar
16051,laktogonnye,,,e
16052,vagina,,,na
16053,Rátaí,,,taí
16054,idirchontae,,idir,e
16055,d'athstruchtúrú,d',ath,ú
16056,thárla,,,a
16057,craobhchomórtais,,,ais
16058,ndícháileofar,n,dí,far
16059,cistéin,,,éin
16060,Barsukova,,,a
16061,Faighim,,,im
16062,glacaimid,,,aimid
16063,próisiú,,,iú
16064,damáiste,,,te
16065,buanfhostaíocht,,buan,aíocht
16066,ariamh,,,amh
16067,cur-ar-cíos,,,íos
16068,Infheistíocht,,,íocht
16069,castachta,,,ta
16070,infhorghníomhaitheachta,,in,ta
16071,humidóirí,h,,í
16072,Ola-Tástálaí,,,aí
16073,Oireachtas,,,tas
16074,Oiliúnóir,,,óir
16075,scrín,,,ín
16076,ceallafán,,,án
16077,lóisteálaí,,,aí
16078,leochaileach,,,each
16079,m'fhostóir,,,tóir
16080,shanna,,,anna
16081,Chad,,,ad
16082,fhianaise-bhunaithe,,,aithe
16083,gcnaipe,g,,e
16084,príomhchúinsí,,príomh,í
16085,cognaíocha,,,a
16086,teochtaí,t,teo,taí
16087,líneachta,,,ta
16088,húsáidfear,h,,fear
16089,Faisean,,,sean
16090,thuairiscíonn,,,íonn
16091,Táim,,,im
16092,dheirfiúr,,,úr
16093,nglaochtaí,n,,taí
16094,Úsaideann,,,eann
16095,pacáistiú,,,iú
16096,Olaí,,,aí
16097,teagmhasaí,t,,aí
16098,Póilíniú,,,iú
16099,Roimhráiteach,,,each
16100,minic-mharfacha,,,acha
16101,bhréagáin,,,in
16102,tsearmanais,t,,ais
16103,dtuigeann,d,,eann
16104,hoiriúnach,h,oir,ach
16105,ghreamaitheach,,,each
16106,nuashonrófar,,nua,ófar
16107,líníochtaí,,,taí
16108,Buaniodaíocht,,,aíocht
16109,tSamáire,t,,ire
16110,mhórdhifríochtaí,,,taí
16111,bhfundúireachtaí,bh,,taí
16112,Fóirdheontais,,,ais
16113,fhéinfhreagracht,,,acht
16114,hairí,h,,í
16115,hathchóiriú,h,ath,iú
16116,Lipéadú,,,ú
16117,rómhaorlathais,,ró,ais
16118,bailechléireach,,,each
16119,tháscacha,,,acha
16120,choimeádaithe,,,aithe
16121,Dearaí,,,aí
16122,achtúireacha,,,eacha
16123,seoltán,,,án
16124,chealaíonn,,,aíonn
16125,hidirghabhálacha,h,idir,acha
16126,háireofar,h,,far
16127,Sabiha,,,a
16128,briste,,,te
16129,t-uasléas,t-,uas,as
16130,gadhluach,,,ach
16131,Fheidhmeannaigh,,,aigh
16132,gCoinníollacha,g,,acha
16133,chiníochas,,,as
16134,Arava,,,a
16135,Shuiteáil-chuirfear,,,fear
16136,dolúbtha,,do,tha
16137,ghobarnóir,,,óir
16138,taifeadtaí,t,,taí
16139,Dara,,,ra
16140,treampán,,,án
16141,ceapann,,,ann
16142,comhshocraíochtaí,,comh,taí
16143,fhachtóirí,,,í
16144,ndeoin,n,,in
16145,Estáití,,,tí
16146,Anáil,,,áil
16147,Cócaireachta,,,ta
16148,cheannaímid,,,aímid
16149,soléiriú,,so,iú
16150,mion-leaba,,mion,a
16151,n-imreoirí,n-,im,í
16152,Féachann,,,ann
16153,Bhrú,,,ú
16154,Nótaí,,,taí
16155,héadán,h,éa,adán
16156,tetras,t,,as
16157,antasubstaintí,,anta,tí
16158,caca,,,a
16159,dtiteann,d,,eann
16160,cuirfimid,,,fimid
16161,déileálfar,,dé,far
16162,Réamhghabhála,,,a
16163,arpáistí,,,tí
16164,blasta,,,ta
16165,hUibhe,h,,e
16166,cothromóidí,,,í
16167,ullmú,,,ú
16168,dtionsnófar,d,,ófar
16169,Ar-Cheadúnas,,,únas
16170,bataí,,bata,taí
16171,shamhail,,,amhail
16172,dÚsachtach,,,ach
16173,Mhíosúil,,,úil
16174,Ealaíonacht,,,acht
16175,Inniúlachta,,,ta
16176,iarracht,,iar,acht
16177,eagraítear,,,ítear
16178,chlaochlóidh,,,óidh
16179,baintí,,bain,tí
16180,gcilliméadar,g,,méadar
16181,chruachóipe,,,e
16182,cúltacaí,,cúl,aí
16183,sheasmhacht,,,acht
16184,tortóir,t,,tóir
16185,Cuideachtaí,,,taí
16186,chothabháiltear,,,ear
16187,n-ainmneofar,n-,ain,far
16188,eiscithe,,,ithe
16189,gcruithneachtain,g,,in
16190,Trenbolone,,,ne
16191,aeroiriúnaí,,aer,aí
16192,scéalaithe,,,aithe
16193,oideachasóirí,,,í
16194,cheapfaidh,,,faidh
16195,Rattrapante,,,te
16196,siúlóidí,,,í
16197,ólann,,,lann
16198,fhoirlíontaigh,,,aigh
16199,comhchreidiúnaithe,,comh,aithe
16200,tuisceanacha,t,,acha
16201,cuspóir,,,óir
16202,d'eisiúin,d',eisi,in
16203,síos-trastomhas,,,as
16204,chothromóid,,,óid
16205,céadfa,,céad,a
16206,sfspca,,,a
16207,comhlíontach,,comh,ach
16208,randamach,,,ach
16209,Laima,,,a
16210,uaidh,,,aidh
16211,moltaí,,,taí
16212,spéirlíne,,,ne
16213,bhonnbhriseadh,,,eadh
16214,bunúsach,,bun,ach
16215,Gaineamh,,,amh
16216,tSuirbhéireacht,t,,eacht
16217,ciumhais,,,ais
16218,dhréachtú,,,ú
16219,thiúchain,,,in
16220,cúpla,,,a
16221,aerstráicí,,aer,í
16222,ocsaigin,,,gin
16223,shráidbhailte,,,te
16224,maoinítear,,,ítear
16225,dearbhaithe,,dearbh,aithe
16226,eallaigh,,,aigh
16227,dhaingnithe,,,ithe
16228,intuartha,,in,tha
16229,iompraíochtaí,,,taí
16230,aer-chonsighneachta,,aer,ta
16231,nanaitheicneolaíochtaí,,nana,taí
16232,dhéareolaíocha,,,a
16233,oibreacha,,,eacha
16234,chuirfí,,,fí
16235,tairgí,t,,í
16236,gcoin,g,,in
16237,comhairleoireacht,,comh,eacht
16238,chairdiúil,,,úil
16239,ráthaithe,,,aithe
16240,bhforchuirfidh,bh,for,fidh
16241,bunanna,,bun,anna
16242,ngníomhairí,n,,í
16243,mheasaim,,,aim
16244,iarrthóra,,iar,ra
16245,folláine,,fo,ne
16246,PetrPikora,,,ra
16247,bPaitintí,b,,tí
16248,spriocspeicis,,sprioc,is
16249,thuairisceán,,,eán
16250,míochaineacha,,mí,eacha
16251,barántaí,,bar,taí
16252,LiÃontas,,,tas
16253,neamhchothromach,,neamh,ach
16254,chionroinnte,,,te
16255,Déanmhais,,,ais
16256,Ghobharnóir,,,óir
16257,n-astaíochtaí,n-,as,taí
16258,Choisreacáin,,,in
16259,bileoigíní,,bi,í
16260,chomhcuibhithe,,,ithe
16261,n-athcheapfar,n-,ath,far
16262,paróisteach,,,each
16263,hinbhuanaitheacht,h,in,eacht
16264,Cathaoirleach,,,each
16265,taobhanna,t,,anna
16266,sibhialtachta,,,ta
16267,Gailearaí,,,aí
16268,dheisítear,,,ítear
16269,shaincheaptha,,,tha
16270,pearsanála,,,a
16271,Bithicíde,,,e
16272,inteirní,,in,í
16273,sheoltar,,,tar
16274,frith-éillithe,,frith,ithe
16275,gceanncheathrú,g,ceann,ú
16276,dhromchla,,,a
16277,Manisa,,,sa
16278,Ghobhainn,,,inn
16279,mbagraíonn,m,,aíonn
16280,dia,,,ia
16281,gcuimseofaí,g,,aí
16282,fhad,,,ad
16283,teorainnluachanna,t,teo,anna
16284,athcheapfar,,ath,far
16285,chenille,,,e
16286,briseán,,,eán
16287,mháil,,,áil
16288,Scáileán,,,eán
16289,buntáiste,,bun,te
16290,cosúlachta,,,ta
16291,feisirí,,,í
16292,glacadán,,,adán
16293,Cumarsáidí,,,í
16294,stórtha,,,tha
16295,Eorpaí,,,aí
16296,Mesa,,,sa
16297,ndrugadóirí,n,,í
16298,éiglíocht,,,íocht
16299,bia,,bi,ia
16300,mhacánta,,,ta
16301,athnnuachan,,ath,chan
16302,Eintiteas,,,eas
16303,Tiarnaí,,,aí
16304,shochaíocha,,,a
16305,chiontófar,,,ófar
16306,bhásaigh,,,aigh
16307,fhabhruithe,,,ithe
16308,saordha,,,a
16309,siorcán,,,án
16310,Kava,,,a
16311,mhainníonn,,,íonn
16312,crua-earraí,,,aí
16313,Onnmhairiú,,,iú
16314,ligfidh,,,fidh
16315,spásárthaí,,,aí
16316,saineofar,,sain,far
16317,eistear,,,ear
16318,seirbhíse,,,se
16319,síos-scríofa,,,a
16320,Mhótarbhealach,,,ach
16321,vóta,,,ta
16322,comhfhoirne,,comh,ne
16323,conraitheoirí,,,í
16324,bpoibleofar,b,,far
16325,chonganta,,,ta
16326,tanú,t,,ú
16327,stain,,,in
16328,fhilleadh,,,eadh
16329,in-chomhshóite,,in,te
16330,dtalmhaíocht,d,,aíocht
16331,chonartha,,,tha
16332,chríochnaithe,,,aithe
16333,Tionóladh,,,adh
16334,ghaibh,,,aibh
16335,bónas,,,as
16336,Séisíní,,,í
16337,Comhchóras,,,as
16338,deachtrachtaí,,dea,taí
16339,gcomhshocraíocht,g,comh,aíocht
16340,seiceadóir,,,adóir
16341,Chóir,,,óir
16342,atáimid,,,imid
16343,measann,,,ann
16344,Dílleachta,,,ta
16345,thaiscéaladh,,,adh
16346,dibhéirseacht,,,eacht
16347,réamh-marinithe,,réamh,ithe
16348,phéairtí,,,tí
16349,hIaráice,h,,e
16350,máinliacht,,,acht
16351,íogrú,,,ú
16352,Mhaigh,,,aigh
16353,uimhreacha,,,eacha
16354,mheastacháin,,,in
16355,gcabhlach,g,,ach
16356,airnéis-mhorgáiste,,,te
16357,vaimpíre,,,e
16358,Ainmníonn,,,íonn
16359,dealramh,,dea,amh
16360,Eagrúcháin,,,in
16361,sainoidhrithe,,sain,ithe
16362,cuimleoirí,,,í
16363,Urraitheoirí,,,í
16364,Scoirfidh,,,fidh
16365,clisteanna,,,eanna
16366,fhealltóir,,,tóir
16367,fhorléireofar,,,far
16368,míristéama,,mí,a
16369,cuimhní,,,í
16370,lándéantachta,,,ta
16371,preabadh,,,adh
16372,Neamhphacáilte,,,te
16373,rácadóirí,,,í
16374,Mhór-Bhóithre,,,e
16375,eatramh,,,amh
16376,búitín,,,ín
16377,átha,,,tha
16378,frithghiniúnach,,frith,ach
16379,t-Oireachtas,t-,,tas
16380,Aois,,,is
16381,Drólainnítis,,,is
16382,barúil,,bar,úil
16383,áireamhacht,,,acht
16384,foilsítear,,fo,ítear
16385,cheannais,,,ais
16386,meicníocht,,,íocht
16387,Fake,,,e
16388,neamhtheoranta,,neamh,ta
16389,shealbhaíochta,,,ta
16390,coireacht,,,eacht
16391,comhaimseartha,,comh,tha
16392,shaibhreas,,,eas
16393,bhfanadh,bh,,adh
16394,Ceoltóirí,,,í
16395,hOtharlainne,h,,ne
16396,dhíbhe,,,e
16397,glasra,,glas,ra
16398,mhealladh,,,adh
16399,gciontófar,g,,ófar
16400,cuardaigh,,,aigh
16401,galánta,,,ta
16402,pholaití,,,tí
16403,Osclaíodh,,,íodh
16404,dtapófar,d,,ófar
16405,oca,,,a
16406,chuimsiú,,,iú
16407,Seanad-toghthóir,,,thóir
16408,scaipe,,,e
16409,athchurtha,,ath,tha
16410,Muirí,,,í
16411,príomh-fheidhmeannach,,príomh,ach
16412,Cathlán,,,án
16413,seachráillí,,,í
16414,Iníonacha,,,acha
16415,Fostóra,,,ra
16416,spiceanna,,,eanna
16417,Freastalaíonn,,,aíonn
16418,blasanna,,,anna
16419,toilteannach,t,,ach
16420,Gearradh,,,radh
16421,Teoirice,,,e
16422,frithdhúnaidh,,frith,aidh
16423,aistarraingtí,,ais,tí
16424,thrialacha,,,acha
16425,saorchúrsaíocht,,,aíocht
16426,linn,,,inn
16427,sholúbtha,,,tha
16428,an-dearfach,,an,ach
16429,comhdhálacha,,comh,acha
16430,finnéithe,,,ithe
16431,chianroim,,,im
16432,mhíníonn,,,íonn
16433,céad-mheasúnacht,,céad,acht
16434,léine,,,ne
16435,bhónas,,,as
16436,bolgán,,,gán
16437,áfach,,,ach
16438,Família,,,ia
16439,Vamphim,,,im
16440,marthana,,,na
16441,vardrúis,,,is
16442,athcheannaigh,,ath,aigh
16443,fiacailí,,fia,í
16444,oibreáin,,,in
16445,slua,,,a
16446,bainistithe,,bain,ithe
16447,dheallruíonn,,,íonn
16448,cógas,,,as
16449,mBárdas,m,,as
16450,ard-éifeachtúlacht,,ard,acht
16451,íocónach,,,ach
16452,míosta,,mí,ta
16453,tuinithe,t,,ithe
16454,cheoldráma,,,a
16455,pholaitíopaí,,,aí
16456,caolaigh,,,aigh
16457,gaineamh,,,amh
16458,aeistéitiúla,,,a
16459,corónach,,,ach
16460,naisiúnta,,,ta
16461,Mholamar,,,amar
16462,aisiriú,,ais,iú
16463,gnó-dhírithe,,,ithe
16464,Cúpláin,,,in
16465,Cáineann,,,eann
16466,reachtaíocht,,,aíocht
16467,Shábháil,,,áil
16468,forghníomhaitheach,,for,each
16469,chúlghairtear,,,ear
16470,Marcóir,,,óir
16471,ghníomhacha,,,acha
16472,mhíchuí,,,í
16473,a-Samhain,,,in
16474,Méad,,,éad
16475,d'achainigh,d',,igh
16476,biotúnach,,bio,ach
16477,bacfar,,,far
16478,d'aturnaetha,d',,tha
16479,Goidte,,,te
16480,shuite,,,te
16481,Crúibe,,,e
16482,scríbhneoir,,,eoir
16483,Dioplóma,,,óma
16484,taibheoirí,t,,í
16485,réamhfhógartha,,réamh,tha
16486,phríomhcheamara,,,ra
16487,aislingeach,,ais,each
16488,phacáistí,,,tí
16489,Comhardú,,,ú
16490,chumrú,,,ú
16491,neamhleanúnach,,neamh,ach
16492,maoluithe,,,ithe
16493,bhfadhbanna,bh,fad,anna
16494,mhuirearú,,,ú
16495,fraince,,,e
16496,tionólfar,t,,far
16497,standardáil,,,áil
16498,t-athbhreithniú,t-,ath,iú
16499,Daingniú,,,iú
16500,ndiúltófar,n,,ófar
16501,mhothaím,,,aím
16502,neaghlan,,,an
16503,snasúil,,,úil
16504,shéanadh,,,adh
16505,grúpchuntais,,grúp,ais
16506,láidre,,,e
16507,Beoite,,,te
16508,CPCanna,,,anna
16509,dhátheangach,,,ach
16510,dréacht-Chomhaontaithe,,,aithe
16511,fhachtóir,,,tóir
16512,Séiplíneachta,,,ta
16513,dheighleálaithe,,,aithe
16514,chríochnaithach,,,ach
16515,forbarthach,,for,ach
16516,dhéanamhroghanna,,,anna
16517,fholaíonn,,,aíonn
16518,dhóitear,,,ear
16519,Pléascadh-cruthúnas,,,únas
16520,réasúnaigh,,réa,aigh
16521,cuntas,,,tas
16522,conta,,,ta
16523,Brendan,,,an
16524,hiontrálfar,h,ion,far
16525,Shiobhán,,,án
16526,Scéím,,,ím
16527,candamacha,,,acha
16528,argóintí,,,tí
16529,Féilte,,,te
16530,Luamh,,,amh
16531,gcó-aontuítear,g,,ítear
16532,éiceolaíocht,,,aíocht
16533,gesture,,,e
16534,forchoimeádas,,for,as
16535,gnólachta,,,ta
16536,uasoiliúna,,uas,na
16537,gunnaí,,,aí
16538,céastóireacht,,,eacht
16539,meaitseála,,,a
16540,bheithann,,,ann
16541,Teicniúla,,,a
16542,chabhartha,,,tha
16543,thréimhsiúla,,,a
16544,²-tástála,,,a
16545,cheithre,,,e
16546,Sóisialaithe,,,aithe
16547,dolaimít,,do,ít
16548,easpónantúil,,eas,túil
16549,chinnfe,,,e
16550,coimeádaithe,,,aithe
16551,carbaihiodráití,,carba,tí
16552,sceidealta,,,ta
16553,Ghníomhaíochtaí,,,taí
16554,eisiacha,,eisi,acha
16555,Cliniciúil,,,úil
16556,aon-áite,,aon,te
16557,chruinniú,,,iú
16558,Ard-Voltais,,,ais
16559,Dhúthaigh,,,aigh
16560,eiticiúil,,,úil
16561,déní,,dé,í
16562,Madra,,,ra
16563,fhéadfaí,,,aí
16564,Spreagadh,,,adh
16565,iar-údaraithe,,iar,aithe
16566,orainne,,,ne
16567,fód,,,ód
16568,ghlasú,,,ú
16569,ceannuitheoir,,ceann,eoir
16570,fhaireachais,,,ais
16571,choim,,,im
16572,trodaithe,,,aithe
16573,d'athnuachain,d',ath,in
16574,déanaí,,dé,aí
16575,mnbeidis,,,is
16576,mbaileofar,m,,far
16577,duilliúr,,,úr
16578,Malartóirí,,,í
16579,lamhnán,,,án
16580,sioncraíonn,,,aíonn
16581,Earraí,,,aí
16582,Sín,,,ín
16583,cathanna,,,anna
16584,Dliteanas,,,as
16585,gnáthchaiteachas,,gnáth,achas
16586,éagumas,,éa,as
16587,monarúcháin,,mona,in
16588,cruinithe,,,ithe
16589,díríthe,,dír,the
16590,Ua,,,a
16591,ceannasacht,,ceann,acht
16592,mhíre,,,e
16593,Úsáidfidh,,,fidh
16594,Breeze,,,e
16595,Cufróg,,,óg
16596,Liostáil,,,áil
16597,atharofar,,ath,far
16598,rocach,,ro,ach
16599,foraoiseacht,,for,eacht
16600,Lomustine,,,ne
16601,nDruganna,n,,anna
16602,páirt-aimseartha,,páirt,tha
16603,éigiontú,,,ú
16604,fhálú,,,ú
16605,déantóireachta,,dé,ta
16606,Dúnta,,,ta
16607,ríomhaireachtúla,,ríomh,a
16608,breititheoirí,,,í
16609,dhéanaimid,,,aimid
16610,géarchéime,,,e
16611,Scrúdaitheoirí,,,í
16612,Chailleann,,,eann
16613,D'ainneoin,D',ain,in
16614,éadáil,,éa,áil
16615,comhréirí,,comh,í
16616,aibithe,,,ithe
16617,hUsáidtear,h,,ear
16618,Éigeandáil,,,áil
16619,Ghuine,,,ne
16620,paróistigh,,,tigh
16621,foirfeacht,,fo,eacht
16622,Paiste,,,te
16623,ceadúnaí,,,aí
16624,iasclann,,,lann
16625,Toghadh,,,adh
16626,méarógriachtanais,,,ais
16627,Dheontas,,,tas
16628,Foirgníochta,,,ta
16629,phaisnéirí,,,í
16630,gComhairle,g,,e
16631,dheartháireacha,,,eacha
16632,ghortaithe,,,aithe
16633,peiptídí,,,í
16634,caithtear,,,ear
16635,gairfear,,,fear
16636,tochtanna,t,,anna
16637,feidhmigh,,,igh
16638,charthanúla,,,a
16639,Bain,,,in
16640,ranníoca,,,a
16641,polaiteoir,,pola,eoir
16642,lamháilte,,,te
16643,bhím,,,ím
16644,comhiomláine,,comh,ne
16645,Ath-chraicne,,,ne
16646,dhara,,,ra
16647,idirthurais,,idir,ais
16648,earnáilsonrach,,,ach
16649,Féadfar,,,far
16650,fhorghéillte,,,te
16651,tríghlicrídí,,trí,í
16652,ollacha,,oll,acha
16653,thirimshiúcrú,,,ú
16654,Drámaíochta,,,ta
16655,ndraíocht,n,,aíocht
16656,mórmhara,,mór,ra
16657,nuashonraítear,,nua,ítear
16658,sreanganna,,,anna
16659,suntais,,,ais
16660,choinníollach,,,ach
16661,coipthe,,,the
16662,titimí,t,,í
16663,ranníocóirí,,,í
16664,Aglaonema,,,a
16665,Lasca,,,a
16666,lúbraí,,,aí
16667,taisceadáin,t,tais,in
16668,banseiceadóir,,ban,adóir
16669,cómhaoinithe,,,ithe
16670,Easpórtáil,,,áil
16671,chuimsitheacha,,,eacha
16672,Éascú,,,ú
16673,Málaí,,,aí
16674,mortlaíocht,,,aíocht
16675,aicéiteacha,,,eacha
16676,imeascadh,,im,adh
16677,Straitéisigh,,,igh
16678,pátrúnachta,,,ta
16679,léasóir,,,óir
16680,in-aisíoctha,,in,tha
16681,Liotuáin,,,in
16682,Pirfenidone,,,ne
16683,thuas,,,as
16684,cloisteáil,,,áil
16685,staraí,,,aí
16686,Chumainn,,,inn
16687,bindealáin,,bi,in
16688,barúlach,,bar,ach
16689,n-iompróirí,n-,,í
16690,dearbhÃ3ra,,dearbh,ra
16691,Taipéis,,,is
16692,thógfaidh,,,faidh
16693,stát-sheirbhíseach,,,each
16694,Urghabhann,,,ann
16695,Iar-Chonnachta,,,ta
16696,páirtíneach,,páirt,each
16697,criadóireacht,,,eacht
16698,dúrmharú,,dú,ú
16699,dtárluighidh,d,,idh
16700,sannfaí,,,aí
16701,ainmhithe,,ain,ithe
16702,céasadh,,,adh
16703,Cás-Soladach,,,ach
16704,Rothaíocht,,,aíocht
16705,bríonna,,brí,na
16706,sealaíocht,,,aíocht
16707,Shóisearach,,,ach
16708,Acadúil,,,úil
16709,Guaiseacha,,,eacha
16710,údaraigh,,,aigh
16711,imscrúdaitheacha,,im,eacha
16712,dhíolúintí,,,tí
16713,cnónna,,,na
16714,chumannacha,,,acha
16715,dhóú,,,ú
16716,gcoinníonn,g,,íonn
16717,Bainisteoirí,,,í
16718,Suirbhéithe,,,ithe
16719,n-náisiúna,,,na
16720,Preasagallamh,,,amh
16721,nImtheorannaithe,,,aithe
16722,chónascadh,,,adh
16723,Giúdaigh,,,aigh
16724,díospóireachtaí,,dí,taí
16725,mbailíonn,m,,íonn
16726,n-altran,n-,,an
16727,leordhóthanacht,,,acht
16728,Teicníocht,,,íocht
16729,aimsigh,,,igh
16730,Státtógtha,,,tha
16731,saotharlainne,,,ne
16732,shoiléir,,,éir
16733,Hiondúchas,,,as
16734,pearsa,,,sa
16735,dhíspreagadh,,,adh
16736,Catalóine,,,ne
16737,Ualach,,,ach
16738,Olainn,,,inn
16739,forchlúdaigh,,for,aigh
16740,gceadófaí,g,,ófaí
16741,duán,,,án
16742,aithnithe,,aith,ithe
16743,Sárú,,,ú
16744,chithfholcadáin,,,in
16745,faomhadh,,,mhadh
16746,aithinte,,aith,te
16747,mhiondealú,,,alú
16748,mhonaiméara,,,ra
16749,chúisithe,,,ithe
16750,Pónaí,,,aí
16751,lecaiteachas,,,achas
16752,atógadh,,,adh
16753,Shuirbhéanna,,,anna
16754,Chúis,,,is
16755,leitheadúlacht,,,acht
16756,cruthuítear,,,ítear
16757,ábharthacht,,,acht
16758,comhthiomsuithe,,comh,ithe
16759,n-iascach,n-,,ach
16760,n-éadaí,n-,éa,aí
16761,phostú,,,ú
16762,dífhabhtáin,,dí,in
16763,Creideamh,,,amh
16764,dhócha,,,a
16765,Oiriúnacht,,,acht
16766,raidhse,,,se
16767,ngléasanna,n,,anna
16768,Fexofenadine,,,ne
16769,liain,,,in
16770,cruinneachán,,,achán
16771,íocleasaithe,,,aithe
16772,foslach,,fo,ach
16773,soighe,,so,e
16774,caoladóireacht,,,eacht
16775,Pueraria,,,ia
16776,Banphrionsa,,,sa
16777,ciaptha,,,tha
16778,cheadaithe,,,aithe
16779,minicíochtaí,,,taí
16780,mhóra,,,ra
16781,cheolfhoireann,,,eann
16782,Take,,,e
16783,Cliogáil,,,áil
16784,dtiomnaíonn,d,,aíonn
16785,comh-oidhrí,,comh,í
16786,cumasaí,,,aí
16787,d'ainmniúchán,d',ain,án
16788,mbrú,m,,ú
16789,Beannaitheacht,,,eacht
16790,míolta,,mí,ta
16791,réadúil,,réa,úil
16792,dtairgfidh,d,,fidh
16793,gComhdháil,g,,áil
16794,iontrálacha,,ion,acha
16795,rí,,,í
16796,institiúidí,,in,í
16797,Esenza,,,a
16798,Deochanna,,,anna
16799,sroichfe,,,e
16800,d'Fhinnéithe,d',,ithe
16801,Ansin,,,in
16802,rúnfoghlama,,,a
16803,aerbheirthe,,aer,the
16804,osclaítear,,os,ítear
16805,Praghsáil,,,áil
16806,inisileacha,,in,eacha
16807,gcéilí,g,,í
16808,fíordheimhnithe,,fíor,ithe
16809,cócheanntar,,,tar
16810,mhianaigh,,,aigh
16811,cinnteach,,cinn,each
16812,nglaonn,n,,nn
16813,mhisiúin,,,in
16814,prionsaí,,,aí
16815,leathdhúbailte,,leath,te
16816,fógraímid,,,aímid
16817,Fógraíochta,,,ta
16818,radacach,,rada,ach
16819,aosach,,,ach
16820,d'eagras,d',,as
16821,stóráiltear,,,ear
16822,frithocsaídeach,,frith,each
16823,ríomh-Aisíocaíochtaí,,ríomh,taí
16824,Spléachadh,,,adh
16825,Lachtós,,,ós
16826,theastódh,,,ódh
16827,mionlaigh,,mion,aigh
16828,riail-éilithe,,,ithe
16829,cuntasóra,,,ra
16830,gníomhaí,,,aí
16831,Phríobháideach,,,each
16832,mírialta,,mí,ta
16833,Táidsíceastáin,,,in
16834,shuntasach,,,ach
16835,Teoranta,,,ta
16836,Aibréan,,,an
16837,toghroinne,t,,ne
16838,buirgéisigh,,,igh
16839,chimeádfidh,,,fidh
16840,Próiseálfaidh,,,faidh
16841,ngnáthnósanna,n,gnáth,anna
16842,Gnáthfhad,,,ad
16843,Leithdháil,,,áil
16844,druganna,,,anna
16845,Mórdhíola,,,a
16846,cathain,,,in
16847,easrais,,eas,ais
16848,Ceannasaíochta,,,ta
16849,Ceardaíochta,,,ta
16850,neamhchinnteacht,,neamh,eacht
16851,Leochaileach,,,each
16852,Alaattin,,,in
16853,bpaitinní,b,,í
16854,siosúr,,,úr
16855,sáreolas,,sár,as
16856,Ard-Choimisinéir,,,éir
16857,adamh,,,amh
16858,cúise,,,se
16859,leide,,,e
16860,féinmheasúnú,,féin,ú
16861,ghramadach,,,ach
16862,Q-éighníomhach,,,ach
16863,maoiniú,,,iú
16864,mealbhacáin,,,in
16865,dheonófaí,,,ófaí
16866,míreanna,,mí,eanna
16867,gcomhlíonfar,g,comh,far
16868,scríobhfaimid,,,aimid
16869,ríomhfar,,ríomh,far
16870,mioneaspaí,,mion,aí
16871,Fhondúireacht,,,eacht
16872,dtaispeán,d,tais,eán
16873,coirne,,,ne
16874,moChúrsaí,,,aí
16875,acra,,,ra
16876,státseirbhíse,,,se
16877,chomhlachais,,,ais
16878,Comóradh,,,radh
16879,analóige,,ana,e
16880,caithfimid,,,fimid
16881,mbunáit,m,bun,áit
16882,chuimsítear,,,ítear
16883,Aontas,,,tas
16884,Sionna,,,na
16885,Síníodh,,Sín,íodh
16886,múchadh,,,adh
16887,breoite,,,te
16888,meirleoirí,,,í
16889,obliqueacha,,,eacha
16890,heinsíme,h,,e
16891,shonrófar,,,ófar
16892,promise,,,se
16893,bpostvótálaithe,b,,aithe
16894,Faisnéise,,,se
16895,tríochad,,trí,ad
16896,deighleáil,,,áil
16897,taispeántar,t,tais,tar
16898,luasú,,,ú
16899,gearrliosta,,gearr,ta
16900,tras-chomhlíonadh,,tras,adh
16901,páirteanna,,páirt,eanna
16902,fhíorspéisiúil,,,úil
16903,ais-tarraicí,,ais,í
16904,Bogdana,,,na
16905,suaimhneas,,,eas
16906,géinteiripe,,,e
16907,comhraicthe,,comh,the
16908,d'éascódh,d',éa,ódh
16909,Frithpháirteacha,,,eacha
16910,gcraiceann,g,,eann
16911,bplandáil,b,,áil
16912,shuibscríobhanna,,,anna
16913,cheiliúracháin,,,in
16914,forógra,,for,ra
16915,dlíthiúla,,,a
16916,mbuaileann,m,,eann
16917,Maireachtála,,,a
16918,scéithe,,,ithe
16919,ndlínsí,n,,í
16920,Bogadh,,,adh
16921,Aisghabháil,,,áil
16922,héagothromais,h,éa,ais
16923,cabhraithe,,,aithe
16924,shamhlaíocht,,,aíocht
16925,chúisítear,,,ítear
16926,próis,,,óis
16927,saincheiste,,sain,te
16928,adéarfaidh,,,faidh
16929,aighneacht,,,eacht
16930,athgairmtear,,ath,ear
16931,Gairdíní,,,í
16932,bpríomhroghanna,b,príomh,anna
16933,Oidhreacht,,,eacht
16934,balúin,,,in
16935,lí,,,í
16936,Fo-éadaí,,,aí
16937,Craiceann,,,eann
16938,Seapáinis,,,is
16939,shibhialta,,,ta
16940,mbliana,m,,na
16941,n-eisiatar,n-,eisi,tar
16942,Coimircí,,,í
16943,hairnéisí,h,,í
16944,comhpháirteanna,,comh,eanna
16945,bheathaidh,,,aidh
16946,Culture,,,e
16947,n-éascófar,n-,éa,ófar
16948,comhchodanna,,comh,anna
16949,bhíoma,,,a
16950,n-iomportálfadh,n-,,fadh
16951,Fheadhmannaigh,,,aigh
16952,siúil,,,úil
16953,hAfraice,h,,e
16954,n-uaireanta,n-,,ta
16955,Tairbhe,,,e
16956,inchomórtas,,in,tas
16957,dtuigfí,d,,fí
16958,dToghcháin,d,,in
16959,acadúlaigh,,,aigh
16960,Cuimhne,,,ne
16961,gcúinne,g,,ne
16962,sineirgíocha,,sin,a
16963,Easpórtála,,,a
16964,Coireachta,,,ta
16965,Bárdas,,,as
16966,dtuarascála,d,,a
16967,bhforálacha,bh,for,acha
16968,Glacadóir,,,adóir
16969,admháil,,,áil
16970,cobhsaithe,,,aithe
16971,glúin,,,in
16972,scartála,,,a
16973,amas,,am,as
16974,comhairíodh,,comh,íodh
16975,seadánacha,,,acha
16976,n-rioscaí,,,aí
16977,capall-cartáil,,,áil
16978,ard-bheachtais,,ard,ais
16979,Nissin,,,in
16980,daichead,,,ad
16981,chúirteanna,,,eanna
16982,cúlghairmtear,,cúl,ear
16983,fuarthas,,,as
16984,Ghealtlann,,,lann
16985,dealú,,dea,alú
16986,chontae-bhainisteora,,,ra
16987,Seiceálacha,,,acha
16988,sofhreagrach,,so,ach
16989,hathléimneacht,h,ath,eacht
16990,eolasbhunaithe,,eo,aithe
16991,Forála,,,a
16992,Geallbhroidfear,,,fear
16993,coipeanna,,,eanna
16994,leakage,,,e
16995,sruthú,,,ú
16996,tír-bhunaithe,t,,aithe
16997,Toiliú,,,iú
16998,lena,,,na
16999,rua,,,a
17000,d'Abhainn,d',,inn
17001,aireachas,,,achas
17002,shinsearacha,,,acha
17003,thráidire,,,ire
17004,an-a,,an,a
17005,Cuaifeach,,,each
17006,bpríomhghiúróir,b,príomh,óir
17007,ríocht,,,íocht
17008,raicéidí,,,í
17009,shoitheach,,,each
17010,fhaighteoir,,,eoir
17011,féin-leordhóthanacht,,féin,acht
17012,tseanachoiste,t,,te
17013,tuarascáil,t,,áil
17014,dlúthchomhar,,,mhar
17015,Gaelcholáistí,,,tí
17016,ndiúitéthe,n,,the
17017,dada,,,da
17018,fháinne,,,ne
17019,Scagairí,,,í
17020,mainneoidh,,,idh
17021,Moillithe,,,ithe
17022,cáilíochtaí,,,taí
17023,foirmeálta,,fo,ta
17024,åtstramas,,,as
17025,chothroim,,,im
17026,rollú,,ro,ú
17027,ardchaighdeáin,,ard,in
17028,trua,,,a
17029,fosfar,,fosfa,far
17030,Uaireanna,,,eanna
17031,bhfásach,bh,,ach
17032,chomhionann,,,ann
17033,dhochreidte,,,te
17034,bhanna-stóras,,,as
17035,hainmnitheach,h,ain,each
17036,bardais,,bar,ais
17037,d'fhiontraithe,d',,aithe
17038,caravan,,,an
17039,Comharthaí,,,aí
17040,fhurasta,,,ta
17041,subhanna,,,anna
17042,triomadóir,,,adóir
17043,gCluiche,g,,e
17044,Bhunáit,,,áit
17045,feistisí,,,í
17046,poibleog,,,eog
17047,Margadh,,,adh
17048,Gungan,,,an
17049,gnáth-thonn,,gnáth,nn
17050,mbreithnithe,m,,ithe
17051,Gairmeachaéagsúla,,,a
17052,Comhaontaíonn,,,aíonn
17053,daortha,,,tha
17054,ard-bhrú,,ard,ú
17055,sciathacha,,,acha
17056,ochtú,,,ú
17057,chomhtháthú,,,ú
17058,d'oirfeadh,d',oir,eadh
17059,abhaineann,,,eann
17060,bhfeidhmighidh,bh,,idh
17061,meaisínteacht,,,eacht
17062,íocaimid,,,aimid
17063,gcoinneofí,g,,fí
17064,athláimhseora,,ath,ra
17065,ionchurtha,,ion,tha
17066,Mhúinteoireacht,,,eacht
17067,eachtracha,,,acha
17068,Ionaidna,,,na
17069,ealaíona,,,na
17070,turgnamh,t,,amh
17071,Lascainí,,,í
17072,Breithnúnais,,,ais
17073,Asarbaiseáin,,,in
17074,gcomharbas,g,comh,as
17075,huillinneacha,h,,eacha
17076,teorantóir,t,teo,tóir
17077,gcabhraíonn,g,,aíonn
17078,d'íospartaigh,d',íos,aigh
17079,bhreithiúnaigh,,,aigh
17080,gluaisne-bhraiteora,,,ra
17081,raidió-theileafón,,,fón
17082,bhreathnaítear,,,ítear
17083,bheireann,,,eann
17084,míchothromas,,mí,as
17085,Mionnuím,,,ím
17086,céachta,,,ta
17087,Shakya,,,a
17088,dtréas,d,tré,as
17089,Thascradh,,,radh
17090,liostú,,,ú
17091,Alasca,,,a
17092,Mónóg,,,óg
17093,sleamhnáin,,,in
17094,i-an-eolas,,,as
17095,toitiní,t,,í
17096,féimheachta,,,ta
17097,Cócaim,,,aim
17098,n-ordaí,n-,,aí
17099,Ebola,,,a
17100,riail-phraghas,,,as
17101,laethanta,,,ta
17102,Eitlíochta,,,ta
17103,cainteoir,,,eoir
17104,Frieda,,,da
17105,chleithiúnacha,,,acha
17106,31Fógraí,,,aí
17107,ceartúchán,,,án
17108,votálaí,,,aí
17109,dhíolann,,,lann
17110,hintleachta,h,in,ta
17111,n-iarnród,n-,iar,ód
17112,iomalairtithe,,,ithe
17113,brandáil,,,áil
17114,aireachtáil,,,áil
17115,bhailithe,,,ithe
17116,Soiscéalaíocht,,,aíocht
17117,bidh,,bi,idh
17118,ndearbhaítear,n,dea,ítear
17119,Thuairiscigh,,,igh
17120,gheallúint,,,úint
17121,amharcíomhánna,,am,na
17122,coireolaí,,,aí
17123,caoineadh,,,eadh
17124,dhliteán,,,eán
17125,rosán,,ro,án
17126,scríobhaithe,,,aithe
17127,Rugadh,,,adh
17128,ngnáth-chomhaltaí,n,gnáth,taí
17129,guava,,,a
17130,coigeartú,,,ú
17131,n-iniúchtaí,n-,in,taí
17132,dhia,,,ia
17133,tallainne,t,,ne
17134,baile-choimisinéirí,,,í
17135,postála,,,a
17136,chumann,,,ann
17137,comhardú,,comh,ú
17138,Bleisce,,,e
17139,éascaíodh,,éa,íodh
17140,muileatach,,,ach
17141,fhaisnéis,,,is
17142,nGearmáin,n,,in
17143,craolachán,,,achán
17144,híocadh,h,,adh
17145,shaineolas,,,as
17146,Áiseanna,,,eanna
17147,theicneolaíocht,,,aíocht
17148,Rialacháin,,,in
17149,gceisteanna,g,,eanna
17150,Treoir,,,eoir
17151,Tijuana,,,na
17152,déantóir,,dé,tóir
17153,míchóir,,mí,óir
17154,táirgeoir,t,,eoir
17155,d'fhoinsí,d',,í
17156,Dramhaíola,,,a
17157,gcoibhéise,g,,se
17158,Dáiltear,,,ear
17159,luath-Ghréagach,,luath,ach
17160,shreangán,,,gán
17161,phróiseacht,,,eacht
17162,Kidsle,,,e
17163,tarchéimnitheacht,t,tar,eacht
17164,graí,,,aí
17165,bholadh,,,adh
17166,folúntaisí,,fo,í
17167,caillte,,,te
17168,Longthógála,,,a
17169,thurraingeacha,,,eacha
17170,Ráthú,,,ú
17171,cromáin,,,in
17172,ráta-chruinniú,,,iú
17173,Fhiabhrais,,,ais
17174,gnáth-nós,,gnáth,ós
17175,Cúil,,,úil
17176,ionsú,,ion,ú
17177,náirithítear,,,ítear
17178,neamhbhrabúis,,neamh,is
17179,for-chánach,,for,ach
17180,víris,,,is
17181,n-éifeachtacht,n-,,tacht
17182,thráthchodanna,,,anna
17183,chomórfas,,,fas
17184,coigilteoirí,,,í
17185,ridirí,,,í
17186,tosnaíodh,t,,íodh
17187,Agaistín,,,ín
17188,aigéadachta,,,ta
17189,bhfiontar,bh,,tar
17190,foirgneamh,,fo,amh
17191,fhorfheidhmiú,,,iú
17192,bpúint,b,,úint
17193,taifidí,t,,í
17194,shoilse,,,se
17195,Sandersonia,,,ia
17196,dhíolmhaithe,,,aithe
17197,TRíú,,,ú
17198,Threoir,,,eoir
17199,méide,,,e
17200,Comhairleoirí,,,í
17201,neamh-aisíoctha,,neamh,tha
17202,iniúchóireachtaí,,in,taí
17203,roghnaigh,,ro,aigh
17204,bhuíonta,,,ta
17205,réada,,réa,da
17206,aoisliúntas,,,tas
17207,ísle-aicme,,,e
17208,ceolchoirmeacha,,,eacha
17209,ochtale,,,e
17210,mhór-ríomhaire,,,aire
17211,Ríomhfhoghlama,,,a
17212,socraíodh,,so,íodh
17213,biotúmanach,,bio,ach
17214,théipthaifeadáin,,,in
17215,Faoiseamh,,,amh
17216,Ríomhtar,,,tar
17217,teagaiscfxconas,t,,as
17218,fhrithpháirteach,,,each
17219,Buanchoiste,,,te
17220,inveirteabraigh,,in,aigh
17221,fhairsinge,,,e
17222,fhásra,,,ra
17223,an-fhada,,an,da
17224,éagmais,,éa,ais
17225,Meatfóirmin,,,in
17226,aife,,,e
17227,míneoimid,,mín,imid
17228,ochtarach,,,ach
17229,mídhleathach,,mí,ach
17230,bhuiséadacha,,,acha
17231,Fundúireacht,,,eacht
17232,ghránna,,,na
17233,bhuaidh,,,aidh
17234,Cealaigh,,,aigh
17235,Gaelchultúr,,,úr
17236,frith-chalaoise,,frith,se
17237,braiteacha,,,eacha
17238,geata,,,ta
17239,Buaiteoir,,,eoir
17240,chuibhe,,,e
17241,uatha,,uath,tha
17242,Athaontaítear,,,ítear
17243,dtagaimid,d,,aimid
17244,feidhmchláiríní,,,í
17245,fheachtais,,,ais
17246,lipéidí,,,í
17247,n-gníomhairí,n-,,í
17248,Huarache,,,e
17249,pérdida,,,da
17250,gcraoltóir,g,,tóir
17251,t-iarratasóir,t-,iar,óir
17252,Libéir,,,éir
17253,iontaobhais,,ion,ais
17254,shín,,,ín
17255,luchtú,,,ú
17256,glansuíomhanna,,,anna
17257,saincheaptha,,sain,tha
17258,t-iasacht,t-,,acht
17259,Uasta,,,ta
17260,gáirí,,,í
17261,n-iniúchta,n-,in,ta
17262,Náis,,,áis
17263,gairdis,,,is
17264,Áitreoirí,,,í
17265,spúinse,,,se
17266,Ligeann,,,eann
17267,Mhéadaigh,,,aigh
17268,chothromaí,,,aí
17269,reatha,,,tha
17270,Críochnaithe,,,aithe
17271,Cipíní,,,í
17272,Sainaithníonn,,,íonn
17273,Gualmhianadóireachta,,,ta
17274,t-éileamh,t-,,amh
17275,bhuanchónaí,,,aí
17276,Inniúchóirí,,,í
17277,Gluaire,,,aire
17278,amharciniúchadh,,am,adh
17279,ccomhoiriúnacht,,,acht
17280,bunreachtúil,,bun,túil
17281,ghníomhaíochtaí,,,taí
17282,Mhalaeisia,,,ia
17283,logainmneacha,,,eacha
17284,beartuithe,,,ithe
17285,shintéiriú,,,iú
17286,Chabhartha,,,tha
17287,díshealbhaíodh,,dí,íodh
17288,Germain,,,in
17289,Eagrófar,,,ófar
17290,Bunaítear,,,ítear
17291,lomhála,,,a
17292,Phríomhfheidhmeannach,,,ach
17293,sciortáil,,,áil
17294,Fuaime,,,e
17295,Taispeántais,,,ais
17296,bhfíneálacha,bh,,acha
17297,Preasráiteas,,,eas
17298,cláreagraithe,,,aithe
17299,ionnarbadh,,ion,adh
17300,gceannaireacht,g,ceann,eacht
17301,toghcháin,t,,in
17302,leithlisithe,,,ithe
17303,Saoirseachta,,,ta
17304,flúirse,,,se
17305,asbhaintí,,as,tí
17306,Comhthiomsú,,,ú
17307,brainse,,,se
17308,foirmiúla,,fo,a
17309,foluiteacha,,fo,eacha
17310,naíonra,,naí,ra
17311,d'athfhoirgniú,d',ath,iú
17312,inleasaithe,,in,aithe
17313,fabhraithe,,,aithe
17314,Thairis,,,is
17315,ilchreidmheacha,,il,eacha
17316,mmcéimeanna,,,eanna
17317,Árachas,,,achas
17318,fheicfidh,,,fidh
17319,insínte,,in,te
17320,Tuirse,,,se
17321,fadtéarmacha,,fad,acha
17322,d'iascaireacht,d',,eacht
17323,ghlacadóirí,,,í
17324,Chomhlachais,,,ais
17325,carcadh,,,adh
17326,Uaire,,,aire
17327,cúntas,,,tas
17328,mín-roinnte,,mín,te
17329,Cumhdaítear,,,ítear
17330,d'ateangairí,d',,í
17331,dhealraíonn,,,aíonn
17332,Sprúis,,,is
17333,chinn,,,inn
17334,Cláraithe,,,aithe
17335,chuirimid,,,imid
17336,Adidas,,,as
17337,grianscéithe,,grian,ithe
17338,Gehenna,,,na
17339,sáibh,,,ibh
17340,Gas,,,as
17341,áirithítear,,,ítear
17342,ard-sainmhínithe,,ard,ithe
17343,gnáth-tháirgeadh,,gnáth,eadh
17344,ghránach,,,ach
17345,statach,,,ach
17346,d'Fhoghlaimeoirí,d',,í
17347,Feisire,,,ire
17348,gCúltaca,g,,a
17349,eastóscadh,,eas,adh
17350,Meiriceánach,,,ach
17351,Comharbais,,,ais
17352,cumhraithe,,,aithe
17353,Príbhléidí,,,í
17354,Seangán,,,gán
17355,loctha,,,tha
17356,dlighhear,,,ear
17357,luasghéarú,,,ú
17358,Dúlra,,,ra
17359,meastar,,,tar
17360,dearann,,dea,ann
17361,comhainmneach,,comh,each
17362,dréachtrialacha,,,acha
17363,chomhpháirtíocht,,,íocht
17364,stopfaidh,,,faidh
17365,Liathdroma,,,a
17366,iomadúla,,,a
17367,Dúnagáin,,,in
17368,chumraíocht,,,aíocht
17369,Aeigéacha,,,acha
17370,Measctha,,,tha
17371,Tulach,,,ach
17372,Canónta,,,ta
17373,ghiúise,,,se
17374,breathnadóir,,,adóir
17375,neamhabrasach,,neamh,ach
17376,ardmhodhanna,,ard,anna
17377,cumasacha,,,acha
17378,an-stílithe,,an,ithe
17379,sannfaidh,,,faidh
17380,Thuile,,,e
17381,Gealltóireachta,,,ta
17382,haeráide,h,aer,e
17383,tearcfheidhmíocht,t,,íocht
17384,líomhantar,,,tar
17385,comhbheartais,,comh,ais
17386,Ard-Reachtaire,,,aire
17387,Corrán,,,án
17388,haistrítear,h,ais,ítear
17389,scagacháin,,,in
17390,nuachta,,nua,ta
17391,am-bhunaithe,,am,aithe
17392,aigéad,,,éad
17393,sraitheanna,,,eanna
17394,miondheallaithe,,mion,aithe
17395,Lachtadh,,,adh
17396,percentáiste,,,te
17397,greannacht,,,acht
17398,d'Ordán,d',,án
17399,roghnacha,,ro,acha
17400,dlínse,,,se
17401,mairtíreachta,,,ta
17402,Ceapfar,,,far
17403,dhíothú,,,ú
17404,inchríniteolaí,,in,aí
17405,fírinniú,,,iú
17406,t-aiseolas,t-,ais,as
17407,núsáidtear,,,ear
17408,Dearthaí,,,aí
17409,meisiúnachta,,,ta
17410,socraithe,,so,aithe
17411,dtugtaí,d,,taí
17412,fheiceálach,,,ach
17413,féinchúnamh,,féin,amh
17414,granádaí,,,aí
17415,fhire,,,ire
17416,réamh-chostaisí,,réamh,í
17417,dóithe,,dó,ithe
17418,diansolais,,dia,ais
17419,Bothóga,,,ga
17420,altranais,,,ais
17421,tSásra,t,,ra
17422,fhabhraíonn,,,aíonn
17423,t-easpa,t-,eas,a
17424,fhostóir,,,tóir
17425,Italia,,,ia
17426,íoctar,,,tar
17427,Moratóir,,,tóir
17428,mháistirphlean,,,an
17429,meonta,,,ta
17430,Feisteoirí,,,í
17431,Chothromú,,,ú
17432,Comhiomarcaíochta,,,ta
17433,shealbhuíonn,,,íonn
17434,chumhachtaí,,,taí
17435,an-ainmniúchán,,an,án
17436,dtáblaí,d,,aí
17437,dtuairiscítear,d,,ítear
17438,gais,,,ais
17439,Gairme,,,e
17440,róin,,ró,in
17441,dlímhuirearacha,,,acha
17442,ceannaire,,ceann,aire
17443,Iarsmaí,,,aí
17444,tíreolaíochta,t,,ta
17445,Díolachán,,,achán
17446,deasa,,dea,sa
17447,Nóiméad,,,éad
17448,tréineáil,,tré,áil
17449,fhostaí,,,taí
17450,meáchainte,,,te
17451,bpáirtí,b,páirt,tí
17452,mhacasamhlú,,,ú
17453,fritháirithe,,frith,ithe
17454,nDídeanaithe,n,,aithe
17455,gníomhaíonn,,,aíonn
17456,hoifigigh,h,,igh
17457,Táirgthe,,,the
17458,domheasctha,,do,tha
17459,Huge,,,e
17460,coimirce,,,e
17461,oibríocha,,,a
17462,chomacht,,,acht
17463,ródacmhainneachta,,ró,ta
17464,n-íocfadh,n-,,fadh
17465,plódaithe,,,aithe
17466,Il-úsáideoir,,,eoir
17467,athstruchtúraithe,,ath,aithe
17468,Besplatnie,,,e
17469,díthiomnóir,,dí,óir
17470,míleatach,,mí,ach
17471,Máistreacht,,,eacht
17472,léacht,,,acht
17473,gcócaireacht,g,,eacht
17474,Ualach-Líne,,,ne
17475,gheibheann,,,eann
17476,Maraitis,,,is
17477,dtaistealaithe,d,tais,aithe
17478,shíltear,,,ear
17479,fiafraigh,,fia,aigh
17480,Déanadh,,,adh
17481,hÁrdteiste,h,,te
17482,inaisghafa,,in,a
17483,dinnseanchas,,,as
17484,forcoimeádta,,for,ta
17485,Reachtaigh,,,aigh
17486,fhormhéadófar,,,ófar
17487,dhénártha,,,tha
17488,Stáitse,,,se
17489,laghdódh,,lag,ódh
17490,fodhlíthe,,fo,the
17491,lochtanna,,,anna
17492,poiblí-príobháideach,,,each
17493,bhfollán,bh,fo,án
17494,trí,,,í
17495,snámhach,,,ach
17496,gnáthchoinníollacha,,gnáth,acha
17497,d'uain,d',,in
17498,deilbhíní,,,í
17499,aerodróma,,aer,óma
17500,éirleach,,,each
17501,réamhíocfaidh,,réamh,faidh
17502,neamhghnácha,,neamh,a
17503,iarmharta,,iar,ta
17504,áilleacht,,,eacht
17505,bpinsean,b,,sean
17506,phrintíseach,,,each
17507,astaithe,,as,aithe
17508,gháis,,,áis
17509,bhonn-bhliain,,,in
17510,duilleoga,,,ga
17511,nOrduithe,,,ithe
17512,bhfeiniméan,bh,,an
17513,dtacóidh,d,,óidh
17514,an-tapa,,an,a
17515,gormán,,,án
17516,nascachta,,,ta
17517,sprúis,,,is
17518,Príomh-Aoire,,,ire
17519,Eastleigh,,,igh
17520,druileáil,,,áil
17521,bhíonnn,,,nn
17522,reacht,,,eacht
17523,airtríteas,,,íteas
17524,shonróid,,,óid
17525,háiteanna,h,,eanna
17526,gceadúnaí,g,,aí
17527,Kalimantan,,,an
17528,folúsghlantóir,,fo,tóir
17529,comhpháirtíochta,,comh,ta
17530,thaispeánann,,,ann
17531,Nuachtlitreacha,,,eacha
17532,tharlaíonn,,,aíonn
17533,Coimirce,,,e
17534,hísliú,h,,iú
17535,Bithéagsúlacht,,,acht
17536,Bunófar,,,ófar
17537,TPPUanna,,,anna
17538,tíleanna,t,,eanna
17539,pischineálaigh,,,aigh
17540,phlandú,,,ú
17541,chábla,,,a
17542,hearnáil,h,,áil
17543,dréacht-thorthaí,,,aí
17544,mhalartaigh,,,aigh
17545,Aisteach,,,each
17546,creidmhigh,,,igh
17547,phríobháideacht,,,eacht
17548,Verbena,,,na
17549,d'aois,d',,is
17550,Úsáidfear,,,fear
17551,Lampaí,,,aí
17552,hÉanaigh,h,,aigh
17553,gínéiceolaithe,,,aithe
17554,iLife,,,e
17555,iarchurtha,,iar,tha
17556,lagrathúla,,lag,a
17557,thuairim,,,im
17558,suiteálaí,,,aí
17559,shanntar,,,tar
17560,húinéireacht,h,,eacht
17561,mhúcóis,,,óis
17562,mhúinteoir,,,eoir
17563,neamhghníomhach,,neamh,ach
17564,dealbhaithe,,dea,aithe
17565,gceapfaidh,g,,faidh
17566,ilteangach,,il,ach
17567,Tiontú,,,ú
17568,sabháilteachta,,,ta
17569,d'aíonna,d',,na
17570,Stroighne,,,ne
17571,rindreáil,,,áil
17572,profit-a-prendre,,,e
17573,trian,,,an
17574,Galánta,,,ta
17575,dháilfear,,,fear
17576,beatha,,beath,tha
17577,Forchuireadh,,,eadh
17578,gharáiste,,,te
17579,talmhaíochta,t,,ta
17580,Charghas,,,as
17581,intleacht,,in,eacht
17582,gaelscolaíochta,,,ta
17583,Íoslódálacha,,,acha
17584,comhráiteas,,comh,eas
17585,sainmheáchan,,sain,chan
17586,breathnaíonn,,,aíonn
17587,fuireachas,,,achas
17588,chéimneach,,,each
17589,d'airgeadra,d',,ra
17590,n-oibríochtaí,n-,,taí
17591,donais,,do,ais
17592,chomhionannais,,,ais
17593,Ardteicneolaíochta,,,ta
17594,t-aoi-uachtarán,t-,,án
17595,Róba,,,a
17596,téacsanna,t,,anna
17597,neamhdhóthanach,,neamh,ach
17598,fhiachais,,,ais
17599,Comhdhéanta,,,ta
17600,thuirbíní,,,í
17601,príobháideachta,,,ta
17602,Tháirgí,,,í
17603,gcomhtháirgeadh,g,comh,eadh
17604,allmhairiúcháin,,,in
17605,Forbhreithniú,,,iú
17606,sonnraithe,,so,aithe
17607,Orgaan,,,an
17608,chomhpháirteach,,,each
17609,Láimhseálann,,,lann
17610,Stuáilte,,,te
17611,parlaiminteacha,,,eacha
17612,déistine,,dé,ne
17613,caillteanais,,,ais
17614,páirtnéireachta,,páirt,ta
17615,Guthán,,,án
17616,Driogadh,,,adh
17617,urraitheoir,,ur,eoir
17618,dea-taitneamhach,,dea,ach
17619,uirlis-tógtha,,,tha
17620,an-ghairmiúil,,an,úil
17621,dlisteanach,,,ach
17622,míráitis,,mí,is
17623,bhForaithne,bh,,ne
17624,neamhdhéagacha,,neamh,acha
17625,preideacáide,,,e
17626,sean-ordú,,sean,ú
17627,Mp3Gain,,,in
17628,cuairteoir,,,eoir
17629,hinlamhála,h,in,a
17630,n-iarrachtaí,n-,iar,taí
17631,ngreamú,n,,ú
17632,agra,,,ra
17633,aontíos,,aon,íos
17634,ionchasach,,ion,ach
17635,hionracas,h,ion,as
17636,urasú,,ur,ú
17637,d'Éirinn,d',,inn
17638,hullmhófar,h,,ófar
17639,fhoraoisiú,,,iú
17640,críochach,,,ach
17641,aithníodh,,aith,íodh
17642,strapaí,,,aí
17643,Cheard-Oideachais,,,ais
17644,tarracóir,t,tar,óir
17645,Íosluchtaithe,,,aithe
17646,coinmheadh,,,eadh
17647,seipteach,,,each
17648,gréasán,,,án
17649,athmhuintearas,,ath,as
17650,iolradh,,,radh
17651,fhaisnéisiú,,,iú
17652,Seba,,,a
17653,Beochana,,,na
17654,bhfoléas,bh,fo,as
17655,volta,,,ta
17656,moilleanna,,,eanna
17657,meabhlaíochta,,,ta
17658,Iarrfar,,,far
17659,ríomhadh,,ríomh,mhadh
17660,dtaighde,d,,e
17661,Díolúintí,,,tí
17662,díluachadh,,dí,adh
17663,tionscnóra,t,,ra
17664,Bhliain,,,in
17665,fuaraitheoirí,,,í
17666,ghnólachtaí,,,taí
17667,dea-labhartha,,dea,tha
17668,Leictreachais,,,ais
17669,deimhníodh,,,íodh
17670,marthanachta,,,ta
17671,croí-chruthach,,,chruthach
17672,chuíiontrála,,,a
17673,Cánacha,,,acha
17674,Nevimune,,,ne
17675,Bhaintí,,,tí
17676,cheirnín,,,ín
17677,cothromaíochta,,,ta
17678,phríomhoifigigh,,,igh
17679,ficsean,,,sean
17680,d'aeriompróirí,d',aer,í
17681,n-athéistfeadh,n-,ath,eadh
17682,bpríomhfheidhmeannach,b,príomh,ach
17683,shíntiúsóirí,,,í
17684,lonnú,,,ú
17685,d'únaeracht,d',,acht
17686,scríbhinn,,,inn
17687,thábhachtaí,,,taí
17688,salaicileach,,,each
17689,veicteoirí,,,í
17690,laghdaíonn,,lag,aíonn
17691,cheisteanna,,,eanna
17692,sineirgíochtaí,,sin,taí
17693,athraithe,,ath,aithe
17694,Tuairiscí,,,í
17695,Mhínigh,,,igh
17696,ionoigreachta,,ion,ta
17697,paitinn,,,inn
17698,dteaghlach,d,,ach
17699,iasacht,,,acht
17700,aimplitheoir,,,eoir
17701,gcomhordaítear,g,comh,ítear
17702,dhírigh,,,igh
17703,bairille-chruthach,,,chruthach
17704,Scagachán,,,achán
17705,Baintrí,,,í
17706,dhochloíte,,,te
17707,Prímh-Chléireach,,,each
17708,bhallóide,,,e
17709,tosaithe,t,,aithe
17710,t-imscrúdú,t-,im,ú
17711,sannaíodh,,,íodh
17712,BÁonn,,,nn
17713,oibiachtúil,,,túil
17714,Fachtóir,,,tóir
17715,thionólfar,,,far
17716,d'amlíne,d',am,ne
17717,phléascach,,,ach
17718,indiúscartha,,in,tha
17719,bhreithiúnais,,,ais
17720,eachta,,,ta
17721,Sáithithe,,,ithe
17722,insilteach,,in,each
17723,mionathruithe,,mion,ithe
17724,Tógtar,,,tar
17725,ligeann,,,eann
17726,thréidliaghachta,,,ta
17727,tuartha,t,,tha
17728,rás-chúrsa,,,sa
17729,chomhairfear,,,fear
17730,raibí,,,í
17731,Díoladh,,,adh
17732,lánurraim,,,aim
17733,Iarrthóirí,,,í
17734,Felmingia,,,ia
17735,Ce,,,e
17736,Chomhairleachta,,,ta
17737,iltaobhaigh,,il,aigh
17738,steallairí,,,í
17739,Laştırma,,,a
17740,cuimse,,,se
17741,Bhuaigh,,,aigh
17742,n-athscrúdófaí,n-,ath,ófaí
17743,Fhiacháin,,,in
17744,athdháileadh,,ath,eadh
17745,Bitheolaíocha,,,a
17746,féin-bhealaithe,,féin,aithe
17747,trétháillí,,tré,í
17748,cheistiú,,,iú
17749,neamhdháilte,,neamh,te
17750,an-Ardchaighdeáin,,an,in
17751,leis-sean,,,sean
17752,micreaghrúdlann,,,lann
17753,mBille,m,,e
17754,guí,,,í
17755,mbóithre,m,,e
17756,mhaighdean,,,an
17757,gCuirteanna,g,,eanna
17758,Miontuairis,,,is
17759,siarainn,,,inn
17760,fís-seinnteora,,fís,ra
17761,comparáide,,,e
17762,spreagúla,,,a
17763,discréide,,dis,e
17764,láimhseáladh,,,adh
17765,hAistrithe,h,,ithe
17766,rabhas,,,as
17767,choinnle,,,e
17768,oileánach,,,ach
17769,dearbhóidh,,dearbh,óidh
17770,Reáchtálann,,,lann
17771,Ardán,,,án
17772,dheacrachtaí,,,taí
17773,Háise,,,se
17774,chomhoidhrseacha,,,eacha
17775,Saorálach,,,ach
17776,fásann,,,ann
17777,mheánscoileanna,,,eanna
17778,infhála,,in,a
17779,shoot-amach,,,ach
17780,Anailísithe,,,ithe
17781,Séadchomhartha,,,tha
17782,rannpháirteacha,,,eacha
17783,Sláin,,,in
17784,luinge,,,e
17785,Rúin,,,in
17786,síolraigh,,,aigh
17787,Díshuiteáil,,,áil
17788,Eintitis,,,is
17789,Volta,,,ta
17790,Jelena,,,na
17791,eachtra,,,ra
17792,neamhualaithe,,neamh,aithe
17793,córas,,,as
17794,Chomhairleacht,,,eacht
17795,spéacláirí,,,í
17796,suntasaí,,,aí
17797,pháirtnéireacht,,,eacht
17798,scoláirí,,,í
17799,gcomhaltas,g,comh,tas
17800,claochladáin,,,in
17801,fheabhas,,,as
17802,timpeallachtaí,t,,taí
17803,Uim,,,im
17804,Léigh,,,igh
17805,phríosúnú,,,ú
17806,ngeallsealbhóirí,n,,í
17807,Urwa,,,a
17808,meaisíní,,,í
17809,chuaillí,,,í
17810,comhoibrithe,,comh,ithe
17811,antrapaigineach,,antrapa,gineach
17812,fanachta,,,ta
17813,Dennstaedtia,,,ia
17814,oinigh,,,igh
17815,thomhas,,,as
17816,eachtrannaigh,,,aigh
17817,Contaethe,,,the
17818,Bhíodh,,,íodh
17819,geallfaidh,,,faidh
17820,athralgia,,ath,ia
17821,Meaisínteacht,,,eacht
17822,d'éileamh,d',,amh
17823,tascfhórsa,t,,sa
17824,aonach,,aon,ach
17825,chobhsaí,,,aí
17826,ollnóva,,oll,a
17827,athnuafar,,ath,far
17828,tras-rannacha,,tras,acha
17829,giorriacha,,,acha
17830,sheolann,,,lann
17831,infheictheachta,,in,ta
17832,gcuisneoir,g,,eoir
17833,íoscheanglais,,íos,ais
17834,Gile,,,e
17835,bhainisteoireachta,,,ta
17836,táiplise,t,,se
17837,Dáilte,,,te
17838,Acmhainní,,,í
17839,StarVegas,,,as
17840,fhónuigh,,,igh
17841,Éascaitheoirí,,,í
17842,Mheicniúil,,,úil
17843,mhorgáiste,,,te
17844,dhlúthú,,,ú
17845,ordóid,,,óid
17846,corpraithe,,,aithe
17847,Comhairleach,,,each
17848,Dlíthe,,,the
17849,chonradh,,,radh
17850,binse,,bi,se
17851,thruaillithe,,,ithe
17852,sprioc-amanna,,sprioc,anna
17853,idirghabhálacha,,idir,acha
17854,Suncála,,,a
17855,Gealtacht,,,tacht
17856,dtraenáil,d,,áil
17857,hidirghabhálaí,h,idir,aí
17858,bailíochtú,,,ú
17859,freagairtí,,,tí
17860,n-ailíniú,n-,,iú
17861,Móinín,,,ín
17862,chaitheamh,,,amh
17863,Barbara,,,ra
17864,b'ann,,,ann
17865,lán-aoiseach,,,each
17866,cumadóir,,,adóir
17867,cnaguirlisí,,,í
17868,suipéir,,,éir
17869,Cumhdófar,,,ófar
17870,Yale,,,e
17871,Iarbhunscolaíocht,,,aíocht
17872,ghásacha,,,acha
17873,Insuite,,,te
17874,caithteachas,,,achas
17875,t-amhránaí,t-,am,aí
17876,peacaigh,,,aigh
17877,bhogearraí,,,aí
17878,Luaidhe,,,aidhe
17879,tirim,t,,im
17880,Francaise,,,se
17881,Arbutin,,,in
17882,bpéitseog,b,,eog
17883,aeráilte,,aer,te
17884,bhFéadfá,bh,,fá
17885,dhlí-bhunuithe,,,ithe
17886,dhruileáil,,,áil
17887,Heipitíteas,,,íteas
17888,hiontrálacha,h,ion,acha
17889,indéanta,,in,ta
17890,bhforordaítear,bh,for,ítear
17891,n-ítimí,n-,,í
17892,diriú,,,iú
17893,Shonraí,,,aí
17894,irithe,,,ithe
17895,bhfo-rolla,bh,fo,a
17896,urasóidh,,ur,óidh
17897,treisiú,,,iú
17898,d'oibreoirí,d',,í
17899,Thuarascáil,,,áil
17900,Nua-Ghaeilge,,,e
17901,fhéinmharú,,,ú
17902,chogaidh,,,aidh
17903,mílte,,mí,te
17904,Fostaítear,,,ítear
17905,6adh,,,adh
17906,n-éagfaidh,n-,éa,faidh
17907,Aoire,,,ire
17908,27ú,,,ú
17909,chorparáide,,,e
17910,gcruthaí,g,,aí
17911,Malartóir,,,tóir
17912,Chaithfinn,,,finn
17913,coscairí,,,í
17914,rochtana,,ro,na
17915,iar-lá-ceaptha,,iar,tha
17916,Léirmhíniú,,,iú
17917,bhfeallaire,bh,,aire
17918,smaointí,,,tí
17919,dhúiche,,,e
17920,hAoine,h,,ne
17921,bandaí,,ban,aí
17922,liacht-mhaoirsiú,,,iú
17923,laetheanta,,,ta
17924,goiris,,,is
17925,Scoile,,,e
17926,clóscríofa,,,a
17927,sainráite,,sain,te
17928,fo-churtha,,fo,tha
17929,comhchuibhiú,,comh,iú
17930,neamhfhoirmiúla,,neamh,a
17931,chúinne,,,ne
17932,dhiúltaithe,,,aithe
17933,ghnóthaí,,,aí
17934,veain,,,in
17935,cuimhneoidh,,,idh
17936,hiasacht,h,,acht
17937,feadfar,,,far
17938,Högarabiska,,,a
17939,troithe,,,ithe
17940,chéad-chruinniú,,,iú
17941,Thin,,,in
17942,brionglóidí,,,í
17943,gabhálaí,,,aí
17944,shainordaitheacha,,,eacha
17945,Gluaiseachtaí,,,taí
17946,breisoideachas,,,achas
17947,Pléascaigh,,,aigh
17948,Cannadais,,,ais
17949,Mania,,,ia
17950,iiia,,,ia
17951,análóir,,an,óir
17952,cumhdaithe,,,aithe
17953,Ghnóthaí,,,aí
17954,duántachta,,,ta
17955,státchiste,,,te
17956,Davis,,,is
17957,ceadaíonn,,,aíonn
17958,throithe,,,ithe
17959,tslándáil,t,,áil
17960,Colóime,,,e
17961,iniúchóireachta,,in,ta
17962,bhfostaíonn,bh,fo,aíonn
17963,leaga,,,ga
17964,Bostúin,,,in
17965,Próiseáil,,,áil
17966,inphionóis,,in,óis
17967,fhollasú,,,ú
17968,d'athraigh,d',ath,aigh
17969,Atreoraithe,,,aithe
17970,Tapa,,,a
17971,creatlacha,,,acha
17972,suirbhéanna,,,anna
17973,fir-baineann,,,eann
17974,Caoimhe,,,e
17975,teastubháil,t,,áil
17976,Eithneach,,,each
17977,réamhroghnaithe,,réamh,aithe
17978,iontrálta,,ion,ta
17979,d'eagraíocht,d',,aíocht
17980,Aiseolas,,,as
17981,Phoiblí,,,í
17982,Táirgeann,,,eann
17983,Dea-Caighdeán,,,eán
17984,soiléiríodh,,so,íodh
17985,neamhfhoirmiúlacht,,neamh,acht
17986,Genova,,,a
17987,haftara,h,,ra
17988,Bruiséile,,,e
17989,ndíorthaigh,n,dí,aigh
17990,céimseataí,,,taí
17991,d'iontrálacha,d',ion,acha
17992,ShÃ3isialta,,,ta
17993,riarachán,,,achán
17994,Aoirí,,,í
17995,grádaithe,,,aithe
17996,athdhromchlú,,ath,ú
17997,thrádáiltear,,,ear
17998,cosaintí,,,tí
17999,barrachairteacha,,barr,eacha
18000,Athghairmtear,,,ear
18001,tobhach,t,,ach
18002,gairmtear,,,ear
18003,Ginearalta,,,ta
18004,huchtálaithe,h,,aithe
18005,truicearphraghas,,,as
18006,thraenacha,,,acha
18007,vereinte,,,te
18008,sheinn,,,inn
18009,Dhíscaoileadh,,,eadh
18010,verge,,,e
18011,aincheisteanna,,ain,eanna
18012,fho-shirriam,,,iam
18013,dhéanfá,,,fá
18014,Tomhaltóirí,,,í
18015,frithchalaoise,,frith,se
18016,Rúise,,,se
18017,fhostaítear,,,ítear
18018,tseandálaíocht,t,,aíocht
18019,Éis,,,is
18020,Éilíodh,,,íodh
18021,Shaoire,,,ire
18022,Creidmheasanna,,,anna
18023,pháipéir,,,éir
18024,chuimilte,,,te
18025,dothuigthe,,do,the
18026,áille,,,e
18027,neantóga,,,ga
18028,Chuirfí,,,fí
18029,Titeann,,,eann
18030,fochoistí,,fo,tí
18031,Ard-Chomhairle,,,e
18032,téarmaíocht,t,,aíocht
18033,bhFlaitheas,bh,,eas
18034,Leasú,,,ú
18035,Aithneofar,,,far
18036,fhearaistí,,,tí
18037,crúcaí,,,aí
18038,dosháraithe,,do,aithe
18039,cumhachta,,,ta
18040,Léirthuisceana,,,na
18041,hastaíochtaí,h,as,taí
18042,Chabhra,,,ra
18043,Séarachais,,,ais
18044,sainorduithe,,sain,ithe
18045,n-oscailtí,n-,os,tí
18046,monatóireachta,,mona,ta
18047,paraimíleata,,para,ta
18048,Fo-Cuntais,,,ais
18049,sacairín,,,ín
18050,Giorta,,,ta
18051,chomhcheangailte,,,te
18052,athrach,,ath,ach
18053,gcumasóidh,g,,óidh
18054,Buanordú,,,ú
18055,leaschathaoirligh,,leas,igh
18056,íocann,,,ann
18057,r-fhoirmeacha,,,eacha
18058,meilimín,,,ín
18059,Catalóg,,,óg
18060,Donnchadh,,,adh
18061,Imeachtaí,,,taí
18062,Ádhamh,,,amh
18063,oifige,,,e
18064,athsheoladh,,ath,adh
18065,Daingean,,,an
18066,dtoghroinn,d,,inn
18067,Geallbhróicéirí,,,í
18068,bhalla,,,a
18069,Comheagraíocht,,,aíocht
18070,marcálfadh,,,fadh
18071,Théarmaí,,,aí
18072,dtinreamh,d,,amh
18073,sibhialtachtaí,,,taí
18074,phromhaidh,,,aidh
18075,sheolaithe,,,aithe
18076,25ú,,,ú
18077,chléireachais,,,ais
18078,bhua,,,a
18079,saintréithe,,sain,ithe
18080,Chánach,,,ach
18081,buanuíodh,,buan,íodh
18082,gearrthréimhse,,gearr,se
18083,iomparthóir,,,thóir
18084,aerdróma,,aer,óma
18085,mhuilte,,,te
18086,ciontaitheach,,,each
18087,neamhbhuana,,neamh,na
18088,dtitfidh,d,,fidh
18089,choláisteach,,,each
18090,bheaga,,,ga
18091,comhionann,,comh,ann
18092,próiseanna,,,eanna
18093,Dhomhnaigh,,,aigh
18094,mainistreacha,,,eacha
18095,shighniú,,,iú
18096,scaglanna,,,anna
18097,chluichire,,,ire
18098,aithreach,,aith,each
18099,phéacadh,,,adh
18100,Cairdiúla,,,a
18101,fheidhmiú,,,iú
18102,neamh-inathnuaite,,neamh,te
18103,Toghacháin,,,in
18104,meascáin,,,in
18105,molfidh,,,fidh
18106,an-cróga,,an,ga
18107,Gásacha,,,acha
18108,bliantúil,,,túil
18109,Afganastáin,,,in
18110,glacadáin,,,in
18111,ghaolmhar,,,mhar
18112,dóthaineach,,dó,each
18113,tráidirí,,,í
18114,Míochainí,,,í
18115,Speictrim,,,im
18116,mheán-pháigh,,,igh
18117,thairgtear,,,ear
18118,fhréamhshamhlú,,,ú
18119,ghairmoiliúint,,,úint
18120,Stát-Deimhnithe,,,ithe
18121,brachaidh,,,aidh
18122,chreachadóirí,,,í
18123,Bíodh,,,íodh
18124,Europäische,,,e
18125,faisin,,,in
18126,aith-bhreithnithe,,aith,ithe
18127,ullmhaigh,,,aigh
18128,bhFéimheacht,bh,,eacht
18129,Buain,,,in
18130,balltíortha,,,tha
18131,dhíláithreachta,,,ta
18132,Físeanna,,,eanna
18133,chonsalachta,,,ta
18134,bheagfhorbartha,,,tha
18135,vBulletin,,,in
18136,dheonfidh,,,fidh
18137,cnaipí,,,í
18138,Leictreacha,,,eacha
18139,Níotráit,,,áit
18140,triúr,,,úr
18141,lánúnas,,,únas
18142,chúraim,,,aim
18143,cháíligh,,,igh
18144,gabháil,,,áil
18145,chustaiméirí,,,í
18146,Tolláin,,,in
18147,do-shannta,,do,ta
18148,sineirge,,sin,e
18149,Eisean,,,sean
18150,mBailiúcháin,m,,in
18151,chathghrúpa,,,a
18152,buanscéimeanna,,buan,eanna
18153,cáiníocóir,,,óir
18154,foirmeacha,,fo,eacha
18155,fheirm-dhílse,,,se
18156,tsínithe,t,,ithe
18157,mhaolófaí,,,ófaí
18158,Nimheanna,,,eanna
18159,chathaoirligh,,,igh
18160,uisceú,,,ú
18161,gaibhnithe,,,ithe
18162,ndeonófaí,n,,ófaí
18163,réimse,,ré,se
18164,3-aistriú,,,iú
18165,Chóid,,,óid
18166,leachtacha,,,acha
18167,mhúinte,,,te
18168,fó-dhlí,,,í
18169,aisíoctha,,ais,tha
18170,creidmheasanna,,,anna
18171,Tuairim,,,im
18172,dhídeanaí,,,aí
18173,Abidjan,,,an
18174,n-eisiúint,n-,eisi,úint
18175,Hipitéis,,,is
18176,Íospartaigh,,,aigh
18177,chameleonriachtanais,,,ais
18178,crann,,,ann
18179,Neamhranníocach,,,ach
18180,shealbhaireachta,,,ta
18181,chomhlua,,,a
18182,fiaclóireacht,,fia,eacht
18183,d'úlla,d',,a
18184,Leithscaradh,,,radh
18185,ceapadóir,,,adóir
18186,tsamhraidh,t,,aidh
18187,Saoirse,,,se
18188,hidrealú,h,,alú
18189,Frithsheasmhach,,,ach
18190,canadh,,,adh
18191,Forúnaí,,,aí
18192,Tosóidh,,,óidh
18193,Craobhchomórtais,,,ais
18194,féasóg,,,óg
18195,ionadaíonn,,ion,aíonn
18196,liathróid,,,óid
18197,sonrúchán,,so,án
18198,aíochta,,,ta
18199,Inscriosta,,,ta
18200,thángthas,,,as
18201,gcríochnóidh,g,,óidh
18202,coinbhleacht,,,eacht
18203,deasghnatha,,dea,tha
18204,Stiúrthóir,,,thóir
18205,Europa,,,a
18206,leictreonach,,leictr,ach
18207,dteipeanna,d,,eanna
18208,cailleach,,,each
18209,togáil,t,,áil
18210,Rialú,,,alú
18211,t-chostas,,,tas
18212,tarraingíonn,t,tar,íonn
18213,sheirbhíse,,,se
18214,athdhúichiú,,ath,iú
18215,chomheagrais,,,ais
18216,fuarfhoirmithe,,,ithe
18217,Léirmhínithe,,,ithe
18218,Iarnród,,,ód
18219,tsaorbhearna,t,,na
18220,Ioncam-Choibhneasta,,,ta
18221,sean-braistintí,,sean,tí
18222,Parque,,,e
18223,glanfaidh,,,faidh
18224,Kurbağalıdere,,,e
18225,mhaighean,,,an
18226,tarraigeadh,t,tar,eadh
18227,bolcthainceanna,,,eanna
18228,shuimeanna,,,eanna
18229,chomhachta,,,ta
18230,sreabháin,,,in
18231,fhlanmhíniú,,,iú
18232,mhachnamhach,,,ach
18233,réamghníomhach,,réa,ach
18234,d'allmhaireoirí,d',,í
18235,bpíosa,b,,sa
18236,Institiúidí,,,í
18237,meánráta,,meán,ta
18238,Ceimiceáin,,,in
18239,nóiméad,,,éad
18240,Deonú,,,ú
18241,radacacha,,rada,acha
18242,pearsanaíocht,,,aíocht
18243,ngekihe,n,,e
18244,ghréasáin,,,in
18245,rannchuiditheoirí,,,í
18246,sainítear,,sain,ítear
18247,Lámhaltais,,,ais
18248,Bhráighe,,,e
18249,d'fhálú,d',,ú
18250,dhátaí,,,taí
18251,chomhthaobhacht,,,acht
18252,tuigtear,t,,ear
18253,éiteas,,,eas
18254,amharclainne,,am,ne
18255,sinusitis,,sin,is
18256,tonn,t,,nn
18257,Spriocanna,,,anna
18258,ghlúine,,,ne
18259,úsáidim,,,im
18260,mhúirín,,,ín
18261,fhéinfhostaithe,,,aithe
18262,cáin-íocóir,,,óir
18263,ró-iascaireacht,,ró,eacht
18264,gcoimeádfar,g,,far
18265,dteachtaireacht,d,,eacht
18266,bhogfaidh,,,faidh
18267,dtabhú,d,,ú
18268,mbunóidh,m,bun,óidh
18269,neamhúsáidthe,,neamh,the
18270,mheas-phinsin,,,in
18271,anraithí,,an,í
18272,Contae-bhuirgí,,,í
18273,plaisteach-mhála,,,a
18274,t-eatramh,t-,,amh
18275,ghlacaidh,,,aidh
18276,Noelle,,,e
18277,Comhdófar,,,ófar
18278,thaiscthe,,,the
18279,Comhionannas,,,as
18280,ghabhálas,,,as
18281,bhronntar,,,tar
18282,Tithíocht,,,íocht
18283,cistiúchán,,,án
18284,Todhchaíochtaí,,,taí
18285,t-ualach,t-,,ach
18286,Socraithe,,,aithe
18287,dearthóirí,,dea,í
18288,Araíonachta,,,ta
18289,5adh,,,adh
18290,héilíodh,h,,íodh
18291,seasca,,,a
18292,craicin,,,in
18293,áirithinte,,,te
18294,Aithníonn,,,íonn
18295,Magicshine,,,ne
18296,Topaicí,,,í
18297,maíodh,,,íodh
18298,gean,,,an
18299,nótáil,,,áil
18300,margadhphraghsanna,,,anna
18301,oideasú,,,ú
18302,Phalaistín,,,ín
18303,asláithreachta,,as,ta
18304,togh-líomatáistí,t,,tí
18305,leictriceimiceach,,leictri,each
18306,mórcheantar,,mór,tar
18307,laethúla,,,a
18308,sheolfaidh,,,faidh
18309,1980í,,,í
18310,ticéad-Pereda,t,,da
18311,choinneofar,,,far
18312,mbreathnadóirí,m,,í
18313,phróiseáilte,,,te
18314,seinmliostaí,,sein,taí
18315,ealaíontóirí,,,í
18316,chianoideachais,,,ais
18317,an-chomhfhiosach,,an,ach
18318,Chóiste,,,te
18319,hurruíodh,h,ur,íodh
18320,Dícháilithe,,,ithe
18321,príomhscéala,,príomh,a
18322,tairbheach,t,,each
18323,himeacht,h,im,eacht
18324,hainmníodh,h,ain,íodh
18325,ngairmfar,n,,far
18326,n-áireofar,n-,,far
18327,Ceadaithe,,,aithe
18328,bheirtear,,,ear
18329,Siopadóireacht,,,eacht
18330,Oiriúnú,,,ú
18331,Leasaitear,,,ear
18332,Clarithromycin,,,in
18333,codarsnach,,,ach
18334,gceanntar,g,ceann,tar
18335,sailleadh,,,eadh
18336,comhoibríonn,,comh,íonn
18337,nuálaíocht,,,aíocht
18338,Liostálfas,,,fas
18339,buaiteoir,,,eoir
18340,gabhdán,,,án
18341,Coigiltis-Breithiúnachta,,,ta
18342,urruithe,,ur,ithe
18343,Dréachtú,,,ú
18344,chaomhnóireachta,,,ta
18345,mótarcháin,,,in
18346,ceárdais,,,ais
18347,reach,,,each
18348,d'fhéadfaidh,d',,faidh
18349,comhpháirtíochtaí,,comh,taí
18350,tharrthála,,,a
18351,gcreat-treoirlíne,g,,ne
18352,forexstraitéisí,,for,í
18353,cinntí,,cinn,tí
18354,cháilithigh,,,igh
18355,scagach,,,ach
18356,chomharthaíocht,,,aíocht
18357,cearnach,,,ach
18358,mhaolú,,,ú
18359,ionchasacha,,ion,acha
18360,teidlíochtaí,t,,taí
18361,bpictiúr,b,,úr
18362,hydrangeas,,,eas
18363,ársaíochta,,,ta
18364,sciúrtha,,,tha
18365,ródháileáil,,ró,áil
18366,chomhtháite,,,te
18367,Éigniú,,,iú
18368,uain-oibre,,,e
18369,Sulfóis,,,óis
18370,d'iarratas,d',iar,tas
18371,toradh-bhunaithe,t,,aithe
18372,próiseasaí,,,aí
18373,scriúnna,,,na
18374,búcla,,,a
18375,Amharclann,,,lann
18376,contraráthaíocht,,,aíocht
18377,siúlóir,,,óir
18378,cuidíonn,,,íonn
18379,Forbraíochta,,,ta
18380,mhodhnuithe,,,ithe
18381,caithfear,,,fear
18382,tagróidh,t,,óidh
18383,ceanntar,,ceann,tar
18384,ocsaire,,,aire
18385,braitear,,,ear
18386,Edirne,,,ne
18387,ndeicibeilí,n,,í
18388,diúltófar,,,ófar
18389,inslithe,,in,ithe
18390,Leanaía,,,a
18391,dahlia,,,ia
18392,Úrscéalta,,,ta
18393,fhógra,,,ra
18394,dramhaíl,,,aíl
18395,Comprimere,,,e
18396,tofa,t,,a
18397,thora,,,ra
18398,Cuntasaíochta,,,ta
18399,droch-iasachtaí,,droch,taí
18400,Fonamh,,,amh
18401,pholagánach,,,ach
18402,uasghrádaithe,,uas,aithe
18403,athróg,,ath,óg
18404,Caighdeánach,,,ach
18405,dTreoirlínte,d,,te
18406,vaicsíní,,,í
18407,Nuálaíochta,,,ta
18408,fhíoráin,,,in
18409,Radharcacha,,,acha
18410,cliathánach,,,ach
18411,comhchoiteanna,,comh,eanna
18412,feabhasuithe,,,ithe
18413,Deascabhála,,,a
18414,crochadh,,,adh
18415,inoidhrithe,,in,ithe
18416,Chonartaigh,,,aigh
18417,fhágáil,,,áil
18418,Chomharsanacht,,,acht
18419,Antartaigh,,,aigh
18420,hEorpach,h,,ach
18421,Thuaidh,,,aidh
18422,capaillín,,,ín
18423,easaontach,,eas,ach
18424,hAilgéire,h,,ire
18425,hindíreach,h,in,each
18426,ardcháilíochta,,ard,ta
18427,Measadóirí,,,í
18428,ghníomhachtaí,,,taí
18429,Fíoraithe,,,aithe
18430,pionósú,,,ú
18431,iascbhealaí,,,aí
18432,bhforbródh,bh,for,ódh
18433,órga,,,ga
18434,sclóine,,,ne
18435,nOiliúnóirí,,,í
18436,clónn,,,nn
18437,fhoirmeacha,,,eacha
18438,cúiréireachta,,,ta
18439,Tibéidis,,,is
18440,Fuaim,,,aim
18441,shimplí,,,í
18442,mogallmhéideanna,,,eanna
18443,pí,,,í
18444,cian,,,an
18445,t-ionchúisitheoir,t-,ion,eoir
18446,dtiocfadh,d,,fadh
18447,Crústaigh,,,aigh
18448,tSeineagáil,t,,áil
18449,dé-ocsain,,dé,in
18450,Búisín,,,ín
18451,údarú,,,ú
18452,inaitheanta,,in,ta
18453,aighnis,,,is
18454,chontae,,,e
18455,chaitliceach,,,each
18456,gcosantóir,g,,tóir
18457,Ceardaithe,,,aithe
18458,chodladh,,,adh
18459,leispiacha,,,acha
18460,Meastóireachta,,,ta
18461,aireagán,,,agán
18462,Tarraingthe,,,the
18463,mhúinteoireacht,,,eacht
18464,dréachttograí,,,aí
18465,comharaíochta,,comh,ta
18466,Bhreithiúnaigh,,,aigh
18467,Caibidlí,,,í
18468,29adh,,,adh
18469,soilsithe,,so,ithe
18470,chnuasach,,,ach
18471,bainstíocht,,bain,íocht
18472,Mhúinteoirí,,,í
18473,amharclannaíocht,,am,aíocht
18474,atáirgeadh,,,eadh
18475,Riachtanais,,,ais
18476,mbruacháin,m,,in
18477,Pearsantacht,,,tacht
18478,Freastalaithe,,,aithe
18479,luathléitheoireachta,,luath,ta
18480,Socrúcháin,,,in
18481,eisean,,,sean
18482,íonstraim,,,aim
18483,t-aistriú,t-,ais,iú
18484,chonnarthóir,,,thóir
18485,Fóntas,,,tas
18486,fadtréimhseach,,fad,each
18487,bhuanráillí,,,í
18488,ndéantóirí,n,dé,í
18489,hárthaí,h,,aí
18490,Marbha,,,a
18491,comhdhamhnaí,,comh,aí
18492,Roghnaítear,,,ítear
18493,ndréachtmheastachán,n,,achán
18494,gcumasaítear,g,,ítear
18495,t-aiséirí,t-,ais,í
18496,phagánacha,,,acha
18497,bhfionraí,bh,,aí
18498,Ullmhúcháin,,,in
18499,pui-blí,,,í
18500,Scairteanna,,,eanna
18501,scilligeadh,,,eadh
18502,ardtosaíocht,,ard,aíocht
18503,brabaigh,,,aigh
18504,Linkedin,,,in
18505,Taibhealaíona,,,na
18506,Chroicne,,,ne
18507,inteacháin,,in,in
18508,sainchomhlíonadh,,sain,adh
18509,Comhlachas,,,achas
18510,scothaosta,,scoth,ta
18511,anchúinse,,an,se
18512,Cheaptha,,,tha
18513,Béarfar,,,far
18514,inchiallaithe,,in,aithe
18515,fhoghraíocht,,,aíocht
18516,Cúigear,,,ear
18517,Chondae,,,e
18518,Inscálaithe,,,aithe
18519,neamhchomhlíonta,,neamh,ta
18520,bhfoghlaimeoirí,bh,fo,í
18521,Eisínteachtaí,,,taí
18522,spúnóg,,,óg
18523,friable,,,e
18524,Frith-Chalaoise,,,se
18525,Cúis,,,is
18526,tiorthaí,t,,aí
18527,séadchomharthaí,,,aí
18528,biggie,,bi,e
18529,dTreana,d,,na
18530,húsáidfar,h,,far
18531,Bulgáire,,,ire
18532,ghaltáin,,,in
18533,ilcheallach,,il,ach
18534,d'fhoráil,d',,áil
18535,gCoillte,g,,te
18536,coigilteas,,,eas
18537,ndobharlaigh,n,do,aigh
18538,bPiarsach,b,,ach
18539,méadaire,,,aire
18540,Thionscalaíocht,,,aíocht
18541,Spéaclaí,,,aí
18542,Lárchóras,,,as
18543,athphéinteáil,,ath,áil
18544,Choimeádaí,,,aí
18545,Coitianta,,,ta
18546,Theoranta,,,ta
18547,cuiridh,,,idh
18548,tsíocháin,t,,in
18549,Raibh,,,aibh
18550,measaireachta,,,ta
18551,réamhmhaoiniú,,réamh,iú
18552,bhainisteoir,,,eoir
18553,cisteán,,,eán
18554,fhulaingíonn,,,íonn
18555,miasniteoirí,,,í
18556,dhigití,,,tí
18557,comhairleoirí,,comh,í
18558,gluaiseachta,,,ta
18559,daonnúla,,daon,a
18560,coigilteach,,,each
18561,gclinicí,g,,í
18562,Doirteadh,,,eadh
18563,núicléas,,,as
18564,ndearcaí,n,dea,aí
18565,soiléireacht,,so,eacht
18566,slánaíochta,,,ta
18567,t-uastuilleamh,t-,uas,amh
18568,choimirciú,,,iú
18569,ráta,,,ta
18570,bheachtais,,,ais
18571,Scannánóir,,,óir
18572,lochanna,,,anna
18573,Bhfaighidh,,,idh
18574,leictrilít,,leictri,ít
18575,Árasán,,,án
18576,infhoirceanta,,in,ta
18577,Chréachta,,,ta
18578,spíoscach,,,ach
18579,tocsain,t,,in
18580,shéalóidh,,,óidh
18581,gcomhordaitheoir,g,comh,eoir
18582,macrairéigiúnacha,,macra,acha
18583,ghnátháit,,,áit
18584,coibhneasa,,,sa
18585,thoilíonn,,,íonn
18586,Gortuithe,,,ithe
18587,borrtha,,,tha
18588,athárachú,,ath,ú
18589,micrishliseanna,,micri,eanna
18590,sean-bhrainsí,,sean,í
18591,aonadóir,,aon,adóir
18592,niarrann,,,ann
18593,n-athróidh,n-,ath,óidh
18594,dhréacht-téarmaí,,,aí
18595,phéire,,,ire
18596,mhaolaitheoirí,,,í
18597,sochorraithe,,soch,aithe
18598,Ghrian,,,an
18599,síceolaithe,,,aithe
18600,neamhábaltachta,,neamh,ta
18601,Ar-líne,,,ne
18602,ciúineadóir,,,adóir
18603,phóilíneachta,,,ta
18604,n-aistríonn,n-,ais,íonn
18605,réamhthaifeadta,,réamh,ta
18606,mhótar-fheithiclí,,,í
18607,dhomhainfharraige,,,e
18608,an-fonn,,an,nn
18609,camchuairte,,,te
18610,minicíocht,,,íocht
18611,leathbhliantúil,,leath,túil
18612,cláraíodh,,,íodh
18613,ionadaíocht,,ion,aíocht
18614,glacann,,,ann
18615,oibreán,,,eán
18616,Síceolaíocht,,,aíocht
18617,aturnaethe,,,the
18618,cuan-oibreacha,,,eacha
18619,Sainordú,,,ú
18620,iontuigthe,,ion,the
18621,coinníollúlacht,,,acht
18622,gcrosaire,g,cros,aire
18623,Coisithe,,,ithe
18624,frith-seipteach,,frith,each
18625,chomharbas,,,as
18626,alibaba,,,a
18627,hiomthosca,h,,a
18628,thosaíonn,,,aíonn
18629,Unicode,,,e
18630,hamharc-ealaíona,h,am,na
18631,hÍospartaigh,h,,aigh
18632,gcomhoibríonn,g,comh,íonn
18633,creachadóirí,,,í
18634,Urla,,,a
18635,bréagchéadfaíochta,,bréag,ta
18636,daingnítear,,,ítear
18637,bharúil,,,úil
18638,hUisce,h,,e
18639,miocrorgánach,,,ach
18640,Ioslódáil,,,áil
18641,gcuimhneoidh,g,,idh
18642,dtoscaireachtaí,d,,taí
18643,Sláinte,,,te
18644,Fea,,,a
18645,péinteáilte,,,te
18646,líonadh,,,adh
18647,bhforbrófar,bh,for,ófar
18648,Timpeallachta,,,ta
18649,Dearbhán,,,án
18650,mhoillithe,,,ithe
18651,Príomh-Chigire,,,ire
18652,Géanómaíocht,,,aíocht
18653,dtabhaítear,d,,ítear
18654,Tasmáine,,,ne
18655,chuairteanna,,,eanna
18656,Cruthaítear,,,ítear
18657,Réadaigh,,,aigh
18658,Addis,,,is
18659,fhoghlaimíonn,,,íonn
18660,mbásanna,m,,anna
18661,chomhreachtóir,,,tóir
18662,ráitis,,,is
18663,oraibh,,,aibh
18664,planctóin,,,in
18665,dtrasuítear,d,tras,ítear
18666,tuislithe,t,,ithe
18667,Leabharlain,,,in
18668,Mhóráin,,,in
18669,Optúil,,,túil
18670,canúintí,,,tí
18671,leathnófaí,,leath,ófaí
18672,d'eistréathadh,d',,adh
18673,stipinn,,,inn
18674,Stát-tógtha,,,tha
18675,athdhriogadh,,ath,adh
18676,chruinneofar,,,far
18677,sainiúlachta,,sain,ta
18678,Cuntasacht,,,acht
18679,bunoscionn,,bun,nn
18680,Aimplitheoir,,,eoir
18681,Ucsa,,,sa
18682,Rinne,,,ne
18683,mhacrascópacha,,,acha
18684,Comhlíonta,,,ta
18685,phroifiliú,,,iú
18686,Naíonáin,,,in
18687,ngnáth-choimeádaithe,n,gnáth,aithe
18688,lán-chleithiúnas,,,únas
18689,chrosaire,,,aire
18690,Muirear,,,ear
18691,fhíneáil,,,áil
18692,ngrádanna,n,,anna
18693,mheasctha,,,tha
18694,slisníní,,,í
18695,muiceanna,,,eanna
18696,hoibrithe,h,,ithe
18697,Iniúchóirí,,,í
18698,d'ath-dhéanamh,d',ath,amh
18699,comhpháirte,,comh,te
18700,faightear,,,ear
18701,chomhchuntas,,,tas
18702,aon-chomhalta,,aon,ta
18703,deighilte,,,te
18704,Ainmhithe,,,ithe
18705,chlainne,,,ne
18706,forordú,,for,ú
18707,Aliağa,,,a
18708,GoldTagann,,,ann
18709,tuigeann,t,,eann
18710,ocaídiúcháin,,,in
18711,Chatman,,,an
18712,cheannaíochta,,,ta
18713,Dála,,,a
18714,Creideann,,,eann
18715,sín,,,ín
18716,húinéirí,h,,í
18717,d'Achtanna,d',,anna
18718,Neartófar,,,ófar
18719,mheasúnaíonn,,,aíonn
18720,gCóras,g,,as
18721,cáilitheachta,,,ta
18722,bhunaítear,,,ítear
18723,geansaí,,,aí
18724,comhchoibhneas,,comh,eas
18725,taifigh,t,,igh
18726,litiam,,liti,iam
18727,leathmheabhrach,,leath,ach
18728,géilltear,,,ear
18729,beardáilte,,,te
18730,Ghaelach,,,ach
18731,Táille,,,e
18732,bhagúin,,,in
18733,Domhan,,,an
18734,nokia,,,ia
18735,féaraíochta,,,ta
18736,Príomh-Atúrnae,,,e
18737,Scríobhfaidh,,,faidh
18738,fhó-ranna,,,anna
18739,shreanga,,,ga
18740,forálacha,,for,acha
18741,Choimirciú,,,iú
18742,chúlchiste,,,te
18743,n-iniúchóirí,n-,in,í
18744,díorthach,,dí,ach
18745,Ardaithe,,,aithe
18746,neamhghníomhachta,,neamh,ta
18747,liostála,,,a
18748,Chearrbhachas,,,achas
18749,léachtóirí,,,í
18750,aonaigh,,aon,aigh
18751,tiocfaidh,t,,faidh
18752,fheistí,,,tí
18753,Cibearchoireachta,,,ta
18754,áitithe,,,ithe
18755,Neamhchlóite,,,te
18756,do-chúlghairthe,,do,the
18757,chonsighneora,,,ra
18758,gcreidiúnú,g,,ú
18759,bhronntanas-talis,,,is
18760,foraois,,for,is
18761,frainceáilte,,,te
18762,milseogra,,,ra
18763,coraintín,,,ín
18764,faghadh,,,adh
18765,duaithníocht,,,íocht
18766,saothrófaí,,,ófaí
18767,neadacha,,,acha
18768,rollta,,ro,ta
18769,mb'iad,m,,ad
18770,leictreaphlátála,,leictrea,a
18771,Leas-Chathaoirligh,,,igh
18772,mhaothú,,,ú
18773,Saoirseachtaí,,,taí
18774,mhéadaítear,,,ítear
18775,ábhraíocht,,,aíocht
18776,Theanga,,,ga
18777,Deontaisí,,,í
18778,feicimid,,,imid
18779,n-aontaíonn,n-,aon,aíonn
18780,Tiomnaithe,,,aithe
18781,cúnna,,,na
18782,dílse,,dí,se
18783,roimh-íocfar,,ro,far
18784,romchúiseacha,,ro,eacha
18785,dea-fheidhmíocht,,dea,íocht
18786,Scaipeadh,,,eadh
18787,caiteachaisí,,,í
18788,seachadfaidh,,,faidh
18789,faibhriú,,,iú
18790,paraisiútáil,,para,áil
18791,tsamhlaíocht,t,,aíocht
18792,Iarscríbhínn,,,ínn
18793,ndearna,n,dea,na
18794,bhradáin,,,in
18795,Ríomhamar,,,amar
18796,éirí-as,,,as
18797,d'aghaidh,d',,aidh
18798,bambú,,,ú
18799,gladiolusí,,,í
18800,n-iomportáil,n-,,áil
18801,chleachta,,,ta
18802,Thaispeántais,,,ais
18803,bhfadhbhadh,bh,fad,adh
18804,poiliticiúla,,,a
18805,Paróiste,,,te
18806,chonsighneacht,,,eacht
18807,inatofa,,in,a
18808,Cóipeála,,,a
18809,Suiteáladh,,,adh
18810,aibíonn,,,íonn
18811,Cırgalan,,,an
18812,Ja,,,a
18813,fainice,,,e
18814,Dhréachtphlean,,,an
18815,heorpa,h,eo,a
18816,gcigirí,g,,í
18817,pléascach,,,ach
18818,léannta,,,ta
18819,fhadtéarmach,,,ach
18820,Chineálacha,,,acha
18821,haifidí,h,,í
18822,dtagraíonn,d,,aíonn
18823,uas-sciliú,,uas,iú
18824,isea,,,a
18825,dúramar,,dú,amar
18826,rthach,,,ach
18827,Scrúdaitheoir,,,eoir
18828,n-olaí,n-,,aí
18829,Dhomhanda,,,da
18830,riailchíos,,,íos
18831,Fuinneamh,,,amh
18832,formheasa,,for,sa
18833,leanúnaigh,,,aigh
18834,eagraíochta,,,ta
18835,Suirbhéireacht,,,eacht
18836,hÍde,h,,e
18837,chaogad,,,ad
18838,bhainteach,,,each
18839,coimhdeacha,,,eacha
18840,uillinneacha,,,eacha
18841,Cháiligh,,,igh
18842,Diúltaítear,,,ítear
18843,hAguisín,h,,ín
18844,ollscoileanna,,oll,eanna
18845,chupán,,,án
18846,rúisis,,,is
18847,leanas,,,as
18848,Chúlra,,,ra
18849,pléascán,,,án
18850,coimisiúnaítear,,,ítear
18851,buaca,,,a
18852,fiosraithe,,,aithe
18853,shleamhnán,,,án
18854,Chaisleán,,,eán
18855,phinsinéara,,,ra
18856,mionnú,,mion,ú
18857,gCnaipe,g,,e
18858,Aimplitheoirí,,,í
18859,ngluaisteán,n,,eán
18860,Róidiam,,,idiam
18861,Adamhach,,,ach
18862,Cheannasaí,,,aí
18863,fothalamh,,fo,amh
18864,bhuachaillí,,,í
18865,neamhdhéanta,,neamh,ta
18866,thairbhithe,,,ithe
18867,réalteolaithe,,réalt,aithe
18868,choiscfeas,,,eas
18869,bhán,,,án
18870,idirghabhálaithe,,idir,aithe
18871,taiscí,t,tais,í
18872,príomh-chomhpháirteanna,,príomh,eanna
18873,bhátha,,,tha
18874,caoirigh,,,igh
18875,oileánra,,,ra
18876,théamaí,,,aí
18877,bPríosúnach,b,,ach
18878,teachta,t,,ta
18879,milleoin,,,in
18880,iarmharluach,,iar,ach
18881,Teorantóirí,,,í
18882,deireanas,,,as
18883,choinnleanna,,,eanna
18884,Chéad,,,éad
18885,Olltáirgeacht,,,eacht
18886,d'fhonn,d',,nn
18887,dréachtbhuiséad,,,éad
18888,bhuan-tseirbhísigh,,,igh
18889,frithsheasmhaire,,frith,aire
18890,fo-ordú,,fo,ú
18891,Patrúin,,,in
18892,truaillíonn,,,íonn
18893,Míonna,,,na
18894,míchruinnis,,mí,is
18895,chuóta,,,ta
18896,maitríse,,,se
18897,Priontaí,,,taí
18898,cóireáilte,,,te
18899,aithris,,aith,is
18900,úiréáise,,,se
18901,brocach,,,ach
18902,Anóid,,,óid
18903,Ghléasra,,,ra
18904,oiliúnach,,,ach
18905,Thráchtáil,,,áil
18906,cholann,,,lann
18907,imeachtraigh,,im,aigh
18908,míthreoir,,mí,eoir
18909,mion-phuintí,,mion,tí
18910,bealaidh,,,aidh
18911,Luachálacha,,,acha
18912,Glúine,,,ne
18913,imcrúdú,,im,ú
18914,Coláistí,,,tí
18915,gcolúin,g,,in
18916,chreidiúnóidh,,,óidh
18917,x-ghathaithe,,,aithe
18918,ghníomhais,,,ais
18919,féin-sconna,,féin,na
18920,núicléach,,,ach
18921,luibhe,,,e
18922,adhlacadh,,,adh
18923,hurghabhála,h,ur,a
18924,fíoruithe,,fíor,ithe
18925,ard-deireadh,,ard,eadh
18926,Oifigeach,,,each
18927,trasnaíocht,,tras,aíocht
18928,n-orduithe,n-,,ithe
18929,scair-úis,,,is
18930,girrfhithe,,,ithe
18931,sainmhínítear,,sain,ítear
18932,taoisigh,t,,igh
18933,colgán,,,gán
18934,lánú,,,ú
18935,meastóireachta,,,ta
18936,Fáiltiú,,,iú
18937,Measúnóir,,,óir
18938,dreasachta,,,ta
18939,athárachaíodh,,ath,íodh
18940,Cúrsa,,,sa
18941,doláimhsithe,,do,ithe
18942,neamhfhóirteach,,neamh,each
18943,dídine,,dí,ne
18944,rialóirí,,,í
18945,fho-choiste,,,te
18946,intíre,,in,e
18947,Gealltanais,,,ais
18948,táirgtear,t,,ear
18949,ionsamhlú,,ion,ú
18950,hathnuadhadh,h,ath,adh
18951,bhfaisnéistear,bh,,ear
18952,tarraiceoireacht,t,tar,eacht
18953,sleamhnú,,,ú
18954,dhearcadh,,,adh
18955,ríthe,,,the
18956,Fócas,,,as
18957,Abhrais,,,ais
18958,Vegas,,,as
18959,dhigiteach,,,each
18960,Thosach,,,ach
18961,nOibrithe,,,ithe
18962,bharrachais,,,ais
18963,hidéalach,h,,ach
18964,choirpigh,,,igh
18965,céatadán,,,adán
18966,somraí,,so,aí
18967,Infhostaitheacht,,,eacht
18968,babhtáil,,,áil
18969,n-eolaithe,n-,eo,aithe
18970,ndámhann,n,dá,ann
18971,armáilte,,,te
18972,údaróidh,,,óidh
18973,ngeall-ghlacadóireacht,n,,eacht
18974,Neartú,,,ú
18975,Rollta,,,ta
18976,mistéireach,,,each
18977,Léarscáileanna,,,eanna
18978,ndualgaisí,n,,í
18979,bhféadaim,bh,,aim
18980,Chonradh,,,radh
18981,thoimhdean,,,an
18982,g-suíochán,,,án
18983,Aistriú,,,iú
18984,litriúil,,,úil
18985,hiar-oifigigh,h,iar,igh
18986,1860idí,,,í
18987,bhreithnítear,,,ítear
18988,Cláraitheoir,,,eoir
18989,drochshláinte,,droch,te
18990,Mórimeachtaí,,,taí
18991,Roimh-íocfidh,,,fidh
18992,Agallamh,,,amh
18993,troscadh,,,adh
18994,hUiginn,h,,inn
18995,coisteoirí,,,í
18996,mileata,,,ta
18997,príomhchomhlachtaí,,príomh,taí
18998,nascáil,,,áil
18999,tréimshe,,tré,e
19000,reiligiúnach,,,ach
19001,d'eitiltí,d',,tí
19002,dréacht-Treoir,,,eoir
19003,ciceáil,,,áil
19004,paisneura,,,ra
19005,phraghsáil,,,áil
19006,bainisteoireachta,,bain,ta
19007,bunphlátaí,,bun,taí
19008,an-meallann,,an,lann
19009,hinfheistíochta,h,in,ta
19010,ghlansuim,,,im
19011,d'iarscríbhinn,d',iar,inn
19012,coiriúlachta,,,ta
19013,neacht,,,eacht
19014,Guaiseach,,,each
19015,réamhshocrú,,réamh,ú
19016,Déantóra,,,ra
19017,ollardú,,oll,ú
19018,Clóis,,,óis
19019,Bunaithe,,,aithe
19020,Rotala,,,a
19021,Ailtireacht,,,eacht
19022,bheannaigh,,,aigh
19023,earcaíodh,,,íodh
19024,Lárphointe,,,te
19025,Traenach,,,ach
19026,acrainmneacha,,acrai,eacha
19027,Frankerrike,,,e
19028,Liocras,,,as
19029,bhunófar,,,ófar
19030,consighneachtaí,,,taí
19031,tairgeacht,t,,eacht
19032,nua-thuairisciú,,nua,iú
19033,mhianracha,,,acha
19034,Príomhbheartais,,,ais
19035,comhfhreagróidh,,comh,óidh
19036,ndearaí,n,dea,aí
19037,sealbhaíochta,,,ta
19038,feananna,,,anna
19039,dhúnmharú,,,ú
19040,inchomhlíonta,,in,ta
19041,sheasann,,,ann
19042,geallaim,,,aim
19043,hóga,h,,ga
19044,mheasúnú,,,ú
19045,Chisteáin,,,in
19046,cábán,,,án
19047,mhalartán,,,án
19048,Búdachas,,,achas
19049,shásaítear,,,ítear
19050,míostraithe,,mí,aithe
19051,Reachtairí,,,í
19052,chontaebhuirge,,,e
19053,cigireacht,,,eacht
19054,Heinke,,,e
19055,athcheannach,,ath,ach
19056,Dúiche,,,e
19057,Fheidhmiúcháin,,,in
19058,tríthaobhach,,trí,ach
19059,An-sásta,,,ta
19060,gasta,,,ta
19061,prionsa,,,sa
19062,comhfhad,,comh,ad
19063,ró-íoctha,,ró,tha
19064,urrúis,,ur,is
19065,hiníoctha,h,in,tha
19066,measfadh,,,fadh
19067,intrádála,,in,a
19068,chó-choiste,,,te
19069,shaoirsí,,,í
19070,Ilmheán,,,eán
19071,Trúpaí,,,aí
19072,triantánach,,,ach
19073,hailíniú,h,,iú
19074,Deimhnithe,,,ithe
19075,amhrán,,am,án
19076,feadánacha,,,acha
19077,anemóin,,an,in
19078,Gearrtha,,,tha
19079,tráthúlachta,,,ta
19080,ar-ualach,,,ach
19081,gnóthú,,,ú
19082,mion-díoltóir,,mion,tóir
19083,Speisialaithe,,,aithe
19084,neamhchoitianta,,neamh,ta
19085,tarmligin,t,tar,gin
19086,Mileata,,,ta
19087,cánacha,,,acha
19088,Céatadán,,,adán
19089,maidineacha,,,eacha
19090,Giuseppe,,,e
19091,Páirceanna,,,eanna
19092,tionnscanta,t,,ta
19093,thraenáilte,,,te
19094,ildisciplínigh,,il,igh
19095,Suirbhéir,,,éir
19096,Píosaí,,,aí
19097,Leathanaigh,,,aigh
19098,d'iarraidh,d',iar,aidh
19099,Gréasán,,,án
19100,ndátaí,n,dá,taí
19101,fiúntach,,,ach
19102,nglacadh,n,,adh
19103,Fuíolluisce,,,e
19104,shlánóidh,,,óidh
19105,oinniúin,,,in
19106,rialaitheach,,,each
19107,Scriosfaidh,,,faidh
19108,aontuigh,,aon,igh
19109,aistreofar,,ais,far
19110,ghalbhánuithe,,,ithe
19111,eTigara,,,ra
19112,Seanráite,,,te
19113,d'earraí,d',,aí
19114,Órga,,,ga
19115,Chuideachtan,,,an
19116,roinnfeadh,,ro,eadh
19117,Síbhialta,,,ta
19118,athscrúdú,,ath,ú
19119,d'eadránaí,d',,aí
19120,Seirbhíse,,,se
19121,shástachta,,,ta
19122,theangmhuigh,,,igh
19123,frith-frithsheasmhach,,frith,ach
19124,mheasaimid,,,aimid
19125,aicmí,,,í
19126,bhfeicfar,bh,,far
19127,Dealraíonn,,,aíonn
19128,chinntear,,,ear
19129,ócáide,,,e
19130,Caithfear,,,fear
19131,bpointí,b,,tí
19132,phríomhoifigeach,,,each
19133,ramhrú,,,ú
19134,réamhaisnéisí,,réamh,í
19135,ambeidh,,am,idh
19136,Choincréite,,,te
19137,comhbheartú,,comh,ú
19138,fhiafraí,,,aí
19139,réamhscolaíochta,,réamh,ta
19140,fhuinneamh,,,amh
19141,Gháinneáil,,,áil
19142,5-dáta,,,ta
19143,gránbhiorach,,,ach
19144,comhpháirteacha,,comh,eacha
19145,fadfhanachta,,fad,ta
19146,troscáin,,,in
19147,aerlíne,,aer,ne
19148,nationale,,,e
19149,Bronntóir,,,tóir
19150,Codlatacht,,,tacht
19151,ard-mhóilíneach,,ard,each
19152,t-oideachas,t-,,achas
19153,amhras,,am,as
19154,oidhreachtán,,,án
19155,aimíde,,,e
19156,cumhainge,,,e
19157,d'Institiúidí,d',,í
19158,spásárthach,,,ach
19159,bhfáil,bh,,áil
19160,dhruidimid,,,imid
19161,Ultaise,,,se
19162,bpósadh,b,,adh
19163,Post-Oifige,,,e
19164,ninstitiúidí,,,í
19165,liúntas,,,tas
19166,lárnacha,,lár,acha
19167,Inbhear,,,ear
19168,Kelo-Cote,,,te
19169,rátaithe,,,aithe
19170,gheografaigh,,,aigh
19171,meta,,,ta
19172,éinne,,,ne
19173,Aer-arthach,,,ach
19174,d'fhórsaí,d',,aí
19175,sighnithe,,,ithe
19176,Leictreachas,,,achas
19177,hintuigthe,h,in,the
19178,Grúpaí,,,aí
19179,muilleála,,,a
19180,Fuinneog,,,eog
19181,fhost-cheannaigh,,,aigh
19182,áiseanna,,,eanna
19183,incrimintithe,,in,ithe
19184,léarscáiliú,,,iú
19185,mionsáruithe,,mion,ithe
19186,turgnamhach,t,,ach
19187,cóiríocht,,,íocht
19188,breithmheas,,,eas
19189,bhféiniúlacht,bh,féin,acht
19190,chloiseann,,,eann
19191,t-airgeadra,t-,,ra
19192,Dead,,,ad
19193,sonraíochta,,so,ta
19194,dheartar,,,tar
19195,fóirithinte,,,te
19196,marsantas,,,tas
19197,fuinneoga,,,ga
19198,forbraíodh,,for,íodh
19199,ghnáthsheachtaine,,,ne
19200,dheisiú,,,iú
19201,uasleas,,uas,eas
19202,folláin,,fo,in
19203,aontaítear,,aon,ítear
19204,laige,,,e
19205,difrúla,,,a
19206,Aighnis,,,is
19207,ath-fhoghlaim,,ath,aim
19208,Beangáilis,,,is
19209,Tránna,,,na
19210,gabhaim,,,aim
19211,áitiúla,,,a
19212,Síntiúsairí,,Sín,í
19213,Fréamhshamhlú,,,ú
19214,mionnscríbhinní,,mion,í
19215,Meiriceánaigh,,,aigh
19216,leantacha,,,acha
19217,ghlantóir,,,tóir
19218,mhairtfheola,,,a
19219,fhionlainn,,,inn
19220,dheacra,,,ra
19221,tSlóivéin,t,,éin
19222,Lala,,,a
19223,cosantach,,,ach
19224,n-aslonnú,n-,as,ú
19225,bhreiseáin,,,in
19226,díchláróidh,,dí,óidh
19227,taistealaí,t,tais,aí
19228,Fhionnuisce,,,e
19229,chearnaigh,,,aigh
19230,sásamh,,,amh
19231,Punanna,,,anna
19232,bpróiseas,b,,eas
19233,Sciorta,,,ta
19234,dhéileálfaidh,,,faidh
19235,n-aimsithe,n-,,ithe
19236,Íoctha,,,tha
19237,mbáisteach,m,,each
19238,cheanntar,,,tar
19239,ghrúpáil,,,áil
19240,Cíosanna,,,anna
19241,Chuibhreannas,,,as
19242,phríntíseach,,,each
19243,League,,,e
19244,cheardchumainn,,,inn
19245,mí-threorach,,mí,ach
19246,risíochta,,,ta
19247,printíseach,,,each
19248,suíochán,,,án
19249,monaraíodh,,mona,íodh
19250,tarrtháilte,t,tar,te
19251,siadsan,,,san
19252,éireoidh,,,idh
19253,Sábháltachta,,,ta
19254,cursaí,,,aí
19255,shaoránaíocht,,,aíocht
19256,Gearán,,,án
19257,láithrí,,,í
19258,CulmhachtÃ3far,,,far
19259,Eora-Mheánmhara,,,ra
19260,theachtadh,,,adh
19261,Saga,,,ga
19262,loingsithe,,,ithe
19263,éigeandálaí,,,aí
19264,chomhthaobhú,,,ú
19265,Iasachtaí,,,taí
19266,mhaisiú,,,iú
19267,mblianta,m,,ta
19268,ashbainte,,as,te
19269,clóibh,,,ibh
19270,Chatalóin,,,in
19271,chruthnú,,,ú
19272,Peileadóirí,,,í
19273,reachtúil,,,túil
19274,hAbhann,h,,ann
19275,Fhorbairtí,,,tí
19276,thuigimid,,,imid
19277,h-oibreacha,h-,,eacha
19278,geasa,,,sa
19279,tuarasgabhála,t,,a
19280,sásta,,,ta
19281,tabhaíodh,t,,íodh
19282,teachín,t,,ín
19283,Gairmiúla,,,a
19284,chruthúnais,,,ais
19285,claonpháirteachas,,claon,achas
19286,aiseolais,,ais,ais
19287,lán-ráta,,,ta
19288,Domhan-leithead,,,ad
19289,earraigh,,,aigh
19290,bharántas,,,tas
19291,Oklahoma,,,a
19292,pochuvstvuyte,,,te
19293,hídrocarbóin,h,,in
19294,asete,,as,te
19295,dtoghadh,d,,adh
19296,ar-cheadúnas,,,únas
19297,Die,,,e
19298,Ard-Digiteach,,,each
19299,Berkova,,,a
19300,tionóladh,t,,adh
19301,ar-líne,,,ne
19302,Martina,,,na
19303,só-ghineacha,,,eacha
19304,claontacht,,claon,tacht
19305,contrárthacht,,,acht
19306,Léiritheoirí,,,í
19307,inphriontáilte,,in,te
19308,mharaí,,,aí
19309,imscrúduithe,,im,ithe
19310,drochaimsire,,droch,ire
19311,feamainn,,,inn
19312,ghlacfidh,,,fidh
19313,eagraíocht,,,aíocht
19314,Thosú,,,ú
19315,Veritas,,,tas
19316,fhearchéile,,,e
19317,scaoileann,,,eann
19318,Cóimheas,,,eas
19319,cleithiúnaí,,,aí
19320,Nithe,,,ithe
19321,d'iarnród,d',iar,ód
19322,Laghduithe,,,ithe
19323,Leapachas,,,achas
19324,sollúnta,,so,ta
19325,dheonú,,,ú
19326,deonta,,,ta
19327,an-ghreamú,,an,ú
19328,Tehran,,,an
19329,dronuilleogach,,,ach
19330,Shéan,,,an
19331,n-eitiltfidh,n-,,fidh
19332,ghnóthas,,,as
19333,oiriúnuithe,,oir,ithe
19334,ullamhú,,,ú
19335,Voice,,,e
19336,Chumhachta,,,ta
19337,goradán,,,adán
19338,normalaithe,,,aithe
19339,Fháltas,,,tas
19340,nGníomhartha,n,,tha
19341,Rente,,,te
19342,Deimhnigh,,,igh
19343,Slándáil,,,áil
19344,ourtha,,,tha
19345,Bhuiséadach,,,ach
19346,Bunúsach,,,ach
19347,Thiomna,,,na
19348,Ceiliúradh,,,radh
19349,ionpháirteacht,,ion,eacht
19350,foirgintí,,fo,tí
19351,móin,,,in
19352,adhlactha,,,tha
19353,bhochtaibh,,,aibh
19354,sciotaí,,,taí
19355,ceana,,,na
19356,Geallsealbhóirí,,,í
19357,phraiticiúlacht,,,acht
19358,fíneáil,,,áil
19359,tiomnach,t,,ach
19360,páirte,,páirt,te
19361,Bairillí,,,í
19362,cearrbhachais,,,ais
19363,Gaolta,,,ta
19364,tacaíochtaí,t,,taí
19365,an-an,,an,an
19366,fhréamh-chórais,,,ais
19367,stroighne,,,ne
19368,clúdach,,,ach
19369,n-éagmais,n-,éa,ais
19370,geataí,,,taí
19371,Ilearnála,,,a
19372,GIFanna,,,anna
19373,stóráladh,,,adh
19374,comhshuim,,comh,im
19375,n-óige,n-,,e
19376,tantalaim,t,,aim
19377,white-uisce,,,e
19378,Wielkopolska,,,a
19379,Piolóirí,,,í
19380,cáblaí,,,aí
19381,leathnaithe,,leath,aithe
19382,réamhghníomhaíochtaí,,réamh,taí
19383,Mhí,,,í
19384,fheirmeora,,,ra
19385,coigistíocha,,,a
19386,shocrú-rss-beatha,,,tha
19387,tsocruithe,t,,ithe
19388,fheidhmigh,,,igh
19389,furasta,,,ta
19390,Gruaige,,,e
19391,chomhinfheistíochta,,,ta
19392,cuirfí,,,fí
19393,Lundain,,,in
19394,dochtdíbhinní,,do,í
19395,Indíotáilte,,,te
19396,uasráta,,uas,ta
19397,Coinbhinte,,,te
19398,cólíonfa,,,a
19399,Léasú,,,ú
19400,fhrithchaiteacha,,,eacha
19401,aontathach,,aon,ach
19402,scoláireachtaí,,,taí
19403,Chabhródh,,,ódh
19404,Pandora,,,ra
19405,creidiúnúchán,,,án
19406,bearta,,,ta
19407,ríomhfaidh,,ríomh,faidh
19408,Faireachán,,,achán
19409,seirbhísithe,,,ithe
19410,chasmhóiminte,,,te
19411,shraothrófar,,,ófar
19412,seachadfar,,,far
19413,Eucomis,,,is
19414,Naipcne,,,ne
19415,ceaduithe,,,ithe
19416,dhividenda,,,da
19417,nIarnróid,,,óid
19418,Logáil,,,áil
19419,huainiú,h,,iú
19420,togh-límistéir,t,,éir
19421,Fhorais,,,ais
19422,Diva,,,a
19423,Phaindéimeach,,,each
19424,Linne,,,ne
19425,reiptíleanna,,,eanna
19426,dtíolactha,d,,tha
19427,riteoga,,,ga
19428,Amuigh,,,igh
19429,Miondíoltóra,,,ra
19430,dabhcha,,,a
19431,ceimiceáin,,ceimi,in
19432,réamhbhraite,,réamh,te
19433,fhiosraithe,,,aithe
19434,Rinnce,,,e
19435,tsnáithe,t,,ithe
19436,mbogann,m,bog,ann
19437,filíocht,,,íocht
19438,cathaoirleacht,,,eacht
19439,Canakkale,,,e
19440,Glanláimhdeachas,,,achas
19441,Oinniúin,,,in
19442,bhainimid,,,imid
19443,chiúbaithe,,,aithe
19444,n-achtachán,n-,,achán
19445,neamh-incháilithe,,neamh,ithe
19446,heagrú,h,,ú
19447,Gnéfhiosruithe,,,ithe
19448,stiúrthóra,,,ra
19449,1a,,,a
19450,Oibríocht,,,íocht
19451,mhaolánacha,,,acha
19452,ndeintear,n,,ear
19453,theilifíseanna,,,eanna
19454,Eallach,,,ach
19455,sinsear,,sin,ear
19456,sciorta,,,ta
19457,Fograí,,,aí
19458,coibhéis,,,is
19459,eisiann,,eisi,ann
19460,mhara,,,ra
19461,An-simplí,,,í
19462,bhaile,,,e
19463,Gairneoireachta,,,ta
19464,thromchúisí,,,í
19465,ranníocach,,,ach
19466,Qiyuan,,,an
19467,d'Iniuchadh,d',,adh
19468,Méadaigh,,,aigh
19469,oibríodh,,,íodh
19470,16ú,,,ú
19471,Fhorlíontaigh,,,aigh
19472,mBileog,m,,eog
19473,gcoisceann,g,,eann
19474,Fhorghníomhú,,,ú
19475,Lee,,,e
19476,Munna,,,na
19477,bíoma,,,a
19478,ghaothú,,,ú
19479,D'imeacht,D',im,eacht
19480,chinnfeas,,,eas
19481,créachtaithe,,,aithe
19482,paitinní,,,í
19483,ionoidhreacht,,ion,eacht
19484,dícháilíochta,,dí,ta
19485,dhroichead,,,ad
19486,Sainmhíneoidh,,,idh
19487,gCláraitheoir,g,,eoir
19488,ullmhúchán,,,án
19489,athsheinnte,,ath,te
19490,Speisialtóirí,,,í
19491,Iarsmalanna,,,anna
19492,greannmhaire,,,aire
19493,príomhionad,,príomh,ad
19494,ndéanfí,n,dé,fí
19495,Iarmartacha,,,acha
19496,10-doimhneacht,,,eacht
19497,lómhara,,,ra
19498,bhflaitheas,bh,,eas
19499,Peirse,,,se
19500,tuirbíní,t,,í
19501,úrrúsúcháin,,,in
19502,ghráinní,,,í
19503,gheobhadh,,,adh
19504,ceadúnas,,,únas
19505,chuardaigh,,,aigh
19506,bhfuighfí,bh,,fí
19507,fhíricí,,,í
19508,trádáil,,,áil
19509,Bunaidh,,,aidh
19510,foráltar,,for,tar
19511,Éagsúlú,,,ú
19512,Chustaim,,,aim
19513,cógaiseora,,,ra
19514,hIaráine,h,,ne
19515,Plúr,,,úr
19516,ngoillfidh,n,,fidh
19517,Chrócaigh,,,aigh
19518,an-drámata,,an,ta
19519,n-uaire,n-,,aire
19520,cleachtaithe,,,aithe
19521,nAirmhitear,,,ear
19522,Náisiúntachta,,,ta
19523,brabhsálaithe,,,aithe
19524,Trodaí,,,aí
19525,miotas,,,tas
19526,léann,,,ann
19527,teangeolaíocht,t,,aíocht
19528,phátrúntacht,,,tacht
19529,n-ghrúpa,n-,,a
19530,sólaistí,,,tí
19531,Feidhmeannaigh,,,aigh
19532,chonspóid,,,óid
19533,leitheadaí,,,aí
19534,Dhliteanas,,,as
19535,infhostaitheacht,,in,eacht
19536,réitítear,,ré,ítear
19537,mbuiséad,m,,éad
19538,caomhnaíodh,,,íodh
19539,Tuarasgabháil,,,áil
19540,Fhrancach,,,ach
19541,so-chorraithe,,so,aithe
19542,théarmaí,,,aí
19543,earnála,,,a
19544,tseolaí,t,,aí
19545,fíorálainn,,fíor,inn
19546,Déanaimid,,,aimid
19547,n-iniúchfaidh,n-,in,faidh
19548,ceiste,,,te
19549,mhaignéisiam,,,iam
19550,Sholúbtha,,,tha
19551,díthíodh,,dí,íodh
19552,laofacht,,,acht
19553,seana-sheirbhísigh,,sean,igh
19554,imeallach,,im,ach
19555,eisfhoinsiú,,,iú
19556,bialann,,bi,lann
19557,fógraíodh,,,íodh
19558,neamh-truaillithe,,neamh,ithe
19559,d'fhórsa,d',,sa
19560,Cheana,,,na
19561,chuireann,,,eann
19562,Chaitlicigh,,,igh
19563,himtheorannaithe,h,im,aithe
19564,n-iontaobhas,n-,ion,as
19565,foghlamtha,,fo,tha
19566,cláirithe,,,ithe
19567,forma,,for,a
19568,Dhíomhaointis,,,is
19569,bière,,bi,e
19570,leithead,,,ad
19571,ghnáthmhairnéalach,,,ach
19572,ráthú,,,ú
19573,t-eisiúnaí,t-,eisi,aí
19574,athnuadh,,ath,adh
19575,bPinsean,b,,sean
19576,nAmórach,,,ach
19577,aistrithe,,ais,ithe
19578,Aisbhainte,,,te
19579,reáchtálann,,,lann
19580,vótálaí,,,aí
19581,céannachta,,,ta
19582,Traidisiúnta,,,ta
19583,fhorbairtí,,,tí
19584,bhuí,,,í
19585,sheiceanna,,,eanna
19586,sroicheann,,,eann
19587,ÍomháLeathan,,,an
19588,thogh-roinn,,,inn
19589,hamharclainne,h,am,ne
19590,pizza,,,a
19591,heachtraí,h,,traí
19592,réalaíocha,,réa,a
19593,sceitimíní,,,í
19594,feidhmeacha,,,eacha
19595,hImpireachta,h,,ta
19596,príomhphearsana,,príomh,na
19597,bainistíochta,,bain,ta
19598,Séasúrach,,,ach
19599,Áiméan,,,an
19600,Trasfhoirmeora,,,ra
19601,nglaoiteoir,n,,eoir
19602,cuntais,,,ais
19603,Líonta,,,ta
19604,Crescent-Iarnróid,,,óid
19605,fisiciceimiceacha,,fisici,eacha
19606,sharukhan,,,an
19607,chomhar-chumainn,,,inn
19608,fothionónta,,fo,ta
19609,Léirscriosta,,,ta
19610,meán-ionchas,,meán,as
19611,sádráil,,,áil
19612,nOifigigh,,,igh
19613,valiokunta,,,ta
19614,foriomláine,,for,ne
19615,ríomhshínithe,,ríomh,ithe
19616,athchruthú,,ath,ú
19617,Chuntasóra,,,ra
19618,Ardú,,,ú
19619,cheadanna,,,anna
19620,tSeineafóibe,t,,e
19621,bharrcháin,,,in
19622,ailínithe,,,ithe
19623,nuabhunaithe,,nua,aithe
19624,faisnéisithe,,,ithe
19625,luachála,,,a
19626,shaineathantais,,,ais
19627,Fireann,,,eann
19628,taispeáintí,t,tais,tí
19629,ghiorracht,,,acht
19630,chionn,,,nn
19631,cóngaraí,,,aí
19632,cheann,,,eann
19633,gairmí,,,í
19634,puiblí,,,í
19635,síor-chomharbas,,síor,as
19636,Cáipéis,,,is
19637,ngnáthnós,n,gnáth,ós
19638,Cigireacht,,,eacht
19639,comhdhlúthán,,comh,án
19640,Cartúin,,,in
19641,hIarnród,h,,ód
19642,uathoibrí,,uath,í
19643,spraoiúil,,,úil
19644,fiontar,,,tar
19645,dhorchaigh,,,aigh
19646,somplaí,,so,aí
19647,Aitiúla,,,a
19648,Neartaíonn,,,aíonn
19649,Chomhaltacht,,,tacht
19650,fillfidh,,,fidh
19651,fonsa,,fo,sa
19652,Mhaithe,,,aithe
19653,scuadrúin,,,in
19654,Admháil,,,áil
19655,Abyssinia,,,ia
19656,airí,,,í
19657,dtacaíochtaí,d,,taí
19658,píolóid,,,óid
19659,ghearánach,,,ach
19660,philinéirí,,,í
19661,iarainn,,iar,inn
19662,seanadóir,,sean,adóir
19663,feidhmiú,,,iú
19664,himpleachtaí,h,im,taí
19665,brionnaithe,,,aithe
19666,frithsheasamh,,frith,amh
19667,n-inimirceach,n-,in,each
19668,glacfaidh,,,faidh
19669,rás-chruinnithe,,,ithe
19670,AmdiPharma,,,a
19671,huaillmhianta,h,,ta
19672,inéilithe,,in,ithe
19673,athshlánaithe,,ath,aithe
19674,Suibscríobhanna,,,anna
19675,clamh,,,amh
19676,bhothóg,,,óg
19677,insteallta,,in,ta
19678,Diaibéiteas,,,eas
19679,cóimheasa,,,sa
19680,Cuntasóir,,,óir
19681,céadluaite,,céad,te
19682,gnáth-áit,,gnáth,áit
19683,Tuinnín,,,ín
19684,suiteáil,,,áil
19685,únaerí,,,í
19686,réamh-riaráiste,,réamh,te
19687,hintinneach,h,in,each
19688,t-allúntas,t-,,tas
19689,curanna,,,anna
19690,filíochta,,,ta
19691,gceannáras,g,ceann,as
19692,Dhúnadh,,,adh
19693,Gearrthacha,,,acha
19694,Íoslaghdú,,,ú
19695,Ollluach,,,ach
19696,Lichtinstéin,,,éin
19697,difríochtaí,,,taí
19698,brabúsacht,,,acht
19699,Éifeachtacht,,,tacht
19700,Fhaireachán,,,achán
19701,mheargánta,,,ta
19702,ruidbhealaí,,,aí
19703,neachoimisiúnta,,,ta
19704,chomhaimsire,,,ire
19705,fógraí,,,aí
19706,ndílseacht,n,dí,eacht
19707,forghníomhúcháin,,for,in
19708,chumais,,,ais
19709,neamhroinnte,,neamh,te
19710,comhghleacaithe,,comh,aithe
19711,héifeachtúil,h,,túil
19712,eagrúchán,,,án
19713,saorsheilbhe,,,e
19714,Cúige,,,e
19715,cheanglóidh,,,óidh
19716,corrlaigh,,corr,aigh
19717,airbheartóidh,,,óidh
19718,Rudaí,,,aí
19719,d'ordachán,d',,achán
19720,háiríodh,h,,íodh
19721,dtacaítear,d,,ítear
19722,Fhorbhreathnaithe,,,aithe
19723,Lámhaigh,,,aigh
19724,iniomparthacht,,in,acht
19725,natuismitheoirí,,,í
19726,dtaispeánfar,d,tais,far
19727,Úsáidfimid,,,fimid
19728,cúirte,,,te
19729,Slachtmhaire,,,aire
19730,Gabhann,,,ann
19731,Share,,,e
19732,d'fhíorais,d',,ais
19733,eastáit,,eas,áit
19734,fighte,,,te
19735,Polúireatán,,,án
19736,eitneach,,,each
19737,leachtachta,,,ta
19738,bhailímid,,,ímid
19739,chloíonn,,,íonn
19740,ró-scaoilte,,ró,te
19741,fhorghníomhaithe,,,aithe
19742,baoithe,,,ithe
19743,Tarlaíonn,,,aíonn
19744,Ceoláras,,,as
19745,Cleithiúnaí,,,aí
19746,Soiléirítear,,,ítear
19747,tionóisceach,t,,each
19748,fheadfaí,,,aí
19749,Gearrliosta,,,ta
19750,sreafraí,,,aí
19751,ndealraítear,n,dea,ítear
19752,dutasteride,,,e
19753,chobhsaíochta,,,ta
19754,riarasú,,,ú
19755,mhaoirseachta,,,ta
19756,Foilsíodh,,,íodh
19757,Freagraíonn,,,aíonn
19758,slándáil,,,áil
19759,fionnuisce,,,e
19760,sofaisticiúil,,so,úil
19761,Meánmhuirí,,,í
19762,thimpeallaíonn,,,aíonn
19763,atharú,,ath,ú
19764,dheirmitíteas,,,íteas
19765,mhionsonraí,,,aí
19766,d'Iarscríbhinn,d',,inn
19767,shaothraithe,,,aithe
19768,seoltáin,,,in
19769,neamh-inniúil,,neamh,úil
19770,reitine,,,ne
19771,mbeifear,m,,fear
19772,pacáladh,,,adh
19773,mhion-aoise,,,se
19774,Ardcheannasíocht,,,íocht
19775,Línte,,,te
19776,dhoirse,,,se
19777,ngabhálas,n,,as
19778,dhéanaí,,,aí
19779,d'iascairí,d',,í
19780,Míbhuntáiste,,,te
19781,cuibhrithe,,,ithe
19782,Samhna,,,na
19783,príomhfhiontar,,príomh,tar
19784,Crúdóireachta,,,ta
19785,Breathnaítear,,,ítear
19786,forordaithe,,for,aithe
19787,Miontuairiscí,,,í
19788,hócáidí,h,,í
19789,duine-le-duine,,,ne
19790,ionróirí,,ion,í
19791,podchraoladh,,,adh
19792,Díreacha,,,eacha
19793,thréigean,,,an
19794,Measúnuithe,,,ithe
19795,neamhcheadúnaithe,,neamh,aithe
19796,gnáthcheadúnas,,gnáth,únas
19797,mamach,,,ach
19798,ath-béim,,ath,im
19799,Nortjärnsgårdarna,,,na
19800,dhaonchairdiúil,,,úil
19801,phróis,,,óis
19802,Liostóidh,,,óidh
19803,cothúcháin,,,in
19804,stua-chrutha,,,tha
19805,Diulte,,,te
19806,chosantóir,,,tóir
19807,Idirinstitiúideacha,,,eacha
19808,nacmhainní,,,í
19809,fhundúireachta,,,ta
19810,dochtúra,,do,ra
19811,molaim,,,aim
19812,chumhráin,,,in
19813,lánaimsireach,,,each
19814,eagarthóir-i-príomhfheidhmeannach,,,ach
19815,viva,,,a
19816,Idirchathrach,,,ach
19817,AJohnsPutra,,,ra
19818,mbíthin,m,,in
19819,connartha,,,tha
19820,sealbhán,,,án
19821,eatramhach,,,ach
19822,láin,,,in
19823,Fearacht,,,acht
19824,Cartlainne,,,ne
19825,comhairce,,comh,e
19826,neamh-ní,,neamh,í
19827,ghearán,,,án
19828,Bhainfeadh,,,eadh
19829,n-Ponte,,,te
19830,x-ghathanna,,,anna
19831,móideacha,,,eacha
19832,méadrach-simplí,,,í
19833,cheangailín,,,ín
19834,dhaltaí,,,taí
19835,coigiltis,,,is
19836,Chustaiméirí,,,í
19837,bhfórsaí,bh,,aí
19838,Baisteach,,,each
19839,cíle,,,e
19840,Dlíthiúlacht,,,acht
19841,thránna,,,na
19842,Ceolfhoireann,,,eann
19843,choisreacan,,,an
19844,príomhtháscairí,,príomh,í
19845,mBeireatas,m,,tas
19846,ut278a,,,a
19847,athchlárú,,ath,ú
19848,Nystatin,,,in
19849,Scothaosta,,,ta
19850,thacaíochta,,,ta
19851,chúis,,,is
19852,iomadúlaithe,,,aithe
19853,Chodanna,,,anna
19854,fíor-réabhlódaí,,fíor,aí
19855,dtáirgeadh,d,,eadh
19856,Éireannacha,,,acha
19857,deilbhín,,,ín
19858,stiúrfaimid,,,aimid
19859,cruthaíonn,,,aíonn
19860,Leiterin,,,in
19861,geallchoimeádaithe,,,aithe
19862,t-imtheorannú,t-,im,ú
19863,chumhachta,,,ta
19864,réamhchomhairliúcháin,,réamh,in
19865,ndírítear,n,dí,ítear
19866,BOOanna,,,anna
19867,Có-ordúcháin,,,in
19868,bhFine,bh,,ne
19869,Grafaicí,,,í
19870,gcustaiméir,g,,méir
19871,d'aistriúchán,d',ais,án
19872,buaircíneach,,,each
19873,hAthrú,h,,ú
19874,rathúlacht,,,acht
19875,n-áiteanna,n-,,eanna
19876,chufa,,,a
19877,hiarnróid,h,iar,óid
19878,gcuideoidh,g,,idh
19879,Truailleán,,,eán
19880,bhlianacht,,,acht
19881,idirghabháil,,idir,áil
19882,leithéidí,,,í
19883,Gníomhaireachta,,,ta
19884,Méadaíonn,,,aíonn
19885,rímeanna,,,eanna
19886,hEagraíochta,h,,ta
19887,bunaíocht,,bun,aíocht
19888,tugaimid,t,,aimid
19889,teochta,t,teo,ta
19890,gcomhnaí,g,comh,aí
19891,oibreachais,,,ais
19892,ghobharnóirí,,,í
19893,Atweetáilte,,,te
19894,leapa,,,a
19895,ritheadh,,,eadh
19896,Táirgeacht,,,eacht
19897,fuirinne,,,ne
19898,imtheorannú,,im,ú
19899,chlúdacháin,,,in
19900,dhlighfidh,,,fidh
19901,chumadóireachta,,,ta
19902,ghlacadóra,,,ra
19903,Leagfar,,,far
19904,roghnaim,,ro,aim
19905,pasteuráil,,,áil
19906,aise,,ais,se
19907,taisealbhaí,t,tais,aí
19908,Snaois,,,is
19909,Céile,,,e
19910,lomhálfaidh,,,faidh
19911,éigeantaigh,,,aigh
19912,Liathróidí,,,í
19913,t-arán,t-,,án
19914,Brasília,,,ia
19915,formhuiníodh,,for,íodh
19916,Vejiga,,,ga
19917,Aithin,,,in
19918,thoghtar,,,tar
19919,seadáinicídí,,,í
19920,Banaltrais,,,ais
19921,chlaochlú,,,ú
19922,uafáis,,,áis
19923,seánraí,,,aí
19924,maíonn,,,aíonn
19925,rioscáin,,,in
19926,dhíobháluithe,,,ithe
19927,Rúnaithe,,,aithe
19928,ceadaithe,,,aithe
19929,hoibre,h,,e
19930,d'eiteach,d',,each
19931,Mionnscríbhinn,,,inn
19932,dearbhuím,,dearbh,ím
19933,dréacht-tuairimí,,,í
19934,paiteolaí,,,aí
19935,gcoibhneas,g,,eas
19936,thailte,,,te
19937,imscrúdófar,,im,ófar
19938,aimsíonn,,,íonn
19939,deolchaire,,,aire
19940,mionnscríbhinne,,mion,ne
19941,Difostaiochta,,,ta
19942,tíolacfaidh,t,,faidh
19943,cionn,,,nn
19944,dearfacha,,dea,acha
19945,comhthimpeallach,,comh,ach
19946,Lenalidomide,,,e
19947,consighneacht,,,eacht
19948,cuibhe-cháilithe,,,ithe
19949,pionósacha,,,acha
19950,pháirtnéir,,,éir
19951,gcumhacht,g,,acht
19952,trócaireach,,,each
19953,nea-meabhrach,,,ach
19954,Micribhitheolaíocht,,,aíocht
19955,Mhórbhealaigh,,,aigh
19956,dhúnta,,,ta
19957,Chairéireachta,,,ta
19958,t-athshainiú,t-,ath,iú
19959,Kerstin,,,in
19960,Pharthais,,,ais
19961,neamhchoinneálach,,neamh,ach
19962,bunadh,,bun,adh
19963,sleachta,,,ta
19964,chainníochtaí,,,taí
19965,breithmheasa,,,sa
19966,príomhghníomhaire,,príomh,aire
19967,tharracóirí,,,í
19968,seilfeanna,,,eanna
19969,dealbhais,,dea,ais
19970,bpríomhoifigigh,b,príomh,igh
19971,ullmhacht,,,acht
19972,daonnachtaí,,daon,taí
19973,idirmhalartaithe,,idir,aithe
19974,ghuaiseanna,,,eanna
19975,gceannach,g,ceann,ach
19976,Cinntí,,,tí
19977,Ullmhaíonn,,,aíonn
19978,bheimis,,,imis
19979,seiceáilte,,,te
19980,creimthe,,,the
19981,sainghníomhaireacht,,sain,eacht
19982,Thurasóireacht,,,eacht
19983,sliotán,,,án
19984,Brava,,,a
19985,féin-tacaíochta,,féin,ta
19986,Luaschártaí,,,taí
19987,fhíor-nuálach,,,ach
19988,mínithe,,mín,ithe
19989,an-tanaí,,an,aí
19990,caithte,,,te
19991,Státrúnaí,,,aí
19992,Oilimpeacha,,,eacha
19993,inlíne,,in,ne
19994,choireachta,,,ta
19995,Ceisteanna,,,eanna
19996,fágáil,,,áil
19997,dhíolaíochtaí,,,taí
19998,Loingseoireachta,,,ta
19999,fad-téarma,,fad,a
20000,ardoideachas,,ard,achas
20001,Ionnarbtha,,,tha
20002,Brí,,,í
20003,gciontóir,g,,tóir
20004,hiontráladh,h,ion,adh
20005,aithrí,,aith,í
20006,taistealaithe,t,tais,aithe
20007,ionadathach,,ion,ach
20008,Scoilbhliana,,,na
20009,gcó-aontóidh,g,,óidh
20010,mbealaí,m,,aí
20011,mionaoisigh,,mion,igh
20012,polaiméirí,,pola,í
20013,Spáinnise,,,se
20014,ath-ghéarú,,ath,ú
20015,Ilmheáin,,,in
20016,ngearradh,n,gearr,radh
20017,saoráideach,,,each
20018,tomhais,t,,ais
20019,Márta-Aibreán,,,eán
20020,huastáillí,h,uas,í
20021,tÉicilipéad,t,,éad
20022,solúbthachta,,so,ta
20023,fheithiclí,,,í
20024,luighe,,,e
20025,fo-bheartáin,,fo,in
20026,taispeántóir,t,tais,tóir
20027,ioncaim,,ion,aim
20028,bheacht,,,eacht
20029,Frith-Éillithe,,,ithe
20030,mbunscoileanna,m,bun,eanna
20031,micreaiméire,,,ire
20032,sneaiceanna,,,eanna
20033,bhfeiceann,bh,,eann
20034,comhairle,,comh,e
20035,Roinn,,,inn
20036,leas-Seaimpíní,,leas,í
20037,héiceachórais,h,éicea,ais
20038,Ealaíontóirí,,,í
20039,cartlainne,,,ne
20040,Sínítear,,Sín,ítear
20041,Ramadan,,,an
20042,Shaoranaigh,,,aigh
20043,inacmhainneacht,,in,eacht
20044,n-éistear,n-,,ear
20045,dea-lit,,dea,lit
20046,chleithíúnach,,,ach
20047,seanchrainn,,sean,inn
20048,suidhe,,,uidhe
20049,pailme,,,e
20050,Créachta,,,ta
20051,daite,,,te
20052,Críocha,,,a
20053,tréithriúil,,tré,úil
20054,dío-nádúrtha,,dí,tha
20055,Naisiunta,,,ta
20056,gcláraitheoir,g,,eoir
20057,Fealsúnacht,,,acht
20058,feisteáin,,,in
20059,Laghdóidh,,,óidh
20060,ráithiúla,,,a
20061,chomhchiallacha,,,acha
20062,carcanaigine,,carcana,ne
20063,brabúsmhar,,,mhar
20064,earbthach,,,ach
20065,hAire,h,,ire
20066,spléachadh,,,adh
20067,Comhoiriúnacht,,,acht
20068,ndabhach,n,,ach
20069,tobainne,t,,ne
20070,Díríonn,,,íonn
20071,Oifigiúla,,,a
20072,ghaoithe,,,ithe
20073,cothromach,,,ach
20074,Creidiúnú,,,ú
20075,trialach,,,ach
20076,aontaím,,aon,aím
20077,chruas,,,as
20078,Ciontaí,,,taí
20079,clainne,,,ne
20080,Maolú,,,ú
20081,Oilimpiad,,,ad
20082,sean-saighdiúirí,,sean,í
20083,tsocraithe,t,,aithe
20084,Ionduchtú,,,ú
20085,mhéaduithe,,,ithe
20086,frith-easbhrúite,,frith,te
20087,Droch-Bhearta,,,ta
20088,hIdir-inoibritheacht,h,,eacht
20089,chonsighniú,,,iú
20090,iar-Iúgslavach,,iar,ach
20091,Nialas,,,as
20092,cuimhnigh,,,igh
20093,éillitheacht,,,eacht
20094,bhithchunasaitheach,,,each
20095,bhainistiú,,,iú
20096,comhbhrúiteoir,,comh,eoir
20097,Sheiceáil,,,áil
20098,gCeatharlach,g,,ach
20099,Meilimín,,,ín
20100,Ildeontais,,,ais
20101,kolonne,,,ne
20102,Meascthóir,,,thóir
20103,bhfreagrachtaí,bh,,taí
20104,Damáiste,,,te
20105,seicní,,,í
20106,comhúdarásach,,comh,ach
20107,pokleva,,,a
20108,Aisghaireann,,,eann
20109,tithíochta,t,,ta
20110,d'fhínnithe,d',,ithe
20111,síobhais,,,ais
20112,n-áirítear,n-,,ítear
20113,príobháidí,,,í
20114,franncaigh,,,aigh
20115,n-úsáidthe,n-,,the
20116,scrúdóir,,,dóir
20117,Kārlis,,,is
20118,rinsú,,,ú
20119,ngátar,n,,tar
20120,Ancara,,,ra
20121,háireamhachta,h,,ta
20122,n-oiliúnaithe,n-,,aithe
20123,Prada,,,da
20124,Luiche,,,e
20125,Airmheánaí,,,aí
20126,sealbhach,,,ach
20127,cáilitheach,,,each
20128,Ceannasaí,,,aí
20129,meán-ráta,,meán,ta
20130,bhféadfaidh,bh,,faidh
20131,robáil,,ro,áil
20132,úrscothach,,,ach
20133,lán-Ghaeilge,,,e
20134,Maraíodh,,,íodh
20135,bealaí,,,aí
20136,eisíocaíocht,,,aíocht
20137,deannaigh,,dea,aigh
20138,Glanadh,,,adh
20139,treochta,,,ta
20140,inchloiste,,in,te
20141,struis,,,is
20142,Léigí,,,igí
20143,cheaptar,,,tar
20144,Luathóige,,,e
20145,ard-chaighdeán,,ard,eán
20146,Réigiúin,,,in
20147,pheitriliam,,,iam
20148,tuairteoirí,t,,í
20149,Capsúil,,,úil
20150,bróga,,,ga
20151,neamhrialtachtaí,,neamh,taí
20152,fánaíochta,,,ta
20153,Chomaoineach,,,each
20154,ghlacaimid,,,aimid
20155,Koran,,,an
20156,chomhchuibhithe,,,ithe
20157,mhaoirseoirí,,,í
20158,aistreoidh,,ais,idh
20159,Pholaitiúil,,,úil
20160,Sínis,,Sín,is
20161,sprioc-chuideachta,,sprioc,ta
20162,easportálfar,,eas,far
20163,nIasachtaí,,,taí
20164,límistéir,,,éir
20165,Tráthanna,,,anna
20166,d'aerárthaí,d',aer,aí
20167,Údarófar,,,ófar
20168,coinbhleachtaí,,,taí
20169,fada-téarma,,fad,a
20170,béile,,,e
20171,an-óg,,an,óg
20172,8ú,,,ú
20173,Teimhneachta,,,ta
20174,cúiseach,,,each
20175,clóscríbhinní,,,í
20176,d'áititheoir,d',,eoir
20177,eipidéimeolaíochta,,eipi,ta
20178,nArm-Phinsean,,,sean
20179,Bhardas,,,as
20180,12adh,,,adh
20181,dhamáistiú,,,iú
20182,chláraitheoir,,,eoir
20183,trucanna,,,anna
20184,coiptheoirí,,,í
20185,Tagairtí,,,tí
20186,naisghairtear,,,ear
20187,buneolas,,bun,as
20188,gcomaitéirí,g,,í
20189,mion-a,,mion,a
20190,iostáin,,,in
20191,ndéanfaidh,n,dé,faidh
20192,códúchán,,,án
20193,Aonán,,,án
20194,hoifige,h,,e
20195,Ioslamach,,,ach
20196,inbhéartú,,in,ú
20197,thréithriú,,,iú
20198,Ardrúnaithe,,,aithe
20199,Gaillimhe,,,e
20200,nuálaíocha,,,a
20201,ríomhdheimhnithe,,ríomh,ithe
20202,gnáthionadaíocht,,gnáth,aíocht
20203,ndaingnítear,n,,ítear
20204,maolaitheacha,,,eacha
20205,dtreoracha,d,,acha
20206,Deartha,,,tha
20207,Laithreán,,,eán
20208,Uimhreoidh,,,idh
20209,Astaxantin,,,in
20210,shoithí,,,í
20211,uiscedhíonach,,,ach
20212,Neamhranníocacha,,,acha
20213,shuidhte,,,te
20214,Gearrthóirí,,,í
20215,phróifiolacsas,,,as
20216,dáta,,dá,ta
20217,Franncach,,,ach
20218,muilteoirí,,,í
20219,sean-ainme,,sean,e
20220,éagsúlú,,éa,ú
20221,Ceanntar,,,tar
20222,Panoramas,,,as
20223,Aitheanta,,,ta
20224,Teileascópacha,,,acha
20225,téitheoir,t,,eoir
20226,Suas,,,as
20227,éigean,,,an
20228,Ballad,,,ad
20229,dtoghfaí,d,,aí
20230,Eurasia,,,ia
20231,Dlísheomra,,,ra
20232,briathra,,,ra
20233,dramhlann,,,lann
20234,nImeachtaí,,,taí
20235,sconna,,,na
20236,bunsonraí,,bun,aí
20237,bailidhe,,,idhe
20238,radio-theileagrafaíochta,,,ta
20239,húdaí,h,,aí
20240,hiascach,h,,ach
20241,ofráil,,,áil
20242,Gcomradaithe,,,aithe
20243,comhlacht,,comh,acht
20244,dheonta,,,ta
20245,órdóidh,,,óidh
20246,tosach,t,,ach
20247,réadthiomnaigh,,réa,aigh
20248,Kuala,,,a
20249,teannann,t,,ann
20250,suitear,,,ear
20251,Cheannaireacht,,,eacht
20252,iomlaoide,,,e
20253,Age,,,e
20254,Ghiúdaigh,,,aigh
20255,histeapaiteolaíocha,h,histea,a
20256,uathoibríocha,,uath,a
20257,drúise,,,se
20258,tharmligthe,,,the
20259,armchúirteanna,,,eanna
20260,áiríodh,,,íodh
20261,neadaithe,,,aithe
20262,ceadófar,,,ófar
20263,MNCanna,,,anna
20264,Aonach,,,ach
20265,hormónacha,h,,acha
20266,Ghearmáin,,,in
20267,shaineolaithe,,,aithe
20268,neamh-shaincheaptha,,neamh,tha
20269,taraifchuóta,t,tar,ta
20270,cruatan,,,an
20271,aithreacha,,aith,eacha
20272,bhFluaire,bh,,aire
20273,Coróinneach,,,each
20274,buanchoimeádta,,buan,ta
20275,hathéisteacht,h,ath,eacht
20276,bhfostófaí,bh,fo,ófaí
20277,AE-Poblacht,,,acht
20278,Printéirí,,,í
20279,saoirse,,,se
20280,Cáilíochta,,,ta
20281,Áirithinte,,,te
20282,mothaíonn,,,aíonn
20283,timpeallach,t,,ach
20284,eiseacha,,,eacha
20285,Sofia,,,ia
20286,heagrúchán,h,,án
20287,Aturnae,,,e
20288,chonsalacht,,,acht
20289,chúlghairfidh,,,fidh
20290,leithrannta,,,ta
20291,d'uastréimhse,d',uas,se
20292,chéadú,,,ú
20293,Kampala,,,a
20294,sáitheán,,,eán
20295,Feicim,,,im
20296,mheánluachanna,,,anna
20297,teagmhais,t,,ais
20298,Saghas,,,as
20299,gheopholaitiúil,,,úil
20300,gcrí,g,,í
20301,comhshocraithe,,comh,aithe
20302,Chaillteanas,,,as
20303,asaoideachta,,as,ta
20304,inagartha,,in,tha
20305,Caiféin,,,éin
20306,maoirseoirí,,,í
20307,ordaíthe,,,the
20308,Primula,,,a
20309,chomhréiteora,,,ra
20310,santach,,,ach
20311,Téacsáil,,,áil
20312,scripteanna,,,eanna
20313,leathúla,,leath,a
20314,Yildirim,,,im
20315,Poblachtánaigh,,,aigh
20316,Gníomhachtaithe,,,aithe
20317,ardfheidhmíochta,,ard,ta
20318,mionsonraítear,,mion,ítear
20319,féin-chomhlíonadh,,féin,adh
20320,meala,,,a
20321,fheisteas,,,eas
20322,Drugaí,,,aí
20323,Cithfholcadh,,,adh
20324,Cofaigh,,,aigh
20325,foghla,,fo,a
20326,comhghafach,,comh,ach
20327,doiciméadacht,,do,acht
20328,nullmhaithe,,,aithe
20329,daingniúcháin,,,in
20330,gheibhtear,,,ear
20331,ngaiméití,n,,tí
20332,ghníomhaigh,,,aigh
20333,bhformheastar,bh,for,tar
20334,itribh,,,ibh
20335,hAimplitheoirí,h,,í
20336,chuirfeadh,,,eadh
20337,dtugaimid,d,,aimid
20338,cláreagrú,,,ú
20339,Diúscartha,,,tha
20340,castacht,,,tacht
20341,píblínte,,,te
20342,fanfaidh,,,faidh
20343,vótáiltear,,,ear
20344,Ciallaíonn,,,aíonn
20345,Táirgeadh,,,eadh
20346,chairtfhostú,,,ú
20347,díchódú,,dí,ú
20348,sínithe,,,ithe
20349,Aireacht,,,eacht
20350,polúireatáin,,,in
20351,agdlí,,,í
20352,n-áirÁtear,n-,,ear
20353,Bardais,,,ais
20354,anemia,,an,ia
20355,comhlántachtaí,,comh,taí
20356,ghrinnfhiosrúchán,,,án
20357,Líonrúchán,,,án
20358,buataisí,,,í
20359,Aiséirí,,,í
20360,karaoke,,,e
20361,ainmluach,,ain,ach
20362,Ghlúin,,,in
20363,fiúntacha,,,acha
20364,gcinniúint,g,cinn,úint
20365,chobhsú,,,ú
20366,ealadhanta,,,ta
20367,foilseoidh,,fo,idh
20368,Ítime,,,e
20369,Comhordaitheoir,,,eoir
20370,Shéamais,,,ais
20371,úinéireacht,,,eacht
20372,Príomh-Bhreitheamh,,,amh
20373,héireann,h,,eann
20374,saorghluaiseacht,,,eacht
20375,dhéanta,,,ta
20376,comhtheacht,,comh,eacht
20377,acmhainne,,,ne
20378,Scairshealbhach,,,ach
20379,inmheánaí,,in,aí
20380,Caipitíochta,,,ta
20381,ndroim,n,,im
20382,ghráin,,,in
20383,tragóideach,,,óideach
20384,stiúrfar,,,far
20385,hairgeadh,h,,eadh
20386,nOifigeach,,,each
20387,fónamh,,,amh
20388,seastáin,,,in
20389,diaibéiteas,,dia,eas
20390,last-táillí,,las,í
20391,Trádmharcanna,,,anna
20392,Flít,,,ít
20393,tairgeoirí,t,,í
20394,milleann,,,eann
20395,Cháinaisnéis,,,is
20396,ceannacháin,,ceann,in
20397,tearcfhorbartha,t,,tha
20398,cartúin,,,in
20399,dúshlánach,,dú,ach
20400,leor-shlánú,,,ú
20401,Urradhais,,,ais
20402,chumhdófar,,,ófar
20403,phá-choibhneasa,,,sa
20404,Toghlaigh,,,aigh
20405,d'fheidhmiúlacht,d',,acht
20406,thithíocht,,,íocht
20407,ghnáthdhlí,,,í
20408,spásúla,,,a
20409,Comhairle,,,e
20410,leana,,,na
20411,shrian,,,an
20412,n-idirbheartanna,n-,idir,anna
20413,A-líne,,,ne
20414,d'athchóirigh,d',ath,igh
20415,Ghníomhaireacht,,,eacht
20416,nÉileamh,,,amh
20417,dúradh,,dú,radh
20418,cuticle,,,e
20419,ghéille,,,e
20420,Fhearta,,,ta
20421,ndíolúintí,n,dí,tí
20422,tinneas,t,,eas
20423,sienna,,,na
20424,comhéadan,,comh,an
20425,scaoiltear,,,ear
20426,gcó-líona,g,,na
20427,ghleacaíocht,,,aíocht
20428,éagsúil,,éa,úil
20429,dílsiúcháin,,dí,in
20430,sorcóirí,,so,í
20431,Leasa,,,sa
20432,Wehrmacht,,,acht
20433,Dleacht,,,eacht
20434,athghairmeanna,,ath,eanna
20435,rialtachta,,,ta
20436,nra,,,ra
20437,Cuardach,,,ach
20438,fhoriomlána,,,na
20439,mhúnlaítear,,,ítear
20440,fisiceach,,,each
20441,Vorbis,,,is
20442,Meán,,,eán
20443,easpa,,eas,a
20444,t-uaireadóir,t-,,adóir
20445,fhionnachtain,,,in
20446,uachtar,,,tar
20447,astógála,,as,a
20448,sonraítear,,so,ítear
20449,Rialachais,,,ais
20450,coimhthí,,,í
20451,comhbheartaithe,,comh,aithe
20452,la,,,a
20453,easbhrú,,eas,ú
20454,phostaítear,,,ítear
20455,feidhmiúcháin,,,in
20456,luamh,,,amh
20457,Dan,,,an
20458,agência,,,ia
20459,Seasmhach,,,ach
20460,Chomhreamh,,,amh
20461,sealbhaíocht,,,aíocht
20462,bpíolótaí,b,,taí
20463,háirmhtheoir,h,,eoir
20464,discréideach,,dis,each
20465,phríobháideachais,,,ais
20466,Teiliméadrachta,,,ta
20467,theistiméireacht,,,eacht
20468,infhíoraithe,,in,aithe
20469,ciaróga,,,ga
20470,Feola,,,a
20471,d'fhuinneog,d',,eog
20472,Treoraithe,,,aithe
20473,gcumasófaí,g,,ófaí
20474,aistear,,ais,ear
20475,bpíosaí,b,,aí
20476,gcruthúnas,g,,únas
20477,main,,,in
20478,Príosúnach,,,ach
20479,D'fhéadfadh,D',,fadh
20480,sástachta,,,ta
20481,iontógáil,,ion,áil
20482,bristin,,,in
20483,Nítrigin,,,gin
20484,greanadh,,,adh
20485,bácáilte,,,te
20486,inchreidte,,in,te
20487,mí-chumas,,mí,as
20488,meánscolaíochta,,meán,ta
20489,Túinéis,,,is
20490,teagmhálaithe,t,,aithe
20491,chinntiú,,,iú
20492,mballraíocht,m,,aíocht
20493,buan-bhunachas,,buan,achas
20494,dealga,,dea,ga
20495,breithiúnachta,,,ta
20496,tuairteanna,t,,eanna
20497,píolóide,,,e
20498,Aisce,,,e
20499,Athchóirithe,,,ithe
20500,luath-thumoideachas,,luath,achas
20501,gcostaisí,g,,í
20502,Meithle,,,e
20503,tsean-rolla,t,,a
20504,thimble,,,e
20505,bhainean,,,an
20506,sama,,,a
20507,cuimhne,,,ne
20508,iallach,,,ach
20509,athchuireadh,,ath,eadh
20510,núíosacha,,,acha
20511,cúpla-sorcóir,,,óir
20512,Árachais,,,ais
20513,fheadhmannas,,,as
20514,iMovie,,,e
20515,polaitíochta,,pola,ta
20516,adhmadóireachta,,,ta
20517,theannas,,,as
20518,chleachtóra,,,ra
20519,guaiseacha,,,eacha
20520,Radanúiclídí,,,í
20521,fo-dhlí,,fo,í
20522,ghruama,,,a
20523,seablóidí,,,í
20524,Dealgan,,,an
20525,Gentamicin,,,in
20526,roghnúchán,,ro,án
20527,mhalartuithe,,,ithe
20528,Crua-earraí,,,aí
20529,altóirí,,,í
20530,d'aitheantas,d',aith,tas
20531,ceannródaí,,ceann,aí
20532,chonarthacha,,,acha
20533,dhíorthaítear,,,ítear
20534,de_tuscan,,,an
20535,chionúireacht,,,eacht
20536,d'oiliúint,d',,úint
20537,bpléifear,b,,fear
20538,gnáthchothabhála,,gnáth,a
20539,charbhán,,,án
20540,docharú,,do,ú
20541,damáistiú,,,iú
20542,San,,,an
20543,Gonta,,,ta
20544,Cruach,,,ach
20545,comhcheangailte,,comh,te
20546,vie,,,e
20547,bhinse,,,se
20548,iniúchfaidh,,in,faidh
20549,joke,,,e
20550,Bliain,,,in
20551,Chomhluchta,,,ta
20552,cócaireachta,,,ta
20553,rinnear,,,ear
20554,chuntasóra,,,ra
20555,eolaire,,eo,aire
20556,ceanglóidh,,,óidh
20557,meánmhéide,,meán,e
20558,buailteoir,,,eoir
20559,seaca,,,a
20560,Solanáracha,,,acha
20561,gheallsealbhóirí,,,í
20562,neamhbhrábúis,,neamh,is
20563,chuimhnigh,,,igh
20564,mhílte,,,te
20565,eadarshláinte,,,te
20566,ka,,,a
20567,bailitheoirí,,,í
20568,Terbinafine,,,ne
20569,Aith-fhéachana,,,na
20570,glútan,,,an
20571,Neamhmhonaraithe,,,aithe
20572,máinliaghacht,,,acht
20573,carnacha,,,acha
20574,shiamsa,,,sa
20575,fulaíonn,,,aíonn
20576,dlúthpháirtíochta,,,ta
20577,Lictéirí,,,í
20578,bhunaidh,,,aidh
20579,phléadála,,,a
20580,próca,,,a
20581,shraitheacháin,,,in
20582,Cnónna,,,na
20583,árthaigh,,,aigh
20584,Corpoideachais,,,ais
20585,Gaelscolaíocht,,,aíocht
20586,gCoimisinéir,g,,éir
20587,Neamhthuillmheacha,,,eacha
20588,Cúraim,,,aim
20589,iarfhostóir,,iar,tóir
20590,chnuas,,,as
20591,cléithe,,,ithe
20592,d'Ordú,d',,ú
20593,fillteog,,,eog
20594,caithteachais,,,ais
20595,luaithreach,,,each
20596,chontaebhainisteora,,,ra
20597,leasúcháin,,leas,in
20598,Nuála,,,a
20599,chomhlí,,,í
20600,doimhneachta,,do,ta
20601,Beacáin,,,in
20602,néarlainne,,,ne
20603,comharsana,,comh,na
20604,dháilcheantar,,,tar
20605,mhalartúcháin,,,in
20606,scoirfí,,,fí
20607,creidiúnach,,,ach
20608,Scéime,,,e
20609,halgartaim,h,,aim
20610,Cleachtais,,,ais
20611,lochta,,,ta
20612,maiseanna,,,eanna
20613,dhíobhála,,,a
20614,seasann,,,ann
20615,bheas,,,eas
20616,bhfuasclaítear,bh,,ítear
20617,cúramóra,,,ra
20618,Tugtar,,,tar
20619,cumhdach,,,ach
20620,fáilteachais,,,ais
20621,réamhchéimeanna,,réamh,eanna
20622,petunia,,,ia
20623,Ballstáit,,,áit
20624,Póstaí,,,taí
20625,Coiste,,,te
20626,dhámhfar,,,far
20627,thigh,,,igh
20628,conraitheora,,,ra
20629,hArd-Rúnaí,h,,aí
20630,thógóga,,,ga
20631,Reachtaíochta,,,ta
20632,scoilteadh,,,eadh
20633,díoladh,,dí,adh
20634,nochtann,,,ann
20635,Malartacha,,,acha
20636,chomhshuimiú,,,iú
20637,ticéad,t,,éad
20638,treoir-uimhreach,,,each
20639,iolrach,,,ach
20640,ghrúpstruchtúr,,,úr
20641,ciseáin,,,in
20642,dlíthairgthe,,,the
20643,d'fheidhmiú,d',,iú
20644,chreidmheasóir,,,óir
20645,shifilis,,,is
20646,Thelefóna,,,na
20647,ionannas,,ion,as
20648,dhearbhóidh,,,óidh
20649,phar-luach,,,ach
20650,múrála,,,a
20651,réamhshocruithe,,réamh,ithe
20652,smuigleáil,,,áil
20653,dhearna,,,na
20654,Méideanna,,,eanna
20655,Páistí,,,tí
20656,friotaíochta,,,ta
20657,dtástálacha,d,,acha
20658,eisceachta,,,ta
20659,gearrthaimid,,gearr,aimid
20660,hÃodaráis,,,áis
20661,géillte,,,te
20662,héigniú,h,,iú
20663,rúndachta,,,ta
20664,díorthaithe,,dí,aithe
20665,Arduithe,,,ithe
20666,gneasach,,,ach
20667,milsithe,,,ithe
20668,Deimhníodh,,,íodh
20669,gcolbha,g,,a
20670,rthaigh,,,aigh
20671,gcaomhnaítear,g,,ítear
20672,Dhamáiste,,,te
20673,ceapaim,,,aim
20674,ionta,,ion,ta
20675,onlain,,,in
20676,Móroibríocht,,,íocht
20677,ceartúcháin,,,in
20678,aimsitheoir,,,eoir
20679,síothlú,,,ú
20680,uisceáil,,,áil
20681,Thoilteanach,,,ach
20682,Feidhmiúlachta,,,ta
20683,giotán,,,án
20684,Óstáin,,,in
20685,Reoitear,,,ear
20686,chainníochtúla,,,a
20687,dtrátha,d,,tha
20688,faide,,,e
20689,thacaíonn,,,aíonn
20690,Chultúrtha,,,tha
20691,scríbhínn,,,ínn
20692,aithrighe,,aith,e
20693,spraeálaithe,,,aithe
20694,rianú,,,ú
20695,bpríomh-oifigeach,b,príomh,each
20696,phaidreacha,,,eacha
20697,dícháiliú,,dí,iú
20698,Phrionsacht,,,acht
20699,beithigh,,,igh
20700,fhéach,,,ach
20701,mhótarbhealach,,,ach
20702,seomraí,,,aí
20703,cáináisnéise,,,se
20704,ghortú,,,ú
20705,piléir,,,éir
20706,shlí,,,í
20707,Fiachas,,,achas
20708,Oilimpeas,,,eas
20709,aonáin,,aon,in
20710,bhainistíonn,,,íonn
20711,coigilte,,,te
20712,nuáil,,,áil
20713,Abhantraigh,,,aigh
20714,Uathoibrí,,,í
20715,deirí,,,í
20716,feiliúnacht,,,acht
20717,tsrothlach,t,,ach
20718,réamhphleanála,,réamh,a
20719,fréamh,,,amh
20720,Gúisearáitis,,,is
20721,hallmhairiú,h,,iú
20722,síbhialta,,,ta
20723,pholaitíochta,,,ta
20724,bpláinéad,b,,éad
20725,chomhthaobhaigh,,,aigh
20726,fóirithin,,,in
20727,taitneamhachtaí,t,,taí
20728,botúin,,,in
20729,athleasaithe,,ath,aithe
20730,phalaenopsis,,,is
20731,mbainisteoir,m,bain,eoir
20732,Uathachais,,,ais
20733,Obráidí,,,í
20734,t-instealladh,t-,in,adh
20735,páirtíochta,,páirt,ta
20736,Thollán,,,án
20737,n-liopaí,,,aí
20738,bhláthanna,,,anna
20739,géar-riachtanais,,,ais
20740,thabharfidh,,,fidh
20741,bhrídeog,,,eog
20742,bheifear,,,fear
20743,Fhoréigean,,,an
20744,reachtach,,,ach
20745,chrómasómach,,,ach
20746,fhéichiúnas,,,únas
20747,eitleán,,,eán
20748,comhairliú,,comh,iú
20749,thuilleadh,,,eadh
20750,Shile,,,e
20751,measartha,,,tha
20752,ngréasáin,n,,in
20753,insabbia,,in,ia
20754,bpríomh-oileán,b,príomh,eán
20755,caite,,,te
20756,síniú,,,iú
20757,tairgtheoir,t,,eoir
20758,tháirgeann,,,eann
20759,d'Oibreoirí,d',,í
20760,Faigheann,,,eann
20761,Adhamhnáin,,,in
20762,Francacha,,,acha
20763,Priomh-acht,,,acht
20764,omhaireachta,,,ta
20765,D'ullmhaigh,D',,aigh
20766,Dálaí,,,aí
20767,forcháin,,for,in
20768,bochtaineachta,,,ta
20769,d'iarann,d',iar,ann
20770,Mhelbourne,,,ne
20771,Alain,,,in
20772,gilitín,,,ín
20773,réitíonn,,ré,íonn
20774,d'eisigh,d',eisi,igh
20775,d'inimircigh,d',in,igh
20776,Fhorfheidhmiú,,,iú
20777,aontais,,aon,ais
20778,mháistrí,,,í
20779,cadáis,,,áis
20780,Giniúna,,,na
20781,ceaptar,,,tar
20782,códhéanta,,,ta
20783,nuachtán,,nua,án
20784,smearaidh,,,aidh
20785,Meallfaidh,,,faidh
20786,Idirdhealú,,,alú
20787,cogaí,,,aí
20788,Contra,,,ra
20789,bhForlíonadh,bh,,adh
20790,gcúntóirí,g,,í
20791,Tochaltóirí,,,í
20792,ngéarghuais,n,,ais
20793,chaomhnaithe,,,aithe
20794,Raideog,,,eog
20795,creidiúnacht,,,acht
20796,chomhchuibheas,,,eas
20797,Tráthúlacht,,,acht
20798,bhreacadh,,,adh
20799,Scríoblach,,,ach
20800,Anna,,,na
20801,traenacha,,,acha
20802,Casfaidh,,,faidh
20803,chuiditheoir,,,eoir
20804,táimse,t,,se
20805,neamh-inchúlghairthe,,neamh,the
20806,Meán-suidhte,,,te
20807,páirtnéir,,páirt,éir
20808,lárnach,,lár,ach
20809,Bhreis,,,is
20810,nanaiméadar,,nana,méadar
20811,athnuatha,,ath,tha
20812,cóiste,,,te
20813,tromchúiseach,,,each
20814,ndíormaí,n,dí,aí
20815,aisíocaíocht,,ais,aíocht
20816,bachlóga,,,ga
20817,Gradaim,,,aim
20818,creimthe-Friotaíocht,,,aíocht
20819,gCillíní,g,,í
20820,fíorshloinnte,,fíor,te
20821,bpríomhghníomhaíochtaí,b,príomh,taí
20822,dTamhlacht,d,,acht
20823,106ú,,,ú
20824,inchaingne,,in,ne
20825,Maidin,,,in
20826,Codlaíonn,,,aíonn
20827,tábhairne,t,,ne
20828,Zapatistas,,,tas
20829,gceapacháin,g,,in
20830,pleanáilte,,,te
20831,Día,,,a
20832,análaithe,,an,aithe
20833,sriantaí,,,taí
20834,Móide,,,e
20835,Rookie,,,e
20836,ngloine,n,,ne
20837,uile-nádúrtha,,uile,tha
20838,ceartais,,,ais
20839,MP3Gain,,,in
20840,Tecnologia,,,ia
20841,thrasuí,,,í
20842,saoróga,,,ga
20843,fuinneoige,,,e
20844,Dámhachtainí,,,í
20845,rúnaíochtaí,,,taí
20846,fhoilsíomar,,,íomar
20847,staitisticiúil,,,úil
20848,bhunúsacha,,,acha
20849,thriúr,,,úr
20850,mothú,,,ú
20851,Ghairmoiliúint,,,úint
20852,hiarmhéideanna,h,iar,eanna
20853,Spreagtar,,,tar
20854,sean-Tuathcheantar,,sean,tar
20855,Mosque,,,e
20856,Handshake,,,e
20857,ndeineann,n,,eann
20858,comhairlithe,,comh,ithe
20859,haigne,h,,ne
20860,Ciorruithe,,,ithe
20861,dhamhsa,,,sa
20862,crapthaí,,,aí
20863,Lapa,,,a
20864,fliuchta,,,ta
20865,gann,,,ann
20866,seachadta,,,ta
20867,gcumhdach,g,,ach
20868,díréireacha,,dír,eacha
20869,Melatonin,,,in
20870,dearbhán,,dearbh,án
20871,Iodáile,,,e
20872,lán-aimseartha,,,tha
20873,rianta,,,ta
20874,droch-nósanna,,droch,anna
20875,neamh-Chaitliceach,,neamh,each
20876,dhaingníonn,,,íonn
20877,cathaoirligh,,,igh
20878,cheantar,,,tar
20879,Obama,,,a
20880,Bainfidh,,,fidh
20881,dhífhostaithe,,,aithe
20882,Mionsamhail,,,amhail
20883,neamhchoinneálacht,,neamh,acht
20884,heagraíocht,h,,aíocht
20885,Nascleanúint,,,úint
20886,barr-suite,,barr,te
20887,noibriú,,,iú
20888,Chomhchruinnithe,,,ithe
20889,snáithíneach,,,each
20890,frithdhílse,,frith,se
20891,phribhléidí,,,í
20892,faighne,,,ne
20893,scriostar,,,tar
20894,lásaí,,,aí
20895,sheiceáil,,,áil
20896,Bunscileanna,,,eanna
20897,Breisluacha,,,acha
20898,amach,,am,ach
20899,neamhchlaonta,,neamh,ta
20900,Ghairmscolaíocht,,,aíocht
20901,d'fhuine,d',,ne
20902,Fostaíocht,,,aíocht
20903,muirearaíodh,,,íodh
20904,aisíocfar,,ais,far
20905,thiocfaidh,,,faidh
20906,rialachas,,,achas
20907,thánaisteacha,,,eacha
20908,Ferreira,,,ra
20909,fhograí,,,aí
20910,cibear-ionsaithe,,,aithe
20911,sheachadann,,,ann
20912,seaBlue,,,e
20913,aisíocfas,,ais,fas
20914,bréan,,,an
20915,Caighdéan,,,an
20916,béarfar,,,far
20917,thábhacht,,,acht
20918,frithne,,frith,ne
20919,Bainistigh,,,tigh
20920,bhreathnaíonn,,,aíonn
20921,phríomh-oifigigh,,,igh
20922,suí,,,í
20923,roghnóidh,,ro,óidh
20924,ndáiliú,n,dá,iú
20925,básmhaireacht,,,eacht
20926,gCeisteanna,g,,eanna
20927,scartáilte,,,te
20928,sain-sheachadadh,,sain,adh
20929,Gheimhreadh,,,eadh
20930,deirim,,,im
20931,feirmeoirí,,,í
20932,Tumoideachas,,,achas
20933,leor-fhianaise,,,se
20934,frithghiniúint,,frith,úint
20935,Glacaim,,,aim
20936,Oibreoidh,,,idh
20937,Bstocaireacht,,,eacht
20938,tarraingteach,t,tar,each
20939,indéantachta,,in,ta
20940,móreaspaí,,mór,aí
20941,Luibheanna,,,eanna
20942,comhbheartas,,comh,tas
20943,litrithe,,,ithe
20944,chónaithe,,,aithe
20945,Uathúil,,,úil
20946,Tíolacfaidh,,,faidh
20947,thuilleamh,,,amh
20948,doiciméadúcháin,,do,in
20949,Átha,,,tha
20950,gcroíghníomhaíochtaí,g,,taí
20951,gnáth-mhúinteoir,,gnáth,eoir
20952,Deire,,,ire
20953,bhácáil,,,áil
20954,múinteora,,,ra
20955,tuircis,t,,is
20956,bhéarfar,,,far
20957,laighnibh,,,ibh
20958,Soran,,,an
20959,fhianaise,,,se
20960,silteáin,,,in
20961,diansheasmhachta,,dia,ta
20962,stáinsí,,,í
20963,Comhpháirteacha,,,eacha
20964,leafaois,,,is
20965,Téarma,,,a
20966,bhainfidís,,,fidís
20967,hairnéise,h,,se
20968,ghinearálaithe,,,aithe
20969,mbeoir,m,,eoir
20970,nótaire,,,aire
20971,Samsunda,,,da
20972,Coigiltis,,,is
20973,plásáin,,,in
20974,bhfoirceannadh,bh,fo,adh
20975,Miotas,,,tas
20976,d'oiread,d',oir,ad
20977,1070thefan,,,an
20978,n-áiritheoidh,n-,,idh
20979,míshástachta,,mí,ta
20980,Tánaisteach,,,each
20981,spreagann,,,ann
20982,nionad,,,ad
20983,bige,,bi,e
20984,phósann,,,ann
20985,Údaraithe,,,aithe
20986,ceanntracha,,ceann,acha
20987,cearta,,,ta
20988,Fochéime,,,e
20989,íogaire,,,aire
20990,cúspóir,,,óir
20991,rósendróir,,ró,óir
20992,síceach,,,each
20993,roghnóireachta,,ro,ta
20994,chomhaimseartha,,,tha
20995,fhoirmíonn,,,íonn
20996,aonfhoirmeacha,,aon,eacha
20997,gcomhphairtíocht,g,comh,íocht
20998,dtiocfaidh,d,,faidh
20999,d'oifigeach,d',,each
21000,Maighdean,,,an
21001,bpatrúin,b,,in
21002,n-aibhneacha,n-,,eacha
21003,talmhaíocha,t,,a
21004,suaímhnis,,,is
21005,Comhshocrú,,,ú
21006,tréithe,,tré,ithe
21007,vótálaidhe,,,aidhe
21008,bhfeidhmeoidh,bh,,idh
21009,Chas,,,as
21010,Cosmaidí,,,í
21011,laigheaduítear,,,ítear
21012,díhiodráitiú,,dí,iú
21013,Taispeántas,,,tas
21014,dóthanach,,dó,ach
21015,radacú,,rada,ú
21016,fhochonraitheoir,,,eoir
21017,hinchúiseofar,h,in,far
21018,áitribh,,,ibh
21019,neamhlíneach,,neamh,each
21020,veigeatóirí,,,í
21021,athmhuinchillí,,ath,í
21022,seachadtaí,,,taí
21023,gcúlghairfidh,g,cúl,fidh
21024,Heirseagaivéin,,,éin
21025,Ghnó-bhriseadh,,,eadh
21026,brabúsach,,,ach
21027,céiticeach,,,each
21028,chustaiméir,,,méir
21029,cuan-rátaí,,,taí
21030,aerárthaigh,,aer,aigh
21031,Measartha,,,tha
21032,cuirfeas,,,eas
21033,fhiontraí,,,traí
21034,cúraim,,,aim
21035,Deardaoin,,,in
21036,straitéis,,,is
21037,íoslódálacha,,íos,acha
21038,fhorordú,,,ú
21039,mboicíní,m,,í
21040,lár-le,,lár,e
21041,istoíche,,,e
21042,shealbhaíonn,,,aíonn
21043,saighdiúirí,,,í
21044,idirdhealaitheach,,idir,each
21045,Ranna,,,anna
21046,thaispeánfaí,,,aí
21047,Leathstáit,,,áit
21048,Eskdale,,,e
21049,d'oideachas,d',,achas
21050,Okra,,,ra
21051,Iarainn,,,inn
21052,Pharóiste,,,te
21053,teascánacha,t,,acha
21054,logáilte,,,te
21055,Pláta,,,ta
21056,cost-éifeachtúlacht,,,acht
21057,Geallaim,,,aim
21058,sfruttabilissima,,,a
21059,Príomhmhargaí,,,aí
21060,léirmhínithe,,,ithe
21061,leoraithe,,,aithe
21062,B'úsáideoirí,,,í
21063,liosta,,,ta
21064,dreach,,,each
21065,Cuairte,,,te
21066,cileagraim,,cilea,aim
21067,Vendée,,,e
21068,seimeastar,,,tar
21069,forlíonta,,for,ta
21070,máistreachta,,,ta
21071,coigeartaithe,,,aithe
21072,chailce,,,e
21073,fhoilseoidh,,,idh
21074,cómhalartach,,,ach
21075,Príobháidithe,,,ithe
21076,ealaíonta,,,ta
21077,troideanna,,,eanna
21078,t-imreoir,t-,im,eoir
21079,shárós,,,ós
21080,gCistí,g,,tí
21081,dheasca,,,a
21082,Rómáinise,,,se
21083,atógann,,,ann
21084,vótála,,,a
21085,ró-phlódaithe,,ró,aithe
21086,bándearg-chruthach,,,chruthach
21087,Lipéad,,,éad
21088,mhonaiphrionta,,,ta
21089,bhfilleann,bh,,eann
21090,liostaí,,,taí
21091,Reithe,,,ithe
21092,Kinnegad,,,ad
21093,Nuachtán,,,án
21094,Dochtúirí,,,í
21095,leithdháiltear,,,ear
21096,hoibríochta,h,,ta
21097,fosta,,fo,ta
21098,Chonacthas,,,as
21099,forchurtha,,for,tha
21100,bhriseadh,,,eadh
21101,soláthrófar,,so,ófar
21102,bpróiseáiltear,b,,ear
21103,forbairte,,for,te
21104,dteipfeadh,d,,eadh
21105,earcaíochta,,,ta
21106,gaineamhchloiche,,,e
21107,céad-cheannaitheoir,,céad,eoir
21108,preasa,,,sa
21109,Dhírithe,,,ithe
21110,Tionscnófar,,,ófar
21111,páirtdiúscartha,,páirt,tha
21112,deisigh,,,igh
21113,Tacaíonn,,,aíonn
21114,Déanach,,,ach
21115,bhuirgléireacht,,,eacht
21116,aitheanta,,aith,ta
21117,iontas,,ion,tas
21118,tacsaiméadar,t,,méadar
21119,Lumumba,,,a
21120,Patrúnachta,,,ta
21121,turgnamhacha,t,,acha
21122,ródháileog,,ró,eog
21123,cannabais,,,ais
21124,neamhdhúchasacha,,neamh,acha
21125,Oifigigh,,,igh
21126,Sherbrooke,,,e
21127,athchomhairleacha,,ath,eacha
21128,Sionnach,,,ach
21129,diúite,,,te
21130,oiliúnacha,,,acha
21131,bun-chíos,,bun,íos
21132,dáileoige,,dá,e
21133,dhúchasacha,,,acha
21134,Ardfheidhmíochta,,,ta
21135,Útaras,,,as
21136,léir,,,éir
21137,inscrúduithe,,in,ithe
21138,shainordaitheach,,,each
21139,Cumasaigh,,,aigh
21140,Asbhaintear,,,ear
21141,pleisiúrtha,,,tha
21142,Loingseoireacht,,,eacht
21143,Coirí,,,í
21144,cheanglaíonn,,,aíonn
21145,Thruailliú,,,iú
21146,feiste,,,te
21147,Chéimithe,,,ithe
21148,gceaptha,g,,tha
21149,Comhlánaíonn,,,aíonn
21150,Talmhan,,,an
21151,Slánaitheoir,,,eoir
21152,hamhránaíochta,h,am,ta
21153,chuíchrutha,,,tha
21154,an-bhéim,,an,im
21155,Páirteanna,,,eanna
21156,n-easpórtálann,n-,eas,lann
21157,Measann,,,ann
21158,thalmhaíocht,,,aíocht
21159,fásra,,,ra
21160,mairteola,,,a
21161,fochonraitheoir,,fo,eoir
21162,n-eiseofaí,n-,,aí
21163,d'aoiseanna,d',,eanna
21164,nIarnród,,,ód
21165,thráchtaire,,,aire
21166,Gnóthachtálacha,,,acha
21167,Bláthanna,,,anna
21168,iseach,,,each
21169,gcomhchoiste,g,comh,te
21170,d'oibleagáidí,d',,í
21171,imoibriúcháin,,im,in
21172,Ardionadaí,,,aí
21173,réalta-chruthach,,réalt,chruthach
21174,láithrisí,,,í
21175,myricetin,,,in
21176,Múnlaí,,,aí
21177,príomh-dhearmad,,príomh,ad
21178,cuaille,,,e
21179,Ghlain,,,in
21180,féintástáil,,féin,áil
21181,Díothú,,,ú
21182,n-athbhreithníonn,n-,ath,íonn
21183,tsoláthraí,t,,aí
21184,Bronnann,,,ann
21185,Acmhainne,,,ne
21186,meathlú,,meath,ú
21187,chliceálann,,,lann
21188,Frithbhulaíochta,,,ta
21189,mBliain,m,,in
21190,buíochán,,,án
21191,Nos-Imeachta,,,ta
21192,réamhiniúchadh,,réamh,adh
21193,cóir,,,óir
21194,gComhghuaillíochtaí,g,,taí
21195,huachta,h,,ta
21196,bpríomh-bolgán,b,príomh,gán
21197,Inimirce,,,e
21198,dlúthdhioscaí,,,aí
21199,inathnuaite,,in,te
21200,Feirmeoirí,,,í
21201,Malaeisia,,,ia
21202,chabhlaigh,,,aigh
21203,gcólíona,g,,na
21204,screamáil,,,áil
21205,Tochailte,,,te
21206,Mainistreach,,,each
21207,gcaiteachas,g,,achas
21208,Caisleáin,,,in
21209,mheoin,,,in
21210,múr,,,úr
21211,chúltacaire,,,aire
21212,haontaobhach,h,aon,ach
21213,margóirí,,,í
21214,Bhainistí,,,tí
21215,shéideadh,,,eadh
21216,ndeis,n,,is
21217,Emla,,,a
21218,nascacht,,,acht
21219,gynecomastia,,,ia
21220,foirgneoireachta,,fo,ta
21221,comhshuimiú,,comh,iú
21222,aontú,,aon,ú
21223,Nadhbharsin,,,in
21224,lanna,,,anna
21225,rialófar,,,ófar
21226,fhochuideachtaí,,,taí
21227,bhandaí,,,aí
21228,siméadrach,,,méadrach
21229,ionstraim,,ion,aim
21230,Astuithe,,,ithe
21231,uimhrithe,,,ithe
21232,mbliain,m,,in
21233,gcoinsíneoir,g,,eoir
21234,AchtachÁin,,,in
21235,táirgiúlacht,t,,acht
21236,eitileach,,,each
21237,Bréagnú,,,ú
21238,nIonad,,,ad
21239,forghéilleadh,,for,eadh
21240,tAcadamh,t,,amh
21241,Breithiúna,,,na
21242,contrárthach,,,ach
21243,anann,,ana,ann
21244,tréitheach,,tré,each
21245,Déiríochta,,,ta
21246,Príobháideach,,,each
21247,Buanionadaíochtaí,,,taí
21248,chuirfear,,,fear
21249,neamh-fhuirmeáltacht,,neamh,tacht
21250,contrárdha,,,a
21251,ghéilliúlacht,,,acht
21252,Gána,,,na
21253,Chumannaigh,,,aigh
21254,úrfhíonta,,,ta
21255,Ceimice,,,e
21256,oibreoidh,,,idh
21257,frithaitheantais,,frith,ais
21258,Guais,,,ais
21259,eisíontas,,,tas
21260,comharthaíocht,,comh,aíocht
21261,Mcasúnachtaí,,,taí
21262,n-aerárthaí,n-,aer,aí
21263,Spásúil,,,úil
21264,seachnódh,,,ódh
21265,prendre,,,e
21266,Casa,,,sa
21267,baincéireachta,,bain,ta
21268,frithocsaídeoir,,frith,eoir
21269,tsonrúcháin,t,,in
21270,eithne,,,ne
21271,soitheach,,so,each
21272,d'imeacht,d',im,eacht
21273,neamh-chónaitheoirí,,neamh,í
21274,barbata,,bar,ta
21275,bhfreagraíonn,bh,,aíonn
21276,nód,,,ód
21277,guthanna,,,anna
21278,Gruagaire,,,aire
21279,Clásanna,,,anna
21280,paróistí,,,tí
21281,bhacfas,,,fas
21282,onnmhairíodh,,,íodh
21283,ara,,,ra
21284,tiomána,t,,na
21285,Beidh,,,idh
21286,comhchruinniú,,comh,iú
21287,Bhreosla,,,a
21288,chomhthrádáil,,,áil
21289,chionntapacht,,,acht
21290,có-ghléasta,,,ta
21291,Lapadán,,,adán
21292,B74a,,,a
21293,comhthionónta,,comh,ta
21294,ceannuithe,,ceann,ithe
21295,staitistíocht,,,íocht
21296,fiosracht,,,acht
21297,bhfeidhmeofar,bh,,far
21298,péiste,,,te
21299,thionscnóirí,,,í
21300,shuntasacha,,,acha
21301,mhalartáin,,,in
21302,glúine,,,ne
21303,contúirte,,,te
21304,Bleibíní,,,í
21305,ospÃ3ireacht,,os,eacht
21306,Kounice,,,e
21307,bainteacha,,bain,eacha
21308,dhí-cháilíocht,,,íocht
21309,tharscaoileadh,,,eadh
21310,éascaitheoir,,éa,eoir
21311,Comhlua,,,a
21312,buirg-chontae,,,e
21313,n-iomaíochas,n-,,as
21314,lomach,,,ach
21315,eochair-thionscnamh,,eo,amh
21316,Sáraigh,,,aigh
21317,shciatháin,,,in
21318,gcaighdeánú,g,,ú
21319,béidh,,,idh
21320,Phríomh-Atúrnae,,,e
21321,Ard-chaighdeán,,,eán
21322,teagmháil,t,,áil
21323,aura,,,ra
21324,neamhchomhréireacht,,neamh,eacht
21325,leite,,,te
21326,imréitithe,,im,ithe
21327,Koreas,,,eas
21328,toghfar,t,,far
21329,andóigh,,an,igh
21330,poiblí,,,í
21331,amlínte,,am,te
21332,Churraigh,,,aigh
21333,Iúil,,,úil
21334,chruthaitheacha,,,eacha
21335,deisiú,,,iú
21336,cleithiúnachta,,,ta
21337,taispeánadh,t,tais,adh
21338,smaointeoireachta,,,ta
21339,ginealais,,,ais
21340,dréin,,,éin
21341,hEalaíne,h,,ne
21342,trátha,,,tha
21343,ndeimhneoidh,n,,idh
21344,claonta,,claon,ta
21345,hoptúil,h,,túil
21346,bhFianaise,bh,,se
21347,Meascáin,,,in
21348,teilgeadh,t,,eadh
21349,Créacht,,,acht
21350,mhírcheann,,,eann
21351,saighde,,,e
21352,neamh-iadhta,,neamh,ta
21353,Teicneolaíochtaí,,,taí
21354,feleontacht,,,tacht
21355,Cáiliúla,,,a
21356,lachain,,,in
21357,measaire,,,aire
21358,Fuarú,,,ú
21359,Óireachtas,,,tas
21360,tréada,,tré,da
21361,aerchóirithe,,aer,ithe
21362,ionradaíocht,,ion,aíocht
21363,cócaireacht,,,eacht
21364,cloíonn,,,íonn
21365,tochailte,t,,te
21366,phras,,,as
21367,trasdula,,tras,a
21368,linfoma,,,a
21369,ortha,,,tha
21370,Séiplíneach,,,each
21371,cheimiteiripe,,,e
21372,gCionta,g,,ta
21373,Oscailte,,,te
21374,Féidearthacht,,,acht
21375,roisín,,ro,ín
21376,d'fhiach,d',,ach
21377,hIascaireachta,h,,ta
21378,fhostaigh,,,aigh
21379,tráchtanna,,,anna
21380,Dúchasacha,,,acha
21381,n-údarófar,n-,,ófar
21382,frídíní,,,í
21383,dhícháilithe,,,ithe
21384,caoinfhulangaí,,,aí
21385,dhiadh,,,adh
21386,bhananaí,,,aí
21387,crúibh,,,ibh
21388,thoghfaidh,,,faidh
21389,chorpraigh,,,aigh
21390,shanntra,,,ra
21391,forchlúdach,,for,ach
21392,fhormheasa,,,sa
21393,an-chuiditheach,,an,each
21394,Astráiligh,,,igh
21395,síneanna,,,eanna
21396,duga,,,ga
21397,gníomhaíochtbhunaithe,,,aithe
21398,Sprae,,,e
21399,Donohoe,,,e
21400,snasa,,,sa
21401,Feidhmeanna,,,eanna
21402,luaíocht,,,aíocht
21403,cothrománach,,,ach
21404,Mach,,,ach
21405,t-oibreoir,t-,,eoir
21406,TÓrainn,,,inn
21407,fhála,,,a
21408,Vótála,,,a
21409,neamhdíreach,,neamh,each
21410,pcraindia,,,ia
21411,ilpháirtí,,il,tí
21412,Rogha,,,a
21413,ofthe,,,the
21414,Déagóirí,,,í
21415,craoltóir,,,tóir
21416,shuí,,,í
21417,cásanna,,,anna
21418,phíolóta,,,ta
21419,Cabhrú,,,ú
21420,slaodachta,,,ta
21421,drámatúla,,,a
21422,Galatia,,,ia
21423,bain,,,in
21424,síolraíochta,,,ta
21425,Mumhan,,,an
21426,sracfhéachana,,,na
21427,Bhféadaim,,,aim
21428,ríomhchomhdaithe,,ríomh,aithe
21429,gComhdhálacha,g,,acha
21430,hairgeadraí,h,,aí
21431,caomhnóirí,,,í
21432,Frith-ocsaídiú,,,iú
21433,n-ordaíonn,n-,,aíonn
21434,carraige,,,e
21435,eangach,,,ach
21436,Gnáthóg,,,óg
21437,seanda,,sean,da
21438,ion-aisíoctha,,ion,tha
21439,micreachothaitheach,,,each
21440,Measaimid,,,aimid
21441,dóibh,,dó,ibh
21442,cois,,,is
21443,hidirbheartaíochta,h,idir,ta
21444,Teileafón,,,fón
21445,gclárófar,g,,ófar
21446,cheolann,,,lann
21447,d'urghabháil,d',ur,áil
21448,fheidhmíonn,,,íonn
21449,Stát-tionscanta,,,ta
21450,beoite,,,te
21451,feiliúnaí,,,aí
21452,hionann,h,ion,ann
21453,foilseáin,,fo,in
21454,Neoiliteach,,,each
21455,HASL-Luaidhe,,,aidhe
21456,foléas,,fo,as
21457,oll-lónadóir,,oll,adóir
21458,dúithche,,dú,e
21459,gníomhacha,,,acha
21460,t-Ard-Rúnaí,t-,,aí
21461,neamh-iarnróid,,neamh,óid
21462,shuiteálacha,,,acha
21463,Irlandais,,,ais
21464,dtarlódh,d,tar,ódh
21465,dtéann,d,,ann
21466,ficheann,,,eann
21467,feictear,,,ear
21468,neamhthocsaineach,,neamh,each
21469,cheadaigh,,,aigh
21470,t-uachtar,t-,,tar
21471,mífhaisnéis,,mí,is
21472,thírdhreacha,,,eacha
21473,Ciginéireacht,,,eacht
21474,tabhartais,t,,ais
21475,Arann,,,ann
21476,fóirithine,,,ne
21477,comhthimpeallacha,,comh,acha
21478,meáite,,,te
21479,ítim,,,im
21480,ngiorracht,n,,acht
21481,Craolacháin,,,in
21482,ndíothófar,n,dí,ófar
21483,anailístíochta,,ana,ta
21484,uimhriúla,,,a
21485,geallúint,,,úint
21486,réamh-bainise,,réamh,se
21487,mí-athrú,,mí,ú
21488,Mór-Dhlísheomra,,,ra
21489,práomha,,,a
21490,sheiceálacha,,,acha
21491,Ididnáisiúnta,,,ta
21492,Kaufman,,,an
21493,phróisis,,,is
21494,mainneóidh,,,óidh
21495,tógfaí,t,,aí
21496,leithreasaithe,,,aithe
21497,dramhbhia,,,ia
21498,dea-oibriú,,dea,iú
21499,Pátrúnachta,,,ta
21500,breithiúnaigh,,,aigh
21501,imscrúdaitheoir,,im,eoir
21502,lonnaíocht,,,aíocht
21503,gnóthais,,,ais
21504,Coise,,,se
21505,ndéantaí,n,dé,taí
21506,Ráthaíochtaí,,,taí
21507,fíneaíl,,,aíl
21508,cáilíochtúil,,,túil
21509,Vótálaí,,,aí
21510,minicíochta,,,ta
21511,leictrigh,,leictri,igh
21512,dícháiliúchán,,dí,án
21513,Altanna,,,anna
21514,cuaillí,,,í
21515,heiseachadadh,h,,adh
21516,Cabhán,,,án
21517,seancheadúnais,,sean,ais
21518,an-tromchúiseach,,an,each
21519,Tairleictreach,,,each
21520,shárú,,,ú
21521,dópáil,,dó,áil
21522,gComhbheartas,g,,tas
21523,d'fhéadfá,d',,fá
21524,dtarmligean,d,tar,an
21525,oibleagáide,,,e
21526,Eis-Cheadúnas,,,únas
21527,Aibíocht,,,íocht
21528,Tráma,,,a
21529,scriú,,,iú
21530,triomadóirí,,,í
21531,formhuirear,,for,ear
21532,ordófar,,,ófar
21533,Eachtracha-Bhunaithe,,,aithe
21534,foie,,fo,e
21535,foréigean,,for,an
21536,mbainistíocht,m,bain,íocht
21537,Dione,,,ne
21538,Sa,,,a
21539,tabharfar,t,,far
21540,ghearrthéarmacha,,,acha
21541,14-bliain,,,in
21542,Ghairmiúil,,,úil
21543,bean,,,an
21544,d'Oibriú,d',,iú
21545,dvd-chaighdeán,,,eán
21546,Lána,,,na
21547,cosán,,,án
21548,soláthraithe,,so,aithe
21549,fhisiceacha,,,eacha
21550,Comhthoghfaidh,,,faidh
21551,comhairlitheach,,comh,each
21552,licéir,,,éir
21553,líomhnuithe,,,ithe
21554,híoscháilíochtaí,h,íos,taí
21555,ruffin,,,in
21556,chomharsanacht,,,acht
21557,bhunscoileanna,,,eanna
21558,n-árasán,n-,,án
21559,hiontaobhaisí,h,ion,í
21560,Cuirtar,,,tar
21561,Aoise,,,se
21562,ró-greamaitheach,,ró,each
21563,Comhlíonfaidh,,,faidh
21564,cuimsíodh,,,íodh
21565,foirte,,fo,te
21566,mótarbhealaigh,,,aigh
21567,Domhanda,,,da
21568,measúnóirí,,,í
21569,Tonn,,,nn
21570,Duine,,,ne
21571,haillte,h,,te
21572,Neamhrialtasacha,,,acha
21573,mórphíopaí,,mór,aí
21574,Míre,,,e
21575,Eaglasta,,,ta
21576,bithghníomhacha,,bith,acha
21577,dhochrú,,,ú
21578,Comharthaíocht,,,aíocht
21579,n-éilithe,n-,,ithe
21580,genikologa,,,ga
21581,bhfuinneas,bh,,eas
21582,ainmnithigh,,ain,igh
21583,brataí,,,taí
21584,Shúncáil,,,áil
21585,braiteoirí,,,í
21586,Lille,,,e
21587,síntiúisí,,,í
21588,Treisiúcháin,,,in
21589,bhfabhraíonn,bh,,aíonn
21590,gcomhchruinníonn,g,comh,íonn
21591,Roghnaíonn,,,aíonn
21592,Cábán,,,án
21593,Demelan,,,an
21594,Fhaoiseamh,,,amh
21595,leabhra,,,ra
21596,mhainnigh,,,igh
21597,tree,,,e
21598,shíciatracha,,,acha
21599,scaoilte,,,te
21600,Sainaithneoir,,,eoir
21601,sainithe,,sain,ithe
21602,Sócmhainn,,,inn
21603,hearráidí,h,,í
21604,daonnachtaithe,,daon,aithe
21605,hullmhaíodh,h,,íodh
21606,Tele,,,e
21607,ndáilfidh,n,dá,fidh
21608,d'institiúidí,d',in,í
21609,nduine,n,,ne
21610,d'éilitheoir,d',,eoir
21611,gComhlachtaí,g,,taí
21612,oibreofar,,,far
21613,aithním,,aith,ím
21614,n-aitheantas,n-,aith,tas
21615,Slachtmhara,,,ra
21616,d'fhostú,d',,ú
21617,nóturais,,,ais
21618,humidifitheoirí,h,,í
21619,paidreacha,,,eacha
21620,Dhaingniú,,,iú
21621,folmhú,,fo,ú
21622,ísealteochta,,,ta
21623,ngnáthchomhaltaí,n,gnáth,taí
21624,Córais,,,ais
21625,soléite,,so,te
21626,fhógraí,,,aí
21627,mheánaoiseach,,,each
21628,dheonfar,,,far
21629,sraithadhmad,,,ad
21630,Jaundice,,,e
21631,gceardaíochta,g,,ta
21632,bhfichiú,bh,,iú
21633,fheictí,,,tí
21634,gconartha,g,,tha
21635,Brunfelsia,,,ia
21636,Cleasacht,,,acht
21637,bolaidh,,,aidh
21638,sceimhlitheoireacht,,,eacht
21639,cuiríní,,,í
21640,n-uachtar,n-,,tar
21641,veicteoir,,,eoir
21642,Chíosanna,,,anna
21643,cuarduithe,,,ithe
21644,d'ionstruimí,d',ion,í
21645,cothú,,,ú
21646,cláraí,,,aí
21647,doibh,,do,ibh
21648,diagnóis,,dia,óis
21649,nítrigine,,nítri,ne
21650,comhuaineacha,,comh,eacha
21651,205a,,,a
21652,exclaim,,,aim
21653,Hot-tumtha,,,tha
21654,gceaptaí,g,,taí
21655,an-annamh,,an,amh
21656,ghrámad,,,ad
21657,sháraigh,,,aigh
21658,beomheáchan,,,chan
21659,féinrialála,,féin,a
21660,Billí,,,í
21661,mairtfheola,,,a
21662,thacaíocht,,,aíocht
21663,dhréachtaítear,,,ítear
21664,t-iarnród,t-,iar,ód
21665,dílseoidh,,dí,idh
21666,Cinnteoireacht,,,eacht
21667,Sóisialacha,,,acha
21668,shailleacha,,,eacha
21669,Sarcandra,,,ra
21670,gcampaí,g,,aí
21671,Shaolin,,,in
21672,urra-bharúntachtaí,,ur,taí
21673,ndlúthán,n,,án
21674,déantar,,dé,tar
21675,htaí,,,taí
21676,fholláine,,,ne
21677,d'Iúil,d',,úil
21678,dhearbhú,,,ú
21679,sparánacht,,,acht
21680,Taidhleoireachta,,,ta
21681,dhíhiodráitiú,,,iú
21682,hImlitreach,h,,each
21683,dteorainneacha,d,teo,eacha
21684,riosóim,,,im
21685,shealadach,,,ach
21686,mhiocrorgánaigh,,,aigh
21687,altach,,,ach
21688,leasófar,,leas,ófar
21689,ndéarfar,n,dé,far
21690,Mhanann,,,ann
21691,chisteora,,,ra
21692,Phaidrín,,,ín
21693,ghlanlaghdú,,,ú
21694,rás-chruinniú,,,iú
21695,úsáidtear,,,ear
21696,aontaithe,,aon,aithe
21697,fochéime,,fo,e
21698,airgeadais,,,ais
21699,stoptar,,,tar
21700,Korea,,,a
21701,phleananna,,,anna
21702,cabhartha,,,tha
21703,meabhair-shláinte,,,te
21704,dtógfaí,d,,aí
21705,Leabharlann,,,lann
21706,comhcholáiste,,comh,te
21707,phríomhghnéithe,,,ithe
21708,hialtóga,h,,ga
21709,otpravlyaetsya,,,a
21710,réamhiniúchta,,réamh,ta
21711,Comhairleoir,,,eoir
21712,gairleog,,,eog
21713,Aodha,,,a
21714,ocha,,,a
21715,chaighdeánach,,,ach
21716,gloine,,,ne
21717,uiscebhunaithe,,,aithe
21718,Milseoga,,,ga
21719,géilleadh,,,eadh
21720,aois-liúntas,,,tas
21721,gcistiú,g,,iú
21722,dhíorthú,,,ú
21723,choimircíochta,,,ta
21724,glaoiteoir,,,eoir
21725,omhÃ3idh,,,idh
21726,d'Oibríochtaí,d',,taí
21727,gcainteoir,g,,eoir
21728,Mheasúnóirí,,,í
21729,Ciorclán,,,án
21730,chaitheannrúnda,,,da
21731,Boniela,,,a
21732,aistriúcháin,,ais,in
21733,milseoga,,,ga
21734,Polai-criostalach,,,ach
21735,choimircí,,,í
21736,forchuireadh,,for,eadh
21737,foriamh,,for,amh
21738,chomhalltar,,,tar
21739,teaghlaigh,t,,aigh
21740,Faofa,,,a
21741,hálamh,h,,amh
21742,líomhnaíodh,,,íodh
21743,Fiontraíochta,,,ta
21744,haicinn,h,,inn
21745,chumasaíonn,,,aíonn
21746,coiriúla,,,a
21747,urraíochtaí,,ur,taí
21748,ndíolacháin,n,dí,in
21749,conspóideach,,,óideach
21750,tsamhail,t,,amhail
21751,snámh-phointe,,,te
21752,teaghrán,t,,án
21753,parsálaí,,,aí
21754,hainmnití,h,ain,tí
21755,Leaschraoladh,,,adh
21756,Bukhara,,,ra
21757,n-eagla,n-,,a
21758,tsíntiúis,t,,is
21759,riarthóirí,,,í
21760,Chódháil,,,áil
21761,Podchraoladh,,,adh
21762,Réamhdhéanta,,,ta
21763,Bianna,,,anna
21764,aquariumgnáthóg,,,óg
21765,dhá-imreoir,,,eoir
21766,athshealú,,ath,alú
21767,tréaslaíonn,,tré,aíonn
21768,fhoilsíú,,,ú
21769,cothrom-táille,,,e
21770,Statacha,,,acha
21771,meántuilleamh,,meán,amh
21772,Oksana,,,na
21773,príomhfheidhmeannaigh,,príomh,aigh
21774,fhíoraithe,,,aithe
21775,sáile,,,e
21776,bhfad,bh,fad,fad
21777,gnéasach,,,ach
21778,Farraige,,,e
21779,Ghríosú,,,ú
21780,thuismitheoir,,,eoir
21781,scaoilfear,,,fear
21782,gealladh,,,adh
21783,tré-chlárú,,tré,ú
21784,gcomhiomlán,g,comh,án
21785,Liostalaithe,,,aithe
21786,ceaintíní,,,í
21787,comhluachanna,,comh,anna
21788,cisteoir,,,eoir
21789,héileacaptar,h,,tar
21790,phríosúin,,,in
21791,oideachasúil,,,úil
21792,shuirbhéireacht,,,eacht
21793,d'fhorordú,d',,ú
21794,d'iontaobhas,d',ion,as
21795,pian-tseirbhíse,,,se
21796,melatonin,,,in
21797,comhsheirbhísí,,comh,í
21798,Fillteáin,,,in
21799,simplíocht,,,íocht
21800,bunriachtanach,,bun,ach
21801,ráthódh,,,ódh
21802,theipe,,,e
21803,achtachán,,,achán
21804,Sóidiam,,,idiam
21805,mhór-reaca,,,a
21806,mise,,,se
21807,múchfar,,,far
21808,tosnóidh,t,,óidh
21809,leathlómhara,,leath,ra
21810,Deimhniúchán,,,án
21811,gaireas,,,eas
21812,scarbhileog,,,eog
21813,DTagraítear,,,ítear
21814,inchomhshóite,,in,te
21815,tsealbháin,t,,in
21816,buinn,,,inn
21817,teilgcheárta,t,,ta
21818,iriseoirí,,,í
21819,dtáirgíonn,d,,íonn
21820,Damhsa,,,sa
21821,cumadóireacht,,,eacht
21822,Pacáistiú,,,iú
21823,Than,,,an
21824,comhdheiseanna,,comh,eanna
21825,Dhaoine,,,ne
21826,dúthchais,,dú,ais
21827,fhaireoir,,,eoir
21828,ghearradh-agus-greamaigh,,,aigh
21829,téamaí,t,,aí
21830,Uiscebhealaí,,,aí
21831,sceitheadh,,,eadh
21832,ghearrfar,,,far
21833,scanta,,,ta
21834,otharcharranna,,,anna
21835,nEagras,,,as
21836,coimeádadh,,,adh
21837,cheannacháin,,,in
21838,shlándáil,,,áil
21839,d'fhreacnairciú,d',,iú
21840,Rialóir,,,óir
21841,bhacfaidh,,,faidh
21842,hÍosánaigh,h,,aigh
21843,Thiarnaigh,,,aigh
21844,tIriseoir,t,,eoir
21845,gniomaíochtaí,,,taí
21846,chumhachtach,,,ach
21847,doiciméadú,,do,ú
21848,hAirí,h,,í
21849,Gairmí,,,í
21850,ime,,im,e
21851,neamhurraithe,,neamh,aithe
21852,gilidíní,,,í
21853,gcóimheas,g,,eas
21854,pholaiticiúil,,,úil
21855,t-oibrí,t-,,í
21856,sócmhainne,,,ne
21857,cóluchta,,,ta
21858,lítear,,,ítear
21859,mionchuntas,,mion,tas
21860,ofrálann,,,lann
21861,reoiteoir,,,eoir
21862,gáire,,,ire
21863,fhorimeallacha,,,acha
21864,Cheanntar,,,tar
21865,Braitheann,,,eann
21866,Satailíte,,,te
21867,caolaithe,,,aithe
21868,Priosmaí,,,aí
21869,Ríomhfaidh,,,faidh
21870,ghráinneog,,,eog
21871,fiáine,,,ne
21872,ghnáthshéala,,,a
21873,dhaora,,,ra
21874,Aiteanna,,,eanna
21875,Ionfhabhtú,,,ú
21876,Cháiliúla,,,a
21877,tarchuireadh,t,tar,eadh
21878,comhleanúnacha,,comh,acha
21879,thuairisciúil,,,úil
21880,Bailítear,,,ítear
21881,Beoir,,,eoir
21882,Nuachóirithe,,,ithe
21883,inniúil,,in,úil
21884,mí,,,í
21885,iompú,,,ú
21886,trúncanna,,,anna
21887,Reibiliúlacht,,,acht
21888,ikhtira,,,ra
21889,ghee,,,e
21890,tSeoirsia,t,,ia
21891,heacnamaíochta,h,,ta
21892,chuaidh,,,aidh
21893,gnáth-ranganna,,gnáth,anna
21894,Áitiúil,,,úil
21895,hiarmhairtí,h,iar,tí
21896,phárolla,,,a
21897,cheanglós,,,ós
21898,ranníocfaidh,,,faidh
21899,mmNí,,,í
21900,n-allmhairí,n-,,í
21901,marbhuítear,,,ítear
21902,drioglanna,,,anna
21903,Hiamáice,,,e
21904,trialacha,,,acha
21905,forlíonadh,,for,adh
21906,ard-shláintiúil,,ard,úil
21907,gcrúthófar,g,,ófar
21908,rechargeable,,,e
21909,Chlainne,,,ne
21910,Cosaintí,,,tí
21911,fásóra,,,ra
21912,ndeiseanna,n,,eanna
21913,dréachtmheastachán,,,achán
21914,Phearsanra,,,ra
21915,slabhraí,,,aí
21916,Bronnfaidh,,,faidh
21917,an-dochrach,,an,ach
21918,Aitreabhacha,,,acha
21919,bhunaitheoirí,,,í
21920,Seoirse,,,se
21921,Cuidíodh,,,íodh
21922,Cómhargála,,,a
21923,Otharcharranna,,,anna
21924,bhlaoscán,,,án
21925,deighleálfa,,,a
21926,bradáin,,,in
21927,mhóid,,,óid
21928,fianaithe,,fia,aithe
21929,lomtha,,,tha
21930,Inaistrithe,,,ithe
21931,Ard-Bhailitheoir,,,eoir
21932,chiontú,,,ú
21933,meaitseáil,,,áil
21934,Fiosrúcháin,,,in
21935,coise,,,se
21936,léirbhreithnithe,,,ithe
21937,Bagairtí,,,tí
21938,díobhach,,dí,ach
21939,airleacan,,,an
21940,Forléargas,,,as
21941,dual-abhras,,,as
21942,fhorcoimeáta,,,ta
21943,dearcáin,,dea,in
21944,dtoilleadh,d,,eadh
21945,tadhlacha,t,,acha
21946,sheachtrú,,,ú
21947,n-margadhluacha,,,acha
21948,tuaslagtha,t,,tha
21949,osteoarthritis,,os,is
21950,fabhraí,,,aí
21951,choimisiúnú,,,ú
21952,feidhmiúil,,,úil
21953,ea,,,a
21954,táirgiúlachta,t,,ta
21955,tairneála,t,,a
21956,Stoc-Bharántais,,,ais
21957,intleachta,,in,ta
21958,smaoinigh,,,igh
21959,Demokratische,,,e
21960,Kalina,,,na
21961,Liostú,,,ú
21962,mionchostaisí,,mion,í
21963,imchlúdach,,im,ach
21964,dócháin,,dó,in
21965,sárocsaídiú,,sár,iú
21966,tháil,,,áil
21967,Achta,,,ta
21968,sinneagóide,,sin,e
21969,ciontuithe,,,ithe
21970,eidhme,,,e
21971,Eipeasóid,,,óid
21972,gcoscfar,g,,far
21973,shocraitheoir,,,eoir
21974,Soláthróirí,,,í
21975,Brigade,,,e
21976,lóisteálaidhe,,,aidhe
21977,Phenergan,,,an
21978,bpróighe,b,,e
21979,for-scríobadh,,for,adh
21980,shínitheoirí,,,í
21981,Oiriúnaitheach,,,each
21982,cruaidhe,,,aidhe
21983,ócáidí,,,í
21984,andúil,,an,úil
21985,phróiseálann,,,lann
21986,pholagáin,,,in
21987,dhochróidh,,,óidh
21988,Neamhláithreachta,,,ta
21989,cháblaí,,,aí
21990,fuaim,,,aim
21991,Ghairmoideachas,,,achas
21992,dtarraingeofaí,d,tar,aí
21993,ngairthear,n,,ear
21994,chreidiúnófar,,,ófar
21995,chuirfidís,,,fidís
21996,Vítneamais,,,ais
21997,múchlann,,,lann
21998,tuaslagach,t,,ach
21999,Asendin,,,in
22000,fhiacha,,,acha
22001,bhailedhreach,,,each
22002,Shlainte,,,te
22003,céastóireachta,,,ta
22004,Eastóin,,,in
22005,bhrandaiú,,,iú
22006,neamhbhrabúsach,,neamh,ach
22007,tSín,t,Sín,ín
22008,Comhiomarcaíochtaí,,,taí
22009,hidrigine,h,hidri,ne
22010,Pleaála,,,a
22011,chéime,,,e
22012,conspóideacha,,,eacha
22013,bhreiseán,,,eán
22014,léitear,,,ear
22015,staidéir,,,éir
22016,Iomchuí,,,í
22017,oibreoirí,,,í
22018,éachtaí,,éa,taí
22019,sonracha,,so,acha
22020,eiseachadadh,,,adh
22021,fachta,,,ta
22022,uile-i-amháin,,uile,in
22023,greamáin,,,in
22024,Achainí,,,í
22025,róbhealaigh,,ró,aigh
22026,rádalaigh,,,aigh
22027,scuabadh,,,adh
22028,t-ionsú,t-,ion,ú
22029,hard-oideachas,h,ard,achas
22030,Ard-Diúcacht,,,acht
22031,dTeaghlaigh,d,,aigh
22032,cheithiúnaí,,,aí
22033,friotachais,,,ais
22034,comhairleoireachta,,comh,ta
22035,chladaigh,,,aigh
22036,Azithromycin,,,in
22037,faighim,,,im
22038,náisiúntachta,,,ta
22039,gcaife,g,,e
22040,ghnáth-chónaithe,,,aithe
22041,maighnéadas,,,as
22042,neamhshaothraithe,,neamh,aithe
22043,Urraithe,,,aithe
22044,Stade,,,e
22045,bhunaíocht,,,aíocht
22046,Trieste,,,te
22047,chúlghairmthe,,,the
22048,admhaigh,,,aigh
22049,tháirgfear,,,fear
22050,thrasnaíonn,,,aíonn
22051,sainchreidmheach,,sain,each
22052,caipíní,,,í
22053,gráta,,,ta
22054,bhfuilimid,bh,,imid
22055,Zadorozhnaya,,,a
22056,Sheachadadh,,,adh
22057,rialáil,,,áil
22058,fhlaithiúla,,,a
22059,tosaíocht,t,,aíocht
22060,Réamhchúraimí,,,í
22061,hUachtaránacht,h,,acht
22062,sean-bhaile,,sean,e
22063,shainítear,,,ítear
22064,príomhfhreastálaithe,,príomh,aithe
22065,Ceathrú,,,ú
22066,áisíneachtaí,,,taí
22067,Chomhaontaigh,,,aigh
22068,dearmadach,,dea,ach
22069,athchuingrigh,,ath,igh
22070,threorós,,,ós
22071,bomaí,,,aí
22072,dtárlóidh,d,,óidh
22073,luais,,,ais
22074,socrúchán,,so,án
22075,ndliteanas,n,,as
22076,chinnteora,,,ra
22077,trasnaí,,tras,aí
22078,Bamia,,,ia
22079,dhárothach,,,ach
22080,indáilte,,in,te
22081,Tiúsóir,,,óir
22082,broghais,,,ais
22083,Forghéillfear,,,fear
22084,leath-lítear,,leath,ítear
22085,scileanna,,,eanna
22086,aibreoga,,,ga
22087,leathcheann,,leath,eann
22088,imríodh,,im,íodh
22089,Gonna,,,na
22090,shláinte,,,te
22091,dingeacha,,,eacha
22092,ghiosta,,,ta
22093,gcórais,g,,ais
22094,sainordaítear,,sain,ítear
22095,lúbthachta,,,ta
22096,Sancaktepe,,,e
22097,cuidiú,,,iú
22098,figiúr,,,úr
22099,bpáirtithe,b,páirt,ithe
22100,deonach,,,ach
22101,eisita,,eisi,ta
22102,maicreacnamaíochta,,,ta
22103,cáblú,,,ú
22104,deontais,,,ais
22105,ndeintí,n,,tí
22106,olaí,,,aí
22107,ceiliúrthaighe,,,e
22108,ionsúiteacht,,ion,eacht
22109,thabharfaidh,,,faidh
22110,preasagallamh,,,amh
22111,n-úsáidte,n-,,te
22112,Ionduchtaithe,,,aithe
22113,Lakin,,,in
22114,cheannairí,,,í
22115,Máine,,,ne
22116,tairgtear,t,,ear
22117,shuaitheantais,,,ais
22118,trádstórála,,,a
22119,pháipéirí,,,í
22120,chúige,,,e
22121,gcróis,g,,óis
22122,réiltín,,ré,ín
22123,saoirseachtaí,,,taí
22124,athréitigh,,ath,tigh
22125,choimeádfar,,,far
22126,speisialtachta,,,ta
22127,European,,,an
22128,ionramhálacha,,ion,acha
22129,comhfhiúsach,,comh,ach
22130,compántas,,,tas
22131,daonna,,daon,na
22132,fhodhlí,,,í
22133,cloí,,,í
22134,cuíosach,,,ach
22135,Cloífear,,,fear
22136,sìdeadh,,,eadh
22137,ardvoltais,,ard,ais
22138,Babhla,,,a
22139,n-iontaobhaithe,n-,ion,aithe
22140,ghníomhóidh,,,óidh
22141,geoiteirmeach,,geo,each
22142,leictreastatach,,leictrea,ach
22143,líomhnadh,,,adh
22144,Hallaí,,,aí
22145,creimneach,,,each
22146,gcluiche,g,,e
22147,cearnóg,,,óg
22148,Siúicre,,,e
22149,Phríobháidiú,,,iú
22150,himtheorannaíodh,h,im,íodh
22151,Malartán,,,án
22152,bhfoirgnithe,bh,fo,ithe
22153,sheicheamh,,,amh
22154,comhaontuithe,,comh,ithe
22155,Cóirthrádáil,,,áil
22156,chóngaraí,,,aí
22157,Indiacha,,,acha
22158,polasaithe,,pola,aithe
22159,thosódh,,,ódh
22160,threochtaí,,,taí
22161,iatán,,,án
22162,mhacasamhla,,,a
22163,Aibrean,,,an
22164,breiseanna,,,eanna
22165,d'ath-shealbhú,d',ath,ú
22166,comhdhúile,,comh,e
22167,ógánach,,,ach
22168,Chirgeastáin,,,in
22169,sneachta,,,ta
22170,Fáiltímid,,,ímid
22171,mhionchuideachta,,,ta
22172,d'imdháil,d',im,áil
22173,thaispeántar,,,tar
22174,thabhóidh,,,óidh
22175,Seachtain,,,in
22176,ngearrliosta,n,gearr,ta
22177,deichbhlianta,,,ta
22178,míriarachán,,mí,achán
22179,faillithe,,,ithe
22180,bhuiséadach,,,ach
22181,feithicle,,,e
22182,cleamhnachta,,,ta
22183,grádanna,,,anna
22184,ciontóirí,,,í
22185,Eisithe,,,ithe
22186,dhamba,,,a
22187,fhorbróir,,,óir
22188,chartán,,,án
22189,hIlphointe,h,,te
22190,háilleachta,h,,ta
22191,céaduaire,,céad,aire
22192,bun-vótanna,,bun,anna
22193,mharsantas,,,tas
22194,tiomnacht,t,,acht
22195,gcríochnaíonn,g,,aíonn
22196,cloiche,,,e
22197,froganna,,,anna
22198,ríoga,,,ga
22199,Dahlia,,,ia
22200,Nochtadh,,,adh
22201,sainchuspóirí,,sain,í
22202,chothaithe,,,aithe
22203,d'ullamhú,d',,ú
22204,Mise,,,se
22205,tseachtaine,t,,ne
22206,Páirtithe,,,ithe
22207,thíolacfas,,,fas
22208,sholáthróir,,,óir
22209,Bairéin,,,éin
22210,antríú,,an,ú
22211,olltuilleamh,,oll,amh
22212,leanfaidh,,,faidh
22213,codlatach,,,ach
22214,uiscebhealaigh,,,aigh
22215,Uathoibriú,,,iú
22216,leochaileachta,,,ta
22217,príomhbhrandaí,,príomh,aí
22218,againn,,,inn
22219,n-údaraíonn,n-,,aíonn
22220,Cuimseofar,,,far
22221,Solad,,,ad
22222,Sruthlaigh,,,aigh
22223,CuimsÁonn,,,nn
22224,dírigh,,dír,igh
22225,choimircítear,,,ítear
22226,tharchuirfear,,,fear
22227,adubhradh,,,radh
22228,teanga,t,,ga
22229,cruálachta,,,ta
22230,Chosanta,,,ta
22231,dinimicí,,,í
22232,Bhuaicphointí,,,tí
22233,bhféachfaí,bh,,aí
22234,dáilcheanntar,,dá,tar
22235,chomhachtanna,,,anna
22236,cionroinnfear,,,fear
22237,n-athrófar,n-,ath,ófar
22238,neamhbhailíochta,,neamh,ta
22239,baineanna,,bain,eanna
22240,Faisnéis,,,is
22241,aíonna,,,na
22242,oraibhse,,,se
22243,ghnáth-áit,,,áit
22244,dubh-mhéara,,,ra
22245,scrúdófí,,,fí
22246,substaineadh,,,eadh
22247,scríobadh,,,adh
22248,bó-ainmhithe,,,ithe
22249,músaeim,,,im
22250,lapnika,,,a
22251,normalú,,,alú
22252,gclóífidh,g,,fidh
22253,uilechoiteanna,,uile,eanna
22254,Buataisí,,,í
22255,bailiú,,,iú
22256,aitheantais,,aith,ais
22257,grinn,,,inn
22258,Bhíothas,,,as
22259,uigeacht,,,eacht
22260,neamhchiontach,,neamh,ach
22261,gcigireacht,g,,eacht
22262,Feidhmeannach,,,ach
22263,Cuspóirí,,,í
22264,Oideolaíochta,,,ta
22265,Gael-Mheiriceánach,,,ach
22266,gleannta,,,ta
22267,dhúnann,,,ann
22268,bhfuilim,bh,,im
22269,daora,,,ra
22270,mb'aige,m,,e
22271,torthúil,t,,úil
22272,neamhghníomhartha,,neamh,tha
22273,screamhlú,,,ú
22274,tsealbhóra,t,,ra
22275,seinnteoir,,sein,eoir
22276,bhfostóidh,bh,fo,óidh
22277,malartuithe,,,ithe
22278,Ithe,,,the
22279,graifítí,,,ítí
22280,dhéiríochta,,,ta
22281,Dea-mhéin,,,éin
22282,d'fhoillisiú,d',,iú
22283,díoltóra,,dí,ra
22284,choigríche,,,e
22285,mheánacht,,,acht
22286,eaglasta,,,ta
22287,chóimheas,,,eas
22288,neamhchónaithe,,neamh,aithe
22289,bhféachfí,bh,,fí
22290,neamhchreideamh,,neamh,amh
22291,margadh,,,adh
22292,Uile-Uile,,,e
22293,in-athshlánaithe,,in,aithe
22294,chalaíochta,,,ta
22295,VSTis,,,is
22296,Indinéis,,,is
22297,ndiúscraíonn,n,,aíonn
22298,Tionóntacháin,,,in
22299,athchúrsála,,ath,a
22300,Áiteamh,,,amh
22301,Feisirí,,,í
22302,clárlainne,,,ne
22303,morálta,,,ta
22304,gcomórtais,g,,ais
22305,mhaoinítear,,,ítear
22306,tramanna,,,anna
22307,shampla,,,a
22308,ath-chinneadh,,ath,eadh
22309,hífí,h,,fí
22310,Maireachtáil,,,áil
22311,mheaisínteacht,,,eacht
22312,d'éagmais,d',éa,ais
22313,leigtar,,,tar
22314,mírcheann,,mí,eann
22315,bhfuasclófar,bh,,ófar
22316,chomhaimsearhta,,,ta
22317,dtugtar,d,,tar
22318,seana-theaghlach,,sean,ach
22319,mhaireann,,,eann
22320,cruthaitheoirí,,,í
22321,ghadaíocht,,,aíocht
22322,fulaingíodh,,,íodh
22323,Cáscabreis,,,is
22324,féinmheasúlacht,,féin,acht
22325,huibhe,h,,e
22326,luasúcháin,,,in
22327,d'Fheabhra,d',,ra
22328,deataithe,,dea,aithe
22329,Tosaíochta,,,ta
22330,Reachtúla,,,a
22331,sprain,,,in
22332,tíolactha,t,,tha
22333,sileadh,,,eadh
22334,gcoscann,g,,ann
22335,chiúbaigh,,,aigh
22336,leithdháileadh,,,eadh
22337,Bun-Oideachais,,,ais
22338,airbeach,,,each
22339,soláthairtí,,so,tí
22340,teaglamaí,t,,aí
22341,Ionsaithe,,,aithe
22342,dteaghais,d,,ais
22343,corparáideach,,,each
22344,haidiúvaigh,h,,aigh
22345,mháinliacht,,,acht
22346,Lacáiste,,,te
22347,shciatháil,,,áil
22348,geografach,,geo,ach
22349,Cartlanna,,,anna
22350,sciorrárthach,,,ach
22351,Caithfidh,,,fidh
22352,Cánach,,,ach
22353,gcáilíocht,g,,íocht
22354,foshirriam,,fo,iam
22355,cheanglófaí,,,ófaí
22356,fo-chuideachta,,fo,ta
22357,gcluichí,g,,í
22358,gcomhacht,g,comh,acht
22359,reoiteoirí,,,í
22360,chuimleoirí,,,í
22361,rachas,,,achas
22362,t-údaras,t-,,as
22363,bhfreagróidh,bh,,óidh
22364,teorainníonn,t,teo,íonn
22365,d'fheirmeoireacht,d',,eacht
22366,mórchóir,,mór,óir
22367,neamhoibrithe,,neamh,ithe
22368,Canála,,,a
22369,suíomhanna,,,anna
22370,gcomhlíonfaidh,g,comh,faidh
22371,fadbhunaithe,,fad,aithe
22372,Tosaitheoir,,,eoir
22373,measúnófar,,,ófar
22374,talamh-cheannaigh,t,,aigh
22375,Colmán,,,án
22376,pónaire,,,aire
22377,sluaistíní,,,í
22378,théipeanna,,,eanna
22379,lionsa,,,sa
22380,dolaí,,do,aí
22381,Foloseste,,,te
22382,Lócóis,,,óis
22383,lochtaí,,,taí
22384,bhfáltaí,bh,,taí
22385,31ú,,,ú
22386,Athsheoltóir,,,tóir
22387,ídithe,,,ithe
22388,fochlóirít,,fo,ít
22389,Modhnú,,,ú
22390,Cadhain,,,in
22391,scéal-líne,,,ne
22392,síoda,,,da
22393,fhéadfaimis,,,imis
22394,maolúcháin,,,in
22395,Doiciméadúchán,,,án
22396,congaraí,,,aí
22397,cheannaitheoir,,,eoir
22398,ceardaíocht,,,aíocht
22399,noibreoirí,,,í
22400,n-ullmhú,n-,,ú
22401,Ilghneitheach,,,each
22402,Bunreachta,,,ta
22403,onnmhairí,,,í
22404,stamina,,,na
22405,Comhdhuille,,,e
22406,Toraigh,,,aigh
22407,him,h,im,im
22408,Déantúsaíochta,,,ta
22409,headarbhirte,h,,te
22410,gclárú,g,,ú
22411,urlabhraí,,ur,aí
22412,dlitheanach,,,ach
22413,Réaltra,,,ra
22414,Scannánaíochta,,,ta
22415,d'fhochuideachtaí,d',,taí
22416,faigheann,,,eann
22417,Rianú-Rianú,,,ú
22418,deimhníochta,,,ta
22419,athshóiteáin,,ath,in
22420,gluaiseacht,,,eacht
22421,votaíocht,,,aíocht
22422,paicéad,,,éad
22423,gorm-uaine,,,ne
22424,Naoscaire,,,aire
22425,t-uasluach,t-,uas,ach
22426,Talamh,,,amh
22427,thógfar,,,far
22428,bíomaí,,,aí
22429,Neamhphósta,,,ta
22430,Léarscáil,,,áil
22431,shaol-chosanta,,,ta
22432,seachtainiúla,,seacht,a
22433,Antartaice,,,e
22434,Feadóg,,,óg
22435,n-iomprathóirí,n-,,í
22436,neadhlistinigh,,,igh
22437,tiúbracha,t,,acha
22438,Martin,,,in
22439,Gabhálais,,,ais
22440,eisiataí,,eisi,taí
22441,Formhéadaigh,,,aigh
22442,naan,,,an
22443,ndeachthas,n,dea,as
22444,Cáblaí,,,aí
22445,tSlóvéin,t,,éin
22446,Comhardaithe,,,aithe
22447,Sainítear,,,ítear
22448,Dhócmhainneacht,,,eacht
22449,mhacsamhlú,,,ú
22450,radóin,,,in
22451,thíre,,,e
22452,dteicnící,d,,í
22453,reáchtáiltear,,,ear
22454,idirinstitiúideacha,,idir,eacha
22455,déarfaidh,,dé,faidh
22456,bhfócas,bh,,as
22457,dhifreálú,,,ú
22458,Siria,,,ia
22459,péinteanna,,,eanna
22460,bpribhléidí,b,,í
22461,Cloisfimid,,,fimid
22462,inhumanacht,,in,acht
22463,chustaiméara,,,ra
22464,Liatroma,,,a
22465,léirmheastóir,,,tóir
22466,GRCanna,,,anna
22467,thaifeadfar,,,far
22468,iomportáil,,,áil
22469,theas,,,eas
22470,Leas-Stiúrthóirí,,,í
22471,ilchreidmheach,,il,each
22472,Bhunscoileanna,,,eanna
22473,indíreacha,,in,eacha
22474,sciorradh,,,radh
22475,bhfo-mhíreanna,bh,fo,eanna
22476,caomhnóra,,,ra
22477,bhíos,,,íos
22478,lánGhaelach,,,ach
22479,duganna,,,anna
22480,rannpháirtíochtaí,,,taí
22481,síorchistí,,síor,tí
22482,chúisíonn,,,íonn
22483,Phríomh-Aire,,,ire
22484,iomluaite,,,te
22485,tochta,t,,ta
22486,aithin,,aith,in
22487,Páidí,,,í
22488,do-chorraithe,,do,aithe
22489,coiníollacha,,,acha
22490,Tú,,,ú
22491,coimisinéara,,,ra
22492,t-iarratas,t-,iar,tas
22493,tairfe,t,,e
22494,gcomhráite,g,comh,te
22495,Feabhsú,,,ú
22496,ndiúltódh,n,,ódh
22497,Ríoga,,,ga
22498,Stiúra,,,ra
22499,mBillí,m,,í
22500,beimid,,,imid
22501,hÁiseachtacha,h,,acha
22502,buanchailleadh,,buan,eadh
22503,Ard-Aidiúnach,,,ach
22504,neamhréireacht,,neamh,eacht
22505,do-ghlactha,,do,tha
22506,d'fhiosrú,d',,ú
22507,féinmheasúnaithe,,féin,aithe
22508,dhíthiomnóir,,,óir
22509,sealbhóirí,,,í
22510,bacainní,,,í
22511,gaois,,,is
22512,mhucra,,,ra
22513,d'uireasa,d',,sa
22514,ghiaráil,,,áil
22515,iomalartaithe,,,aithe
22516,aerloingseoireachta,,aer,ta
22517,gComhlacht,g,,acht
22518,fostóirí,,fo,í
22519,ndlífear,n,,fear
22520,Mhóta,,,ta
22521,Réamhainmneacha,,,eacha
22522,Theachtaireacht,,,eacht
22523,bailte,,,te
22524,cnagadh,,,adh
22525,comhngarach,,comh,ach
22526,straitéiseach,,,each
22527,Víosaí,,,aí
22528,chíche,,,e
22529,greamaithe,,,aithe
22530,iontógtha,,ion,tha
22531,ceadóidh,,,óidh
22532,mhíchumais,,,ais
22533,hAicmiú,h,,iú
22534,institiúideacha,,in,eacha
22535,seoladh,,,adh
22536,céadta,,céad,ta
22537,Chniotála,,,a
22538,comhlánaigh,,comh,aigh
22539,mbonn,m,,nn
22540,fréamhchóras,,,as
22541,molta,,,ta
22542,claochladán,,,adán
22543,aimsítear,,,ítear
22544,Ghutháin,,,in
22545,formáide,,for,e
22546,comparáidí,,,í
22547,bhrabhsáil,,,áil
22548,Fhodhlíthe,,,the
22549,líonfaí,,,aí
22550,íosleasa,,íos,sa
22551,cólíona,,,na
22552,margadhluachanna,,,anna
22553,thriomann,,,ann
22554,Fo-iarsmaí,,,aí
22555,páirt-aimsire,,páirt,ire
22556,uasghrádú,,uas,ú
22557,tromchúiseacha,,,eacha
22558,Shíneadh,,,eadh
22559,héadach,h,éa,ach
22560,mbrabóg,m,,óg
22561,dáilitheora,,dá,ra
22562,beadh,,,eadh
22563,creidimid,,,imid
22564,Laghdóimid,,,óimid
22565,costéifeachtaí,,,taí
22566,agóidire,,,ire
22567,nglasraí,n,glas,aí
22568,seandaoine,,sean,ne
22569,mhoilliú,,,iú
22570,tséadchomhartha,t,,tha
22571,frith-dhílse,,frith,se
22572,an-éifeachtach,,an,ach
22573,huain,h,,in
22574,bruithneoirí,,,í
22575,rialacháín,,,ín
22576,bhfeleontacht,bh,,tacht
22577,sách-thriomach,,,ach
22578,GECCanna,,,anna
22579,mhaidin,,,in
22580,Feiste,,,te
22581,dtomhaltar,d,,tar
22582,1600í,,,í
22583,tháirgeoir,,,eoir
22584,Formhaoirsiú,,,iú
22585,n-máirseáil,,,áil
22586,iarchoinbhleachta,,iar,ta
22587,chéadluaitear,,,ear
22588,phósadh,,,adh
22589,féichiúnaithe,,,aithe
22590,flóra,,,ra
22591,Oibrí,,,í
22592,hÚdaráis,h,,áis
22593,bídís,,,ídís
22594,éilitheach,,,each
22595,Shaineolaithe,,,aithe
22596,Printíseachtaí,,,taí
22597,Fostóidh,,,óidh
22598,chomórtais,,,ais
22599,Sláintiúil,,,úil
22600,cáisíní,,,í
22601,aibiú,,,iú
22602,Shuirbhéireacht,,,eacht
22603,Príomhfheidhmeanna,,,eanna
22604,Sheandaoine,,,ne
22605,paisnéirí,,,í
22606,caighdeán,,,eán
22607,gineann,,,eann
22608,deina,,,na
22609,ráthóra,,,ra
22610,rasáin,,,in
22611,gheobhaimid,,,aimid
22612,grinneallacha,,,acha
22613,athlonnú,,ath,ú
22614,Tionscnamh,,,amh
22615,billí,,bi,í
22616,scríbhní,,,í
22617,dathanna,,,anna
22618,mbeartas,m,,tas
22619,laghdú,,lag,ú
22620,chomhairlitheach,,,each
22621,phuínte,,,te
22622,Aerlínte,,,te
22623,d'atráthú,d',,ú
22624,an-dóchasach,,an,ach
22625,tromlaigh,,,aigh
22626,cliceáil,,,áil
22627,athlánpháirtiú,,ath,iú
22628,Cumasófar,,,ófar
22629,Creidiúnaithe,,,aithe
22630,chleachtais,,,ais
22631,aigéadú,,,ú
22632,n-toradh,,,radh
22633,n-rudaí,,,aí
22634,sochaí,,soch,aí
22635,gcomhpháirtithe,g,comh,ithe
22636,dea-chleachtas,,dea,tas
22637,Réamh-Imréiteach,,,each
22638,craicne,,,ne
22639,ghalfchúrsaí,,,aí
22640,Canach,,,ach
22641,sheanaimsearthacht,,,acht
22642,chlárú,,,ú
22643,Conláistí,,,tí
22644,Príosúnacht,,,acht
22645,ionannach,,ion,ach
22646,mbeartú,m,,ú
22647,tadhlach,t,,ach
22648,Chuamar,,,amar
22649,éasca-le,,éa,e
22650,Teaglaim,,,aim
22651,Meadhon-Oideachais,,,ais
22652,mp3gain,,,in
22653,iarshealbhóir,,iar,óir
22654,cóid,,,óid
22655,chítear,,,ítear
22656,Leadca,,,a
22657,Teaghlaigh,,,aigh
22658,than,,,an
22659,imbhalla,,im,a
22660,bhféile,bh,,e
22661,réamh-ingearach,,réamh,ach
22662,Fo-choistí,,,tí
22663,leánn,,,nn
22664,miondealaithe,,mion,aithe
22665,t-atharú,t-,ath,ú
22666,nglactha,n,,tha
22667,créachtaí,,,taí
22668,Cnaipí,,,í
22669,athlonnaithe,,ath,aithe
22670,Aitheantas,,,tas
22671,neodrachta,,neo,ta
22672,péisteanna,,,eanna
22673,dháil,,,áil
22674,láithreoirí,,,í
22675,criú,,,iú
22676,thogha,,,a
22677,Staidéir,,,éir
22678,polapróilíní,,pola,í
22679,caiteachais,,,ais
22680,gruagaireachta,,,ta
22681,bhreithiúnachta,,,ta
22682,faraige,,,e
22683,iata,,,ta
22684,ghluais,,,ais
22685,Cabáiste,,,te
22686,folúntais,,fo,ais
22687,Mhatnanach,,,ach
22688,ársa,,,sa
22689,trasghearrtha,,tras,tha
22690,Státseirbhíse,,,se
22691,il-díoltóir,,il,tóir
22692,sholáthraímid,,,aímid
22693,Dearfar,,,far
22694,athsholáthraíodh,,ath,íodh
22695,sruthán,,,án
22696,phríomhthréithe,,,ithe
22697,Raleigh,,,igh
22698,lánscoireadh,,,eadh
22699,údaráis,,,áis
22700,dumpáil,,,áil
22701,Kariman,,,an
22702,dhíreofar,,,far
22703,Bainte,,,te
22704,neamhéite,,neamh,te
22705,comhdhéanfar,,comh,far
22706,staidiam,,,idiam
22707,eochairthéarmaí,,eo,aí
22708,Mairfidh,,,fidh
22709,liobrálaithe,,,aithe
22710,Mharú,,,ú
22711,bannastóras,,ban,as
22712,théarma,,,a
22713,héasúna,h,éa,na
22714,comhgarach,,comh,ach
22715,ndintiúirí,n,,í
22716,Óglaigh,,,aigh
22717,bhForaois,bh,,is
22718,eisiach,,eisi,ach
22719,Uirbeach,,,each
22720,Nusa,,,sa
22721,ardaitheora,,ard,ra
22722,dóréitithe,,dó,ithe
22723,Claremorris,,,is
22724,neamh-iniúchta,,neamh,ta
22725,Sainiú,,,iú
22726,bhfoirmítear,bh,fo,ítear
22727,shealúchas,,,as
22728,pléití,,,tí
22729,dtosnóidh,d,,óidh
22730,ráthaíodh,,,íodh
22731,han-rudaí,h,an,aí
22732,marbhadh,,,adh
22733,Guímis,,,ímis
22734,thorthúlacht,,,acht
22735,neamhthástála,,neamh,a
22736,hionfhabhtú,h,ion,ú
22737,snáithíní,,,í
22738,shláintiúil,,,úil
22739,ró-chúiseamh,,ró,amh
22740,hEthós,h,,ós
22741,Osclaítear,,,ítear
22742,sealúchais,,,ais
22743,d'fhoirgniú,d',,iú
22744,Rampaí,,,aí
22745,fleisce,,,e
22746,tairgítear,t,,ítear
22747,lárchóras,,lár,as
22748,gcomhréir,g,comh,éir
22749,eile-aitheanta,,,ta
22750,arionstraim,,,aim
22751,aigéadacha,,,acha
22752,baictéir,,,éir
22753,inchomparáideachta,,in,ta
22754,Éire,,,ire
22755,n-údaráis,n-,,áis
22756,ardmhinicíochta,,ard,ta
22757,gcruinneofar,g,,far
22758,gclisfear,g,,fear
22759,gcÃolchiste,g,,te
22760,fostaíochta,,fo,ta
22761,ingearchlónna,,in,na
22762,saicíní,,,í
22763,mortlaíochta,,,ta
22764,naomhaithnisí,,,í
22765,fhighte,,,te
22766,Thuilleamh,,,amh
22767,Sármhaitheas,,,eas
22768,fógráin,,,in
22769,oibrithe,,,ithe
22770,hathruaithe,h,ath,aithe
22771,chonarthaí,,,aí
22772,cógaiseoir,,,eoir
22773,híoslódáil,h,íos,áil
22774,Ungáiris,,,is
22775,Pearsanra,,,ra
22776,Dutasteride,,,e
22777,bolcánaithe,,,aithe
22778,Fondúireacht,,,eacht
22779,bhréagfainn,,,inn
22780,t-iontaobhaí,t-,ion,aí
22781,cruthaitheacht,,,eacht
22782,hÉireann-Stáit,h,,áit
22783,Chéatadán,,,adán
22784,sainordaithí,,sain,í
22785,uilechuimsitheacht,,uile,eacht
22786,íseal-chumhacht,,,acht
22787,páirtmhonaraithe,,páirt,aithe
22788,dtige,d,,e
22789,Free,,,e
22790,Ríomhfar,,,far
22791,dofheicthe,,do,the
22792,neamhionannas,,neamh,as
22793,céimíní,,,í
22794,phróifíliú,,,iú
22795,cheapa,,,a
22796,scair-shealbhóir,,,óir
22797,árachaisí,,,í
22798,barrchuideachtaí,,barr,taí
22799,gásailín,,,ín
22800,dominirovaniya,,do,a
22801,sothuigthe,,so,the
22802,lámhaigh,,,aigh
22803,pataigineach,,pata,gineach
22804,lása,,,sa
22805,fada-duille,,fad,e
22806,thartarach,,,ach
22807,cros-seiceála,,cros,a
22808,Quelle,,,e
22809,phráta,,,ta
22810,Coigeartú,,,ú
22811,Míneofar,,,far
22812,pointí,,,tí
22813,Macrairgeadais,,,ais
22814,n-acmhainní,n-,,í
22815,ghrúpa,,,a
22816,coimisiúin,,,in
22817,luibheacha,,,eacha
22818,Fhorlíonadh,,,adh
22819,bpáistí,b,,tí
22820,contae-bhainisteoir,,,eoir
22821,carcinoma,,,a
22822,chupóin,,,in
22823,dhearcthaí,,,aí
22824,Bhosca,,,a
22825,t-oibritheoir,t-,,eoir
22826,láimhseáil,,,áil
22827,mhicrea-comhpháirteanna,,,eanna
22828,chríochaigh,,,aigh
22829,Cluas,,,as
22830,Sheoladh,,,adh
22831,Cónaí,,,aí
22832,uathchórais,,uath,ais
22833,Ha,,,a
22834,híoctar,h,,tar
22835,éabhlóideach,,éa,óideach
22836,Comhairleoireachta,,,ta
22837,forghéillfear,,for,fear
22838,Printíseachta,,,ta
22839,mheasúnachtaí,,,taí
22840,táltar,t,,tar
22841,Thoghcháin,,,in
22842,cuntasaíochta,,,ta
22843,aistrí,,ais,í
22844,suaite,,,te
22845,Chothrománach,,,ach
22846,táirgtheoir,t,,eoir
22847,beartaithe,,,aithe
22848,réigiúnach,,ré,ach
22849,corticotropin,,,in
22850,Forordaítear,,,ítear
22851,fho-tharmligean,,,an
22852,criosanna,,,anna
22853,gComheagraíocht,g,,aíocht
22854,feabhsú,,,ú
22855,Príobháideacha,,,eacha
22856,clársceidealaithe,,,aithe
22857,grceidúnas,,,únas
22858,dtarlaíonn,d,tar,aíonn
22859,chasadh,,,adh
22860,Réamhthoiliú,,,iú
22861,réamhaistrithe,,réamh,ithe
22862,austenite,,,te
22863,Dréachtscéim,,,im
22864,gcumais,g,,ais
22865,spleácha,,,a
22866,uasteorainneacha,,uas,eacha
22867,rámha,,,a
22868,zingerone,,,ne
22869,sholáthróirí,,,í
22870,buíocán,,,án
22871,dhuánacht,,,acht
22872,beangaithe,,,aithe
22873,binneas,,bi,eas
22874,nea-dhleathach,,,ach
22875,phríomhtheanga,,,ga
22876,chomhréitigh,,,tigh
22877,cineálcheadú,,,ú
22878,neamhshábháilte,,neamh,te
22879,Teagmhála,,,a
22880,stápláilte,,,te
22881,Idirthréimhseacha,,,eacha
22882,Yukka,,,a
22883,slabhra,,,ra
22884,bhforáil,bh,for,áil
22885,éite,,,te
22886,132ú,,,ú
22887,taitneamhachta,t,,ta
22888,polaí,,pola,aí
22889,uathrialacha,,uath,acha
22890,dtaisctear,d,tais,ear
22891,bPríomhfheidhmeannach,b,,ach
22892,amhonaraítear,,am,ítear
22893,hoidhreachta,h,,ta
22894,ndíoltaí,n,dí,taí
22895,laethiúla,,,a
22896,aireagáin,,,in
22897,Cúcamar,,,amar
22898,Comhoibreoidh,,,idh
22899,Geofumadas,,,as
22900,déach,,dé,ach
22901,Eacnamúil,,,úil
22902,achomaireacht,,,eacht
22903,Ceannaigh,,,aigh
22904,LAAfrican-Mheiriceánach,,,ach
22905,Héiliam,,,iam
22906,árachú,,,ú
22907,malartú,,,ú
22908,Margaíocht,,,aíocht
22909,thrambhealach,,,ach
22910,Lánpháirtiú,,,iú
22911,trasloingsithe,,tras,ithe
22912,thiteann,,,eann
22913,himeachta,h,im,ta
22914,neamhfheidhmithe,,neamh,ithe
22915,drochdhéalú,,droch,alú
22916,cruthaitheachta,,,ta
22917,siúicre,,,e
22918,forleagan,,for,an
22919,chéad-duine,,,ne
22920,iasachtú,,,ú
22921,sháruithe,,,ithe
22922,dhúbailte,,,te
22923,tásca,t,,a
22924,gcuairteoirí,g,,í
22925,Jan,,,an
22926,stailceanna,,,eanna
22927,déantúsóir,,dé,óir
22928,uastiarna,,uas,na
22929,deannach,,dea,ach
22930,dheichniúr,,,úr
22931,Chuntasóir,,,óir
22932,codlaidín,,,ín
22933,Airgintín,,,ín
22934,gabhann,,,ann
22935,úll-chrann,,,ann
22936,leoin,,,in
22937,Ionghlaoiteacht,,,eacht
22938,Nóta,,,ta
22939,Seoltóireacht,,,eacht
22940,athúsáide,,ath,e
22941,chomhaltas,,,tas
22942,monaraíochta,,mona,ta
22943,dhéantóirí,,,í
22944,domhnaigh,,do,aigh
22945,fógrán,,,án
22946,aontúcháin,,aon,in
22947,dílsítear,,dí,ítear
22948,n-aice,n-,,e
22949,marcálfaidh,,,faidh
22950,gComhairlí,g,,í
22951,mhótarbhealaí,,,aí
22952,dTreoir,d,,eoir
22953,slacht,,,acht
22954,shocrófar,,,ófar
22955,árachóir,,,óir
22956,bhfíréan,bh,,an
22957,athmheas,,ath,eas
22958,Clársheoltóireacht,,,eacht
22959,Corcaigh,,,aigh
22960,ainéistéiseacha,,ain,eacha
22961,Steiriúla,,,a
22962,Codlaidínigh,,,igh
22963,ardchéim,,ard,im
22964,Cumhachtófar,,,ófar
22965,Réigiúnaigh,,,aigh
22966,Coin,,,in
22967,thionscamh,,,amh
22968,ró-aice,,ró,e
22969,híocfaidh,h,,faidh
22970,Google,,,e
22971,sheana-thionóntacht,,,tacht
22972,Staighrí,,,í
22973,glacfidh,,,fidh
22974,dhe,,,e
22975,mé2Sonraíochtaí,,,taí
22976,Conclúidí,,,í
22977,Ríomhluach,,,ach
22978,sannaithe,,,aithe
22979,bhreosla,,,a
22980,sholáthraítear,,,ítear
22981,ath-liostáil,,ath,áil
22982,láidreachta,,,ta
22983,Díobhálach,,,ach
22984,radaighníomhacha,,rada,acha
22985,mianadóirí,,,í
22986,scagdhealú,,,alú
22987,shaothrófar,,,ófar
22988,lán-réimse,,,se
22989,inúsáideacht,,in,eacht
22990,aisgharithe,,ais,ithe
22991,sorcóra,,so,ra
22992,oibrítear,,,ítear
22993,reo-ordú,,,ú
22994,Próiseas,,,eas
22995,fáltaithe,,,aithe
22996,Ranníocaí,,,aí
22997,huirlise,h,,se
22998,feadhna,,,na
22999,bhuaileamar,,,eamar
23000,carnadh,,,adh
23001,mháithreacha,,,eacha
23002,so-aimsithe,,so,ithe
23003,tseachadtha,t,,tha
23004,co-réir,,,éir
23005,250-acra,,,ra
23006,togacháin,t,,in
23007,fhágfadh,,,fadh
23008,n-urramóidh,n-,ur,óidh
23009,d'fhoirgneamh,d',,amh
23010,fhillteáin,,,in
23011,fásaigh,,,aigh
23012,tosaítear,t,,ítear
23013,thárrtháil,,,áil
23014,mbainisteoireacht,m,bain,eacht
23015,n-oiriúnacht,n-,oir,acht
23016,t-urruitheoir,t-,ur,eoir
23017,ghríobháin,,,in
23018,trádmharcanna,,,anna
23019,thógfidh,,,fidh
23020,ndebentiúirí,n,,í
23021,dhílseánach,,,ach
23022,anois,,an,is
23023,bhfócasghrúpaí,bh,,aí
23024,hoscalófar,h,os,ófar
23025,n-nádúrtha,,,tha
23026,géarmhíochaine,,,ne
23027,choipeadh,,,eadh
23028,síochánta,,,ta
23029,Teochtaí,,,taí
23030,d'uaire,d',,aire
23031,lofa,,,a
23032,feisteas,,,eas
23033,Saorthrádála,,,a
23034,Samsun-Sivas,,,as
23035,cúramaí,,,aí
23036,thirim,,,im
23037,solofa,,so,a
23038,ghnóchain,,,in
23039,compordacha,,,acha
23040,bhuíne,,,ne
23041,féintástála,,féin,a
23042,toimhdeana,t,,na
23043,tsealbhach,t,,ach
23044,Teasalónaigh,,,aigh
23045,tuinníní,t,,í
23046,Neamh-Chlainne,,,ne
23047,Sainghrúpaí,,,aí
23048,radiothelegrafaíocht,,,grafaíocht
23049,Feasta,,,ta
23050,dianscaoilte,,dia,te
23051,Ceilteacha,,,eacha
23052,bunluachanna,,bun,anna
23053,Príomh-Oifige,,,e
23054,phinsean,,,sean
23055,Póilíní,,,í
23056,sealbhú,,,ú
23057,Gramadaí,,,aí
23058,oibriú,,,iú
23059,nInfhilltear,,,ear
23060,rófhanachta,,ró,ta
23061,puinseanna,,,eanna
23062,fátha,,,tha
23063,athcheaptha,,ath,tha
23064,fíor-airgeadra,,fíor,ra
23065,cósúil,,,úil
23066,Freagraí,,,aí
23067,foirleatha,,fo,tha
23068,athchromadh,,ath,adh
23069,Tarmligthe,,,the
23070,dúchais,,dú,ais
23071,saoireanna,,,eanna
23072,bacanna,,,anna
23073,dréacht-airgead,,,ad
23074,miconazole,,,e
23075,fuaidreán,,,eán
23076,ghlasadh,,,adh
23077,có-cheangailte,,,te
23078,fho-dhlithe,,,ithe
23079,luascáin,,,in
23080,eacnamaíochta,,,ta
23081,roinnteoirí,,ro,í
23082,Avandia,,,ia
23083,Monatóireachta,,,ta
23084,Comhbhailitheoir,,,eoir
23085,an-dheas,,an,eas
23086,dearbhuíodh,,dearbh,íodh
23087,Cóipeanna,,,eanna
23088,doichte,,do,te
23089,d'iomaistriú,d',,iú
23090,Iontráil,,,áil
23091,cheaptha,,,tha
23092,ilphléacsanna,,il,anna
23093,buachaillí,,,í
23094,Ciste-shonracha,,,acha
23095,ngearrtar,n,gearr,tar
23096,éagfaidh,,éa,faidh
23097,Ferrera,,,ra
23098,shannadh,,,adh
23099,fíonsaothrúcháin,,,in
23100,spreagadh,,,adh
23101,Cloisimid,,,imid
23102,onnmhairíochta,,,ta
23103,amhránaí,,am,aí
23104,curaí,,,aí
23105,Athghairme,,,e
23106,bpríomh-oifigigh,b,príomh,igh
23107,iarrainn,,iar,inn
23108,ndéantúsaíocht,n,dé,aíocht
23109,Iomaíochas,,,as
23110,babhlaí,,,aí
23111,loingis,,,is
23112,gach,,,ach
23113,trasearnála,,tras,a
23114,bhancaeireacht,,,eacht
23115,Comhdhlúthaithe,,,aithe
23116,Maoiníodh,,,íodh
23117,Adhrileach,,,each
23118,Cosme,,,e
23119,Réamh-Teacht,,,eacht
23120,n-ainmneacha,n-,ain,eacha
23121,tuarascálacha,t,,acha
23122,socruithe,,so,ithe
23123,gceapann,g,,ann
23124,n-dhuine,n-,,ne
23125,bpunanna,b,,anna
23126,Daonlathais,,,ais
23127,clár-thonnáiste,,,te
23128,breisluacha,,,acha
23129,sainchomharthaí,,sain,aí
23130,líofa,,,a
23131,croí-fhorálacha,,,acha
23132,málaí,,,aí
23133,comhroghnach,,comh,ach
23134,kurdestan,,,an
23135,háitiú,h,,iú
23136,fhondúireacht,,,eacht
23137,lán-ullmhaithe,,,aithe
23138,Meabhrán,,,án
23139,gcaogaidí,g,,í
23140,alia,,,ia
23141,grinnfhiosrúchán,,,án
23142,hintinní,h,in,í
23143,bunuitheoirí,,bun,í
23144,mbeartófaí,m,,ófaí
23145,maithfear,,,fear
23146,Dí-aicídiú,,,iú
23147,Chaithim,,,im
23148,muirear,,,ear
23149,árachóra,,,ra
23150,iontráiltear,,ion,ear
23151,Impireacht,,,eacht
23152,Chomhairlithigh,,,igh
23153,cruthúnachtaí,,,taí
23154,chuisle,,,e
23155,Chlárlann,,,lann
23156,seana-choiste,,sean,te
23157,iompróirí,,,í
23158,cónaitheoir,,,eoir
23159,breathnú,,,ú
23160,lear,,,ear
23161,iomarcaíocht,,,aíocht
23162,Dhrugaí,,,aí
23163,ainéistéiseach,,ain,each
23164,fáltaí,,,taí
23165,cartlanna,,,anna
23166,Comhfhiontar,,,tar
23167,chomhuaineach,,,each
23168,bhfoirmiúlachtaí,bh,fo,taí
23169,fóirsteanach,,,ach
23170,muirmhíle,,,e
23171,dhíoltóirí,,,í
23172,shealbhaigh,,,aigh
23173,dhálaí,,,aí
23174,landairí,,,í
23175,chniotála,,,a
23176,Ghearrliosta,,,ta
23177,riosca-bhunaithe,,,aithe
23178,neamhíonachtaí,,neamh,taí
23179,faigthe,,,the
23180,potaithe,,,aithe
23181,tuitim-amach,t,,ach
23182,n-eascróidh,n-,eas,óidh
23183,Ionchorpróidh,,,óidh
23184,Béla,,,a
23185,gaire,,,aire
23186,Titim,,,im
23187,hInde,h,,e
23188,Táirgeora,,,ra
23189,contúirteacht,,,eacht
23190,eolaíochta,,eo,ta
23191,Crúba,,,a
23192,grúp-fhaoiseamh,,grúp,amh
23193,nach,,,ach
23194,tréigtheoirí,,tré,í
23195,chomhordaithe,,,aithe
23196,spóir,,,óir
23197,mheastóireachta,,,ta
23198,idirscaradh,,idir,radh
23199,Gülhane,,,ne
23200,Breithe,,,ithe
23201,clúidín,,,ín
23202,dtrioblóid,d,,óid
23203,bunreacht,,bun,eacht
23204,stán-duilleog,,,eog
23205,nigh,,,igh
23206,Canada,,,da
23207,seana-chlárú,,sean,ú
23208,nDia,n,,ia
23209,athléasaí,,ath,aí
23210,Tuarascála,,,a
23211,taréis,t,tar,is
23212,graificí,,,í
23213,Creacha,,,eacha
23214,thabharfá,,,fá
23215,Fiche,,,e
23216,marfacha,,,acha
23217,Cainte,,,te
23218,Ghlas,,,as
23219,cnóite,,,te
23220,teileachumarsáide,t,,e
23221,Ceangaltais,,,ais
23222,Cuachtaí,,,taí
23223,Monarcha-Táirgí,,,í
23224,sórtáil,,,áil
23225,dheineann,,,eann
23226,gcéad-mheasúnachtaí,g,céad,taí
23227,oiriúnaítear,,oir,ítear
23228,trasnú,,tras,ú
23229,n-ullmhófar,n-,,ófar
23230,suífidh,,,fidh
23231,portaigh,,,aigh
23232,Saputara,,,ra
23233,Deoirithe,,,ithe
23234,amha,,am,a
23235,bríomhaireacht,,brí,eacht
23236,Aistear,,,ear
23237,héalaitheoirí,h,éa,í
23238,fhreagracht,,,acht
23239,láracha,,lár,acha
23240,Phóirse,,,se
23241,cnapshuim,,,im
23242,párolla,,,a
23243,onnmhairiú,,,iú
23244,ceannróganna,,ceann,anna
23245,Cónaitheach,,,each
23246,dtiocfar,d,,far
23247,iarmartach,,iar,ach
23248,n-áireofaí,n-,,aí
23249,lánléargais,,,ais
23250,Athmhúnlú,,,ú
23251,an-coimhthíocha,,an,a
23252,che,,,e
23253,Thais,,,ais
23254,Spúinse,,,se
23255,staighre,,,e
23256,Cheanada-bhunaithe,,,aithe
23257,dhifríochtaí,,,taí
23258,inchúlghairmthe,,in,the
23259,údarais,,,ais
23260,Bhreoiteachta,,,ta
23261,múinteoireacht,,,eacht
23262,n-urghabhálacha,n-,ur,acha
23263,thionscnamh,,,amh
23264,seanmóirí,,sean,í
23265,fíoróidh,,fíor,óidh
23266,sheirbheála,,,a
23267,French-Quebecois,,,is
23268,bainfidh,,bain,fidh
23269,Vibraris,,,is
23270,léana,,,na
23271,Krispie,,,e
23272,pholasaí,,,aí
23273,risíochtaí,,,taí
23274,Bhrasaíl,,,aíl
23275,Neamhdháilte,,,te
23276,tuairiscthe,t,,the
23277,rasskazyvaya,,,a
23278,scrúdaitheoirí,,,í
23279,Ionracas,,,as
23280,d'fhoirne,d',,ne
23281,Caighdeán,,,eán
23282,aoire,,,ire
23283,Éadach,,,ach
23284,Tigtone,,,ne
23285,Naslovna,,,na
23286,réamh-mheasta,,réamh,ta
23287,phreas-fheistiú,,,iú
23288,modhanna,,,anna
23289,cheadófaí,,,ófaí
23290,Teascána,,,na
23291,teanntáin,t,,in
23292,náisiúnaigh,,,aigh
23293,haistriú,h,ais,iú
23294,tionlacan,t,,an
23295,aolchloiche,,,e
23296,fóirfear,,,fear
23297,sreinge-nasctha,,,tha
23298,potaisiam,,,iam
23299,dóthanacht,,dó,acht
23300,Traenacha,,,acha
23301,himghabháil,h,im,áil
23302,iseabútán,,,án
23303,gcaithfimid,g,,fimid
23304,teicneoirí,t,,í
23305,céilí,,,í
23306,Seachadadh,,,adh
23307,Tuairisceoidh,,,idh
23308,fíora,,fíor,ra
23309,tugaim,t,,aim
23310,Triúr,,,úr
23311,estáit,,,áit
23312,Cion-Laigheaduithe,,,ithe
23313,t-ardchaighdeán,t-,ard,eán
23314,déanann,,dé,ann
23315,b'éigean,,,an
23316,LiachtaÓglaigh,,,aigh
23317,díoltar,,dí,tar
23318,easportálfaidh,,eas,faidh
23319,síciatracht,,síci,acht
23320,nuashonraigh,,nua,aigh
23321,gCúigiú,g,,iú
23322,Donncha,,,a
23323,Bhille,,,e
23324,fhearais,,,ais
23325,bhFoinse,bh,,se
23326,fhaightear,,,ear
23327,Teannas,,,as
23328,Fairsinge,,,e
23329,dailtíní,,,í
23330,ciorcmhaim,,,aim
23331,chrochán,,,án
23332,meiningíteas,,,íteas
23333,dheonann,,,ann
23334,Líonadh,,,adh
23335,sciálaithe,,,aithe
23336,cheannsan,,,san
23337,bhfomhíreanna,bh,fo,eanna
23338,coileacháin,,,in
23339,ionathainmnithe,,ion,ithe
23340,Lúbthachta,,,ta
23341,fhorghníomhú,,,ú
23342,gcomhthionónta,g,comh,ta
23343,ngabhfaidh,n,,faidh
23344,amúchadh,,am,adh
23345,nideoige,,,e
23346,dhúisigh,,,igh
23347,cineálach,,,ach
23348,bpearsa,b,,sa
23349,Bodhra,,,ra
23350,Coimeádaithe,,,aithe
23351,nÉimíríochtaí,,,taí
23352,gcearta,g,,ta
23353,Buan,,,an
23354,grafa,,,a
23355,dearcaí,,dea,aí
23356,hard-rátaí,h,ard,taí
23357,shóisialaigh,,,aigh
23358,earraí,,,aí
23359,truailleán,,,eán
23360,fhiaclóireachta,,,ta
23361,mhúin,,,in
23362,Daingnítear,,,ítear
23363,bhfásann,bh,,ann
23364,Pla-mhála,,,a
23365,bhfágfadh,bh,,fadh
23366,Valentina,,,na
23367,ghéim,,,im
23368,idirchraoibhe,,idir,e
23369,bhfaireachán,bh,,achán
23370,athnuaitear,,ath,ear
23371,breisithe,,,ithe
23372,bás-bhriseadh,,,eadh
23373,oirbheartaíochtaí,,oir,taí
23374,Universe,,,se
23375,Ansinchas,,,as
23376,bháisteach,,,each
23377,bhaintreach,,,each
23378,Atharuithe,,,ithe
23379,aice,,,e
23380,gcomóradh,g,,radh
23381,an-phraiticiúil,,an,úil
23382,sineirgí,,sin,í
23383,neamh-idirdhealaitheacha,,neamh,eacha
23384,bandáil,,ban,áil
23385,líonraithe,,,aithe
23386,cearnacha,,,acha
23387,sóisialaí,,,aí
23388,thosca,,,a
23389,buncháilíochtaí,,bun,taí
23390,neamhinniúlacht,,neamh,acht
23391,Trasnáisiúnta,,,ta
23392,Comhluchta,,,ta
23393,bhrabúis,,,is
23394,Eisceachtaí,,,taí
23395,Meánaoise,,,se
23396,Bhí,,,í
23397,dréachtchód,,,ód
23398,Chaipitiúil,,,úil
23399,uchtáil,,,áil
23400,Comhdúcháin,,,in
23401,phlúr,,,úr
23402,grúdairí,,,í
23403,breabaireacht,,,eacht
23404,coisctheacha,,,eacha
23405,D'óstáil,D',,áil
23406,Cáin,,,in
23407,fásta,,,ta
23408,Cathaoireacha,,,eacha
23409,Cárta,,,ta
23410,dódh,,dó,ódh
23411,féadtar,,,tar
23412,chuntasaíocht,,,aíocht
23413,Chróinéirí,,,í
23414,d'athléiriú,d',ath,iú
23415,Páipéirí,,,í
23416,réad,,réa,éad
23417,Muileann,,,eann
23418,imbhuailte,,im,te
23419,bPríomh-Oifigeach,b,,each
23420,Doiminicí,,,í
23421,Octavia,,,ia
23422,tairbhíocha,t,,a
23423,bhfoirne,bh,fo,ne
23424,Phríomhláithreán,,,eán
23425,cheangailteacha,,,eacha
23426,banaltraí,,ban,traí
23427,d'áthrú,d',,ú
23428,iarrata,,iar,ta
23429,aonchéime,,aon,e
23430,Comhdú,,,ú
23431,bhuiséad,,,éad
23432,stiúrthóirí,,,í
23433,mbunú,m,bun,ú
23434,meadhrán,,,án
23435,Pheitriliaim,,,aim
23436,hathinfheistiú,h,ath,iú
23437,Mhicreaphlaistigh,,,tigh
23438,Gairleog,,,eog
23439,gcomhordú,g,comh,ú
23440,d'Aturnaetha,d',,tha
23441,cheanglódh,,,ódh
23442,morgáistí,,,tí
23443,tuillte,t,,te
23444,phaitinní,,,í
23445,chúirtéiseach,,,each
23446,dheimhnítear,,,ítear
23447,gCnáimhseoirí,g,,í
23448,príomhchuspóirí,,príomh,í
23449,chomhréim,,,im
23450,hioncaim,h,ion,aim
23451,atáirgeach,,,each
23452,deimhniúcháin,,,in
23453,rialálann,,,lann
23454,deon-taisí,,,í
23455,treoraíodh,,,íodh
23456,dhóibh,,,ibh
23457,Tiománaithe,,,aithe
23458,Dhigiteacha,,,eacha
23459,Bhleathaighe,,,e
23460,dtairbhithe,d,,ithe
23461,easpórtálann,,eas,lann
23462,an-chairdiúil,,an,úil
23463,cuí,,,í
23464,príomh-ama,,príomh,a
23465,morgáistidhe,,,idhe
23466,d'ionsaithe,d',ion,aithe
23467,Cabhartha,,,tha
23468,h-iománaithe,h-,,aithe
23469,fiach-urrúis,,fia,is
23470,gangue,,,e
23471,chromáin,,,in
23472,ghéilleadh,,,eadh
23473,treibh,,,ibh
23474,d'uirinnlíocht,d',,íocht
23475,hAilpín,h,,ín
23476,Tanaí,,,aí
23477,bparaiméadar,b,para,méadar
23478,crí,,,í
23479,urghabhála,,ur,a
23480,Ghrinnfhiosrúchán,,,án
23481,fáin,,,in
23482,nua-breathnú,,nua,ú
23483,Síocháin,,,in
23484,ciorrú,,,ú
23485,stílithe,,,ithe
23486,hataí,h,ata,taí
23487,Cinntiú,,,iú
23488,olaréimse,,,se
23489,Riarthóirí,,,í
23490,cheartuithe,,,ithe
23491,dhúchasaigh,,,aigh
23492,Shíl-dtonnta,,,ta
23493,thelefóna,,,na
23494,mhonarú,,,ú
23495,Phacastáin,,,in
23496,iarnróid,,iarn,óid
23497,copair-déanta,,,ta
23498,aréir,,,éir
23499,Briotanaí,,,aí
23500,phríomhchearnóg,,,óg
23501,ndúnfar,n,dú,far
23502,Ghluaisteán,,,eán
23503,córasacha,,,acha
23504,Uragua,,,a
23505,páirtíocaíocht,,páirt,aíocht
23506,Straitéis,,,is
23507,hintinniúil,h,in,úil
23508,gnáthach,,gnáth,ach
23509,an-ghníomhach,,an,ach
23510,Aire,,,ire
23511,idirthréimhseacha,,idir,eacha
23512,Cuimneacháin,,,in
23513,pholaí,,,aí
23514,luain,,,in
23515,n-athnuaitear,n-,ath,ear
23516,those,,,se
23517,fite,,,te
23518,Boletin,,,in
23519,ghlaotar,,,tar
23520,uirbeach,,,each
23521,Ghearradh,,,radh
23522,shuirbhéanna,,,anna
23523,forcanna,,for,anna
23524,céimshrianta,,,ta
23525,dáileachán,,dá,achán
23526,polaitiúil,,pola,úil
23527,leanúna,,,na
23528,Inoiriúnaitheacht,,,eacht
23529,apoptóis,,,óis
23530,n-íoctha,n-,,tha
23531,Rialálaithe,,,aithe
23532,Bróicéir,,,éir
23533,Tosaíonn,,,aíonn
23534,barantas,,bara,tas
23535,t-éan,t-,éa,an
23536,Comhacht,,,acht
23537,shuiteálfar,,,far
23538,Vótóirí,,,í
23539,fhaibhreoidh,,,idh
23540,Londain,,,in
23541,fhorordós,,,ós
23542,altracht,,,acht
23543,cuisle,,,e
23544,Shamplacha,,,acha
23545,Mharcra,,,ra
23546,fhéile,,,e
23547,Catalónach,,,ach
23548,focleolaíocht,,fo,aíocht
23549,ailtirí,,,í
23550,Fómhar,,,mhar
23551,chonraitheoirí,,,í
23552,gcuideofar,g,,far
23553,gualaigh,,,aigh
23554,aireachais,,,ais
23555,chúigbhliantúla,,,a
23556,HEilvéise,,,se
23557,dtráthchoda,d,,da
23558,Serbia,,,ia
23559,bunú,,bun,ú
23560,Iltaobhach,,,ach
23561,d'Infheistíochtaí,d',,taí
23562,gcreidiúnaithe,g,,aithe
23563,Postáil,,,áil
23564,t-earrach,t-,,ach
23565,nGluaiseacht,n,,eacht
23566,an-cháiliúil,,an,úil
23567,thagartha,,,tha
23568,Sahota,,,ta
23569,Úinéireacht,,,eacht
23570,ghreamaigh,,,aigh
23571,séalóidh,,,óidh
23572,tíobhasach,t,,ach
23573,Fisice,,,e
23574,aontuismitheora,,aon,ra
23575,Bónais,,,ais
23576,faofa,,,a
23577,scóráil,,,áil
23578,slvban,,,an
23579,chuntar,,,tar
23580,Rannáin,,,in
23581,leaisteachas,,,achas
23582,mhonaraíonn,,,aíonn
23583,fótochemiceach,,,each
23584,11ú,,,ú
23585,ainme,,ain,e
23586,n-phraghas,,,as
23587,phráis,,,áis
23588,Pleananna,,,anna
23589,tháirgthe,,,the
23590,dúnmharú,,dún,ú
23591,comhfhreagracha,,comh,acha
23592,fho-bhailtigh,,,tigh
23593,sochraidí,,soch,í
23594,malartóir,,,tóir
23595,t-aistrí,t-,ais,í
23596,thragóideach,,,óideach
23597,Lithuania,,,ia
23598,shollúnú,,,ú
23599,Cluain,,,in
23600,gcomhnuíonn,g,comh,íonn
23601,óna,,,na
23602,tabharfaimid,t,,aimid
23603,carisma,,,a
23604,righneas,,,eas
23605,tinreamh,t,,amh
23606,Catagóir,,,óir
23607,fogrófar,,fo,ófar
23608,sainchuspóireacha,,sain,eacha
23609,neamhinghnóthaithe,,neamh,aithe
23610,CTCanna,,,anna
23611,ceaduíonn,,,íonn
23612,bratacha,,,acha
23613,calaoise,,,se
23614,vasáilligh,,,igh
23615,Course,,,se
23616,Aigeadas,,,as
23617,dtraidisiúin,d,,in
23618,phríomhchúraimí,,,í
23619,thÃ3gtar,,,tar
23620,INSanna,,,anna
23621,Éagach,,,ach
23622,réamhtheorann,,réamh,ann
23623,Uigí,,,igí
23624,Luathbhlianta,,,ta
23625,Nua-Shéalainne,,,ne
23626,kantica,,,a
23627,macasamhla,,,a
23628,tomhaiseoirí,t,,í
23629,chodánach,,,ach
23630,leachtanna,,,anna
23631,Leithreasa,,,sa
23632,probháide,,,e
23633,Úisbéiceastáin,,,in
23634,acmhainneachta,,,ta
23635,Síneadh,,Sín,eadh
23636,cataracht,,,acht
23637,Láithreáin,,,in
23638,redhead,,,ad
23639,tríú,,trí,ú
23640,Péintéireacht,,,eacht
23641,chuídeachta,,,ta
23642,hipitéis,h,hipi,is
23643,Rinneamar,,,eamar
23644,mórbhealach,,mór,ach
23645,gluaistear,,,ear
23646,n-fhéacadh,,,adh
23647,Chrismas,,,as
23648,breac-chuntas,,breac,tas
23649,topagrafach,t,,ach
23650,Chuirfeadh,,,eadh
23651,mionlachraí,,mion,aí
23652,cradle,,,e
23653,básta,,,ta
23654,shlite,,,te
23655,fíor-riachtanach,,fíor,ach
23656,for-rochtana,,for,na
23657,choimeádta,,,ta
23658,bailíonn,,,íonn
23659,Brídeach,,,each
23660,bhreith-sean,,,sean
23661,Frith-baictéarach,,,ach
23662,annamha,,an,a
23663,bád-thithe,,,ithe
23664,Seachtainiúla,,,a
23665,Liotuáinis,,,is
23666,Constáblacht,,,acht
23667,Cáilitheacha,,,eacha
23668,Píosa,,,sa
23669,aoise,,,se
23670,Talmhaíocht,,,aíocht
23671,chraoladh,,,adh
23672,tadhlaí,t,,aí
23673,cineálcheadaíodh,,,íodh
23674,bunaithí,,bun,í
23675,dréacht-Fhodhlíthe,,,the
23676,ríogáin,,,in
23677,caratí,,,tí
23678,Talmhaí,,,aí
23679,Seachtar,,,tar
23680,eagarthÃ3ireacht,,,eacht
23681,eadrascán,,,án
23682,Wikisource,,,e
23683,ceamara,,,ra
23684,sneachtúil,,,túil
23685,luadhadh,,,adh
23686,an-tapaidh,,an,aidh
23687,díthocsainiú,,dí,iú
23688,gcreidimid,g,,imid
23689,Ualach-línte,,,te
23690,chumasacha,,,acha
23691,bhanaltrais,,,ais
23692,contae,,,e
23693,fhorordaíonn,,,aíonn
23694,Seiftithe,,,ithe
23695,Lán-Ghaeilge,,,e
23696,neamhghiorraithe,,neamh,aithe
23697,neamhthionlactha,,neamh,tha
23698,gar-dhiúltach,,gar,ach
23699,dToghthóirí,d,,í
23700,Chánachas,,,achas
23701,apigenin,,,in
23702,creidiúint,,,úint
23703,grafacha,,,acha
23704,comhchaighdéain,,comh,in
23705,deimhnithe,,,ithe
23706,Chasacstáin,,,in
23707,einsímí,,,í
23708,labhraímid,,,aímid
23709,amuinisean,,am,sean
23710,pollán,,,án
23711,hÍocaíochtaí,h,,taí
23712,cloisimid,,,imid
23713,chlárathóir,,,thóir
23714,loingsíodh,,,íodh
23715,príomhoifigigh,,príomh,igh
23716,saorfaí,,,aí
23717,frith-trasnaíochta,,frith,ta
23718,atrealmhú,,,ú
23719,bhfillteán,bh,,eán
23720,athuimhreofar,,ath,far
23721,híomhánna,h,,na
23722,feabhsúchán,,,án
23723,Chinedhíothú,,,ú
23724,bithshonraí,,bith,aí
23725,eisítear,,,ítear
23726,comhlánadh,,comh,adh
23727,Australia,,,ia
23728,iompórtálann,,,lann
23729,criosantamaim,,,aim
23730,deimhneacht,,,eacht
23731,comhghuaillithe,,comh,ithe
23732,tríocha-ceathrú,,trí,ú
23733,dhéimeagrafacha,,,acha
23734,lomóide,,,e
23735,dí-chlúdach,,dí,ach
23736,gCúige,g,,e
23737,Raithin,,,in
23738,morgáiste,,,te
23739,dtéachtadh,d,,adh
23740,sheas,,,eas
23741,Ionchoisne,,,ne
23742,neamh-idirdhealú,,neamh,alú
23743,foirmiúil,,fo,úil
23744,fhorchuirfear,,,fear
23745,dhealraítear,,,ítear
23746,mhéideanna,,,eanna
23747,trealmhaithe,,,aithe
23748,Teorainneacha,,,eacha
23749,amharc-ealaín,,am,ín
23750,gcionroinnfí,g,,fí
23751,Meánach,,,ach
23752,huisce-chúrsaí,h,,aí
23753,comharsanacht,,comh,acht
23754,déirí,,dé,í
23755,draenacha,,,acha
23756,thaitneamhachtaí,,,taí
23757,Tuirce,,,e
23758,t-iasachtaí,t-,,taí
23759,Ola,,,a
23760,formheasfaidh,,for,faidh
23761,Aistrítear,,,ítear
23762,Dhiúltaigh,,,aigh
23763,shinsearaigh,,,aigh
23764,Meastar,,,tar
23765,ghlaofar,,,far
23766,fhaillíonn,,,íonn
23767,tógtar,t,,tar
23768,nglacann,n,,ann
23769,mór-dhíoltóir,,mór,tóir
23770,dheas,,,eas
23771,mhaslach,,,ach
23772,fhuar-stóras,,,as
23773,chartúin,,,in
23774,córach,,,ach
23775,miotalaithe,,,aithe
23776,Folctha,,,tha
23777,ghunnadóra,,,ra
23778,ian,,,an
23779,ligtear,,,ear
23780,Astaíochtaí,,,taí
23781,Comhdháil,,,áil
23782,dheighleálaí,,,aí
23783,Sainmhínithe,,,ithe
23784,fhágfa,,,a
23785,dhíchuachadh,,,adh
23786,Taiscí,,,í
23787,Loingsiú,,,iú
23788,tragóidí,,,í
23789,bodhlaí,,,aí
23790,bhuachan,,,chan
23791,tsaineolais,t,,ais
23792,cinnfear,,cinn,fear
23793,tiúchain,t,,in
23794,Bharántúla,,,a
23795,infheidhmeacht,,in,eacht
23796,Alpach,,,ach
23797,reachtúcháin,,,in
23798,friotachas,,,achas
23799,ráthaíonn,,,aíonn
23800,díothú,,dí,ú
23801,cluiche,,,e
23802,fhiarfaí,,,aí
23803,d'fhógraí,d',,aí
23804,aineolas,,ain,as
23805,Currach,,,ach
23806,chraobhscaoileadh,,,eadh
23807,Foirmle,,,e
23808,áise,,,se
23809,neamhchumasach,,neamh,ach
23810,insamhlóirí,,in,í
23811,dearbhuítear,,dearbh,ítear
23812,d'athcheapadh,d',ath,adh
23813,bhfaiche,bh,,e
23814,tonnfhad,t,,ad
23815,sceimhlitheoireachta,,,ta
23816,gratia,,,ia
23817,dtoscaireacht,d,,eacht
23818,stáit,,,áit
23819,Cuideachtana,,,na
23820,samplach,,,ach
23821,láithreacha,,,eacha
23822,lna,,,na
23823,nuálach,,,ach
23824,ceachta,,,ta
23825,uaireadóir,,,adóir
23826,fonascúla,,fo,a
23827,Eabhraigh,,,aigh
23828,bairrí,,bairr,í
23829,inscartha,,in,tha
23830,comórfar,,,far
23831,Leordhóthanacht,,,acht
23832,dóirse,,dó,se
23833,ceadunas,,,as
23834,céadfhoilsíodh,,céad,íodh
23835,Sneachta,,,ta
23836,Trédhearcachta,,,ta
23837,éadálach,,éa,ach
23838,fearr-chleachtais,,fear,ais
23839,crostagairtí,,cros,tí
23840,tairbhí,t,,í
23841,gcothaithigh,g,,igh
23842,lochtacha,,,acha
23843,Shocraigh,,,aigh
23844,comhréiteach,,comh,each
23845,pasanna,,,anna
23846,naíonmharú,,naí,ú
23847,chaithim,,,im
23848,Imscrúduithe,,,ithe
23849,sár-riachtanacha,,sár,acha
23850,leadránacht,,,acht
23851,Scaoileadh,,,eadh
23852,áirithiú,,,iú
23853,mbreithniú,m,,iú
23854,Lotnaidicídí,,,í
23855,chuótaí,,,taí
23856,coinníodh,,,íodh
23857,bhuanlaghdóidh,,,óidh
23858,bíobalta,,,ta
23859,seachtain,,seacht,in
23860,fréamhaithe,,,aithe
23861,hidir-thréimhse,h,idir,se
23862,Cothú,,,ú
23863,gcruthuighidh,g,,idh
23864,gcláruithe,g,,ithe
23865,fiosruithe,,,ithe
23866,marmaláidí,,,í
23867,Máirín,,,ín
23868,Shocraíomar,,,íomar
23869,haosaigh,h,,aigh
23870,ceilte,,,te
23871,luathfhágála,,luath,a
23872,Moslamacha,,,acha
23873,ribeanúicléasach,,,ach
23874,fhochatagóir,,,óir
23875,mheicniúil,,,úil
23876,iniúchfar,,in,far
23877,aimpliú,,,iú
23878,gcúiseofar,g,,far
23879,mhargála,,,a
23880,taithíochta,t,,ta
23881,Mhianrúla,,,a
23882,8-méadar,,,méadar
23883,Idirnasctha,,,tha
23884,staidiamaí,,,aí
23885,Cháilíochta,,,ta
23886,seoladóir,,,adóir
23887,Mara,,,ra
23888,gcontaethe,g,,the
23889,Faisnéiseoir,,,eoir
23890,tráthúlacht,,,acht
23891,grúpálacha,,grúp,acha
23892,chóimeáil,,,áil
23893,Dealramh,,,amh
23894,fuarú,,,ú
23895,laigheaduíodh,,,íodh
23896,lenahOifigeach,,,each
23897,Cheanadach,,,ach
23898,eadóirseachta,,,ta
23899,chomheagras,,,as
23900,duais-aicmí,,,í
23901,cháilí,,,í
23902,Franklin,,,in
23903,dallraitheacht,,,eacht
23904,cheachtar,,,tar
23905,inchomparáide,,in,e
23906,cuibheach,,,each
23907,dialóg,,dia,óg
23908,veirteabracha,,,acha
23909,fulaingíonn,,,íonn
23910,nguthán,n,,án
23911,dhriogáit,,,áit
23912,Neamhcheangailte,,,te
23913,cathartha,,,tha
23914,Julia,,,ia
23915,bhárdas,,,as
23916,cileavatuaireanta,,cilea,ta
23917,nGnóthaí,n,,aí
23918,die,,,e
23919,plandáilte,,,te
23920,Fhuinneamh,,,amh
23921,húdarú,h,,ú
23922,t-saoróg,t-,,óg
23923,liachleachtóra,,,ra
23924,disciplín,,dis,ín
23925,críléise,,,se
23926,bhogaimid,,,aimid
23927,grinnfhiosrúcháin,,,in
23928,mhaoiniú,,,iú
23929,Ceann,,,eann
23930,d'ócáidí,d',,í
23931,thaispeánfas,,,fas
23932,n-imríonn,n-,im,íonn
23933,aisíochta,,ais,ta
23934,lugha,,,a
23935,Sílim,,,im
23936,theidlíochtaí,,,taí
23937,ballóide,,,e
23938,rannán,,,án
23939,mháinliaigh,,,aigh
23940,toscairí,t,,í
23941,scoilbhliana,,,na
23942,impleacht,,im,eacht
23943,cothabhálfaidh,,,faidh
23944,an-taitneamhach,,an,ach
23945,Shannadh,,,adh
23946,héilín,h,,ín
23947,inchiallaíos,,in,íos
23948,Insliú,,,iú
23949,fhógraítear,,,ítear
23950,an-comhlacht,,an,acht
23951,gamhain,,,in
23952,thí,,,í
23953,star,,,tar
23954,scile,,,e
23955,íola,,,a
23956,thromaíocht,,,aíocht
23957,Rialtóirí,,,í
23958,Besiktas,,,tas
23959,hurraíodh,h,ur,íodh
23960,phuiblíocht,,,íocht
23961,céatadáin,,,in
23962,praiticiúil,,,úil
23963,eisitheoir,,eisi,eoir
23964,Triantánachta,,,ta
23965,meaisínithe,,,ithe
23966,hiarratasóir,h,iar,óir
23967,shlándála,,,a
23968,sholáthruíonn,,,íonn
23969,toradh,t,,radh
23970,séaraigh,,,aigh
23971,gheofar,,,far
23972,ASICSamerica,,,a
23973,Maltese,,,se
23974,chumadóirí,,,í
23975,Eíre,,,e
23976,Rhinolophidae,,,e
23977,sheoltaí,,,taí
23978,comhlánaíodh,,comh,íodh
23979,réadlann,,réa,lann
23980,díchumais,,dí,ais
23981,díothachta,,dí,ta
23982,nGlactar,n,,tar
23983,mharcaigh,,,aigh
23984,nochtfar,,,far
23985,uiriste,,,te
23986,chasú,,,ú
23987,ginearálta,,,ta
23988,Theicneolaíocht,,,aíocht
23989,cheaintín,,,ín
23990,corparáide,,,e
23991,inchosanta,,in,ta
23992,curacán,,,acán
23993,inchúitithe,,in,ithe
23994,Deastógála,,,a
23995,Leathnú,,,ú
23996,athmhúnlaithe,,ath,aithe
23997,gComh-aireacht,g,,eacht
23998,stainnín,,,ín
23999,fhoirceannfaidh,,,faidh
24000,congantóir,,,tóir
24001,chlós,,,ós
24002,ghineann,,,eann
24003,Beilge,,,e
24004,ilchasta,,il,ta
24005,hintseamhnú,h,in,ú
24006,contae-bhuirge,,,e
24007,Sealbhóidh,,,óidh
24008,oileánda,,,da
24009,athbhreithnithe,,ath,ithe
24010,Frithimghabháil,,,áil
24011,bunreachta,,bun,ta
24012,folcadáin,,fo,in
24013,tiniúchóir,t,,óir
24014,dtuigfear,d,,fear
24015,Charbóin,,,in
24016,an-suntasach,,an,ach
24017,cothabháltar,,,tar
24018,riarthóir,,,thóir
24019,fhoroinn,,,inn
24020,Staitisticí,,,í
24021,inmheasúnaithe,,in,aithe
24022,Sparánachta,,,ta
24023,Fháltais,,,ais
24024,díthocsain,,dí,in
24025,gcothabhálaithe,g,,aithe
24026,thuillfeadh,,,eadh
24027,cornaí,,,aí
24028,chuasán,,,án
24029,theacht,,,eacht
24030,fauce,,,e
24031,gcóipeanna,g,,eanna
24032,bhúistéirí,,,í
24033,mBialann,m,,lann
24034,Dhlithe,,,ithe
24035,Lámhainní,,,í
24036,fíorasacha,,fíor,acha
24037,áirnéise,,,se
24038,seisear,,,ear
24039,milis,,,is
24040,mheasúnaítear,,,ítear
24041,easnamhach,,eas,ach
24042,Formheasfar,,,far
24043,bróidnéireacht,,,eacht
24044,mháthair-dhlí,,,í
24045,d'imthosca,d',im,a
24046,calaoiseach,,,each
24047,Champagne,,,ne
24048,chúrsaíocht,,,aíocht
24049,leathcheannais,,leath,ais
24050,agComhdhálacha,,,acha
24051,chruthaithe,,,aithe
24052,infridhearga,,infri,ga
24053,Bainteacht,,,eacht
24054,Seolaithe,,,aithe
24055,folmhaí,,fo,aí
24056,giorrúchán,,,án
24057,nDáileoirí,n,,í
24058,Measta,,,ta
24059,chomhlacht,,,acht
24060,Éirigh,,,igh
24061,neamhnithe,,neamh,ithe
24062,d'amannta,d',am,ta
24063,neamhíocaíocht,,neamh,aíocht
24064,réamhchúramaí,,réamh,aí
24065,monarú,,mona,ú
24066,scrollaigh,,,aigh
24067,bpróis,b,,óis
24068,athcháileoidh,,ath,idh
24069,cháinliosta,,,ta
24070,d'ionfhabhtuithe,d',ion,ithe
24071,pionóis,,,óis
24072,Chreideamh,,,amh
24073,inrochtaine,,in,ne
24074,dlíthiúlacht,,,acht
24075,Eagróidh,,,óidh
24076,bhéarfa,,,a
24077,d'Ard-Mhéara,d',,ra
24078,Gléasta,,,ta
24079,dtionscnamh,d,,amh
24080,oibrigh,,,igh
24081,Víne,,,ne
24082,sheolas,,,as
24083,Feadfaidh,,,faidh
24084,urraithe,,ur,aithe
24085,ceistiú,,,iú
24086,ionannú,,ion,ú
24087,Sóifia,,,ia
24088,leictreach,,leictrea,each
24089,dleachtanna,,,anna
24090,Tennessean,,,sean
24091,téama,t,,a
24092,n-onnmhairí,n-,,í
24093,tarscaoilte,t,tar,te
24094,muiríne,,,ne
24095,Choireachta,,,ta
24096,Thras-Eorpaigh,,,aigh
24097,Buaileann,,,eann
24098,Bialann,,,lann
24099,t-airnéismhorgáiste,t-,,te
24100,díluchtaithe,,dí,aithe
24101,réamhíocanna,,réamh,anna
24102,gramadach,,,ach
24103,nialasach,,,ach
24104,fianán,,fia,án
24105,Cronin,,,in
24106,Ealaín,,,ín
24107,chorprófar,,,ófar
24108,n-órdóidh,n-,,óidh
24109,teilgeoir,t,,eoir
24110,dhícheallú,,,ú
24111,Réitíonn,,,íonn
24112,Darach,,,ach
24113,chomhchomhairle,,,e
24114,mheastachán,,,achán
24115,Shimpliú,,,iú
24116,Dhéanta,,,ta
24117,Leabharlanna,,,anna
24118,béaloideas,,,eas
24119,gcoinneoidh,g,,idh
24120,hUathachas,h,,achas
24121,lambda,,,da
24122,trasnaíl,,tras,aíl
24123,Mhearaigh,,,aigh
24124,gníomhaíochta,,,ta
24125,Godhead,,,ad
24126,Líonfar,,,far
24127,Croineolaíocht,,,aíocht
24128,chumhrán,,,án
24129,Ra,,,a
24130,Thoghlaigh,,,aigh
24131,bhfáidheoireacht,bh,,eacht
24132,bhogadh,,,adh
24133,ceadmhach,,,ach
24134,fhruiliú,,,iú
24135,mhiocróbacha,,,acha
24136,sroicheadh,,,eadh
24137,shaothrú,,,ú
24138,iarscoile,,iar,e
24139,chomhghealltanas,,,tanas
24140,síochánaíocht,,,aíocht
24141,contrártha,,,tha
24142,nOllscoileanna,,,eanna
24143,pléadh,,,adh
24144,Chóiriú,,,iú
24145,luibheoirí,,,í
24146,fheithicle,,,e
24147,foighne,,fo,ne
24148,haiscí,h,ais,í
24149,cóimheas,,,eas
24150,leasmhar,,leas,mhar
24151,Feidhmithe,,,ithe
24152,fhothú,,,ú
24153,táirgtheoirí,t,,í
24154,páirtigh,,páirt,tigh
24155,oblagáidí,,,í
24156,Chéadchláraithe,,,aithe
24157,fheirme,,,e
24158,tréimhse,,tré,se
24159,an-sásta,,an,ta
24160,ghlana,,,na
24161,Comhsheasmhacht,,,acht
24162,roghnach,,ro,ach
24163,díolaíocht,,dí,aíocht
24164,margalainne,,,ne
24165,saineolais,,sain,ais
24166,dúbláide,,dú,e
24167,ngníomhas,n,,as
24168,niompróidh,,,óidh
24169,Sonra,,,ra
24170,Feidhmíochta,,,ta
24171,ard-toirchithe,,ard,ithe
24172,núicléacha,,,acha
24173,chas,,,as
24174,Nuachta,,,ta
24175,seasfadh,,,fadh
24176,riachtanaisí,,,í
24177,reviewsscríbhneoirí,,,í
24178,neamháitithe,,neamh,ithe
24179,tascradh,t,,radh
24180,chomhordúcháin,,,in
24181,fhoilsíodh,,,íodh
24182,fhíréanú,,,ú
24183,táchtach,t,,ach
24184,gineadóra,,,ra
24185,chuairdíní,,,í
24186,Leslie,,,e
24187,Feidhmigh,,,igh
24188,costasaí,,,aí
24189,trasrian,,tras,an
24190,dtreis,d,,is
24191,déanach,,dé,ach
24192,thortóirí,,,í
24193,húsáidí,h,,í
24194,gcáilíochta,g,,ta
24195,shainseachadadh,,,adh
24196,teibí,t,,í
24197,thoghfadh,,,fadh
24198,crampaí,,,aí
24199,Giúdacha,,,acha
24200,láncheadúnas,,,únas
24201,Soluite,,,te
24202,Caipitiúla,,,a
24203,araíonacht,,,acht
24204,thograíonn,,,aíonn
24205,Roghanaigh,,,aigh
24206,Breithiúnas,,,únas
24207,tras-chruthach,,tras,chruthach
24208,mheasúnaithe,,,aithe
24209,fhadghránach,,,ach
24210,clanna,,,anna
24211,mhaistíní,,,í
24212,ríomhstampa,,ríomh,a
24213,mboscaí,m,,aí
24214,Teaghlachas,,,achas
24215,beaga,,beag,ga
24216,stathfaidh,,,faidh
24217,iontaofacht,,ion,acht
24218,Óna,,,na
24219,Ráithiúla,,,a
24220,dhí-armáil,,,áil
24221,gnóthachtála,,,a
24222,athchuirfear,,ath,fear
24223,Altunizade,,,e
24224,Iarratas,,,tas
24225,n-oidhreachtán,n-,,án
24226,craobhacha,,,acha
24227,Sedanghkan,,,an
24228,bainistiú,,bain,iú
24229,dtosnaíonn,d,,aíonn
24230,shean-sliogáin,,,in
24231,Giorrúcháin,,,in
24232,gcruthuítear,g,,ítear
24233,bunscéalta,,bun,ta
24234,bulaíochta,,,ta
24235,matamaiticiúla,,,a
24236,chuimsigh,,,igh
24237,mhuilneoireachta,,,ta
24238,fhisiceimiceach,,,each
24239,Trádáil,,,áil
24240,damhsaí,,,aí
24241,Bua,,,a
24242,chosmaidí,,,í
24243,eroticheskie,,,e
24244,chearnóg,,,óg
24245,sicréideachta,,,ta
24246,theaghaise,,,se
24247,pro-teaghlaigh,,,aigh
24248,caomhnaíonn,,,aíonn
24249,Cithfholcadáin,,,in
24250,hionstraimí,h,ion,í
24251,Earrach,,,ach
24252,fhanfidh,,,fidh
24253,Diúltóidh,,,óidh
24254,Socraíonn,,,aíonn
24255,ghearánaí,,,aí
24256,d'fhaidiú,d',,iú
24257,gnóthaire,,,aire
24258,Dhúisigh,,,igh
24259,fhíonta,,,ta
24260,gearmáiniam,,,iam
24261,Ezra,,,ra
24262,théarnaithe,,,aithe
24263,hipearpláis,h,hipear,áis
24264,Breandán,,,án
24265,dheiseanna,,,eanna
24266,dtarchuirtear,d,tar,ear
24267,foirmlithe,,fo,ithe
24268,fhaighteoirí,,,í
24269,t-easportálaí,t-,eas,aí
24270,bhólachta,,,ta
24271,gcruthófaí,g,,ófaí
24272,roimh-thréimhse,,ro,se
24273,Bia,,,ia
24274,Steipeanna,,,eanna
24275,aimfibigh,,,igh
24276,gháire,,,ire
24277,spriongaí,,,aí
24278,athghrádú,,ath,ú
24279,modhnófar,,,ófar
24280,mb'amhlaidh,m,,aidh
24281,claspaí,,,aí
24282,guitéirí,,,í
24283,dhí-ghalrú,,,ú
24284,freagarthachta,,,ta
24285,thráthnóna,,,na
24286,comhsheasmhachta,,comh,ta
24287,Neamh-Inbhraite,,,te
24288,ghearrthacha,,,acha
24289,Scríbhneoir,,,eoir
24290,fiachrach,,fia,ach
24291,gcoinneofar,g,,far
24292,d'oifigigh,d',,igh
24293,aireachta,,,ta
24294,infheistíocht,,in,íocht
24295,ardmhéara,,ard,ra
24296,athchursáil,,ath,áil
24297,thrasteorann,,,ann
24298,thomhaltas,,,tas
24299,Ghaeilgeoirí,,,í
24300,Aisíocaíocht,,,aíocht
24301,Creidim,,,im
24302,rásaíochta,,,ta
24303,Feiniméan,,,an
24304,fhéad,,,éad
24305,bhíim,,,im
24306,ndeonfar,n,,far
24307,grianghrafadóir,,grian,adóir
24308,ardéifeachtachta,,ard,ta
24309,idir-réigiúnach,,idir,ach
24310,Ankara-Konya,,,a
24311,JeuneAfrique,,,e
24312,suibscríofa,,,a
24313,comhdú,,comh,ú
24314,dtuairimí,d,,í
24315,Meánluach,,,ach
24316,sainnithe,,sain,ithe
24317,hiomportáladh,h,,adh
24318,dhíospóid,,,óid
24319,d'aintín,d',ain,ín
24320,Cultúrtha,,,tha
24321,Mód,,,ód
24322,bheartaítear,,,ítear
24323,institiúideach,,in,each
24324,uaslódáilte,,uas,te
24325,bpian,b,,an
24326,bhreise,,,se
24327,fhógróidh,,,óidh
24328,forbróidh,,for,óidh
24329,tuirse,t,,se
24330,gcuibhreann,g,,eann
24331,fhianuithe,,,ithe
24332,tréas,,tré,as
24333,Céadaoin,,,in
24334,dhlínse,,,se
24335,ghlaoiteora,,,ra
24336,Chomhaigh,,,aigh
24337,dea-chleachtais,,dea,ais
24338,hOibreacha,h,,eacha
24339,ardaithe,,ard,aithe
24340,Litríochtaí,,,taí
24341,comhoibreoidh,,comh,idh
24342,Cad,,,ad
24343,dtosnuíonn,d,,íonn
24344,Bunreachtanna,,,anna
24345,tsighniú,t,,iú
24346,coibhneas,,,eas
24347,pacáistithe,,,ithe
24348,ard-ualach,,ard,ach
24349,bhriogáide,,,e
24350,phéinteála,,,a
24351,DÃoiche,,,e
24352,Tograí,,,aí
24353,dheolchaire,,,aire
24354,stampaí,,,aí
24355,Uirbigh,,,igh
24356,indírigh,,in,igh
24357,choinsínithe,,,ithe
24358,tuairteora,t,,ra
24359,fíorais,,fíor,ais
24360,tosóidh,t,,óidh
24361,bhlian,,,an
24362,chóiríocht,,,íocht
24363,shaolta,,,ta
24364,tríocha,,trí,a
24365,dheimhnigh,,,igh
24366,cháiliú,,,iú
24367,cóngaracha,,,acha
24368,theicneoir,,,eoir
24369,príomhchuspóir,,príomh,óir
24370,Aicme,,,e
24371,smeacht,,,eacht
24372,Idirthréimhseach,,,each
24373,luathchánach,,luath,ach
24374,sástacht,,,tacht
24375,dtúis,d,,is
24376,friochadh,,,adh
24377,chríochnaítear,,,ítear
24378,pearsantú,,,ú
24379,chaighdeán,,,eán
24380,Múinteorí,,,í
24381,phúbasach,,,ach
24382,oisrí,,,í
24383,Chódhuille,,,e
24384,trastomhas,,tras,as
24385,gcoiscthear,g,,ear
24386,gcontaetha,g,,tha
24387,choirmeacha,,,eacha
24388,treabhadh,,,adh
24389,clós,,,ós
24390,phríomhriosca,,,a
24391,hearráide,h,,e
24392,d'fhorbraíomar,d',,íomar
24393,chreata,,,ta
24394,cleasanna,,,anna
24395,íseal-riosca,,,a
24396,cuisneoirí,,,í
24397,féin-mheastóireacht,,féin,eacht
24398,súmáil,,,áil
24399,fhógródh,,,ódh
24400,athnuachan,,ath,chan
24401,mheasfar,,,far
24402,dhónn,,,nn
24403,mballaí,m,,aí
24404,thosnuithe,,,ithe
24405,lasán,,las,án
24406,próiseálann,,,lann
24407,mí-réasúnach,,mí,ach
24408,bhFormhuiniú,bh,,iú
24409,tráil,,,áil
24410,an-oiriúnach,,an,ach
24411,einsím,,,ím
24412,dho-bhréagnuithe,,,ithe
24413,heagraíodh,h,,íodh
24414,Réadlann,,,lann
24415,cheapachán,,,achán
24416,comhar-árachas,,comh,achas
24417,tsaorise,t,,se
24418,lómhar,,,mhar
24419,ardscoile,,ard,e
24420,admhaítear,,,ítear
24421,shásra,,,ra
24422,bród,,,ód
24423,díbeartha,,dí,tha
24424,comhfhóraim,,comh,aim
24425,suthain,,,in
24426,leata,,,ta
24427,allmhaireora,,,ra
24428,gCeiliúradh,g,,radh
24429,teibíocht,t,,íocht
24430,gearmáinis,,,is
24431,t-eagras,t-,,as
24432,geografacha,,geo,acha
24433,n-aistriú,n-,ais,iú
24434,Iar-Phoblacht,,,acht
24435,driogadh,,,adh
24436,Sráideanna,,,eanna
24437,Fuatha,,,tha
24438,phríomh-oifigeach,,,each
24439,ilteangachais,,il,ais
24440,Fheabhsú,,,ú
24441,shéú,,,ú
24442,n-urscaoilfí,n-,ur,fí
24443,chomóradh,,,radh
24444,ráileacha,,,eacha
24445,bhardais,,,ais
24446,d'Fhéile,d',,e
24447,thiocfas,,,fas
24448,mhaireas,,,eas
24449,modhann,,,ann
24450,bplódú,b,,ú
24451,chroineolaíocht,,,aíocht
24452,bhfillteáin,bh,,in
24453,d'fhuinneoga,d',,ga
24454,íoclainne,,,ne
24455,gceamara,g,,ra
24456,ballraíochta,,,ta
24457,réamhchúraimí,,réamh,í
24458,Choimeádaithe,,,aithe
24459,rabharta,,,ta
24460,n-bhfiacha,,,acha
24461,uathphróiseáil,,uath,áil
24462,tras-scríbhinn,,tras,inn
24463,lorgaireachta,,,ta
24464,athinmhiú,,ath,iú
24465,Gáis,,,áis
24466,choinnigh,,,igh
24467,méadaithe,,,aithe
24468,d'ionadaí,d',ion,aí
24469,criosú,,,ú
24470,bhfostaí,bh,fo,taí
24471,iomchuibhe,,,e
24472,neamh-inaistrithe,,neamh,ithe
24473,chomhghnéithe,,,ithe
24474,geallann,,,lann
24475,droim,,,im
24476,Taiscfear,,,fear
24477,Snáithe,,,ithe
24478,caighdeánach-iarrachtaí,,,taí
24479,féin-feabhsú,,féin,ú
24480,Ciorcláin,,,in
24481,Uathúla,,,a
24482,seice,,,e
24483,hoiméastáis,h,hoiméa,áis
24484,Normainne,,,ne
24485,Idirinstitiúidigh,,,igh
24486,Láraonad,,,ad
24487,bheartais,,,ais
24488,ghlanfaidh,,,faidh
24489,samha,,,a
24490,aibreán,,,eán
24491,Nua-Shéalannach,,,ach
24492,fulaingeadh,,,eadh
24493,fiuchadh,,,adh
24494,foluití,,fo,tí
24495,Féadann,,,ann
24496,Lochlann,,,lann
24497,Balcáin,,,in
24498,mhíthreorach,,,ach
24499,Bhreisoideachais,,,ais
24500,fáthmheasta,,,ta
24501,lámhscríbhinní,,,í
24502,seirbhísiú,,,iú
24503,forlíontacha,,for,acha
24504,t-eolaire,t-,eo,aire
24505,cóireáil,,,áil
24506,shliogán,,,gán
24507,Soladach,,,ach
24508,Céime,,,e
24509,rollóirí,,ro,í
24510,frithbhearta,,frith,ta
24511,eatortha,,,tha
24512,tumtha,t,,tha
24513,Cuidiú,,,iú
24514,bpríomhfhachtóirí,b,príomh,í
24515,Chisteán,,,eán
24516,ciliméadar,,,méadar
24517,dhreapadh,,,adh
24518,dea-choimeádta,,dea,ta
24519,gan,,,an
24520,ghléasadh,,,adh
24521,Athbhreithnigh,,,igh
24522,Andúile,,,e
24523,haoise,h,,se
24524,cineachadh,,,adh
24525,séiplíneach,,,each
24526,iomaitheoir,,,eoir
24527,fo-earnálacha,,fo,acha
24528,salanda,,,da
24529,chreatchonradh,,,radh
24530,núis,,,is
24531,Feamainn,,,inn
24532,trasráillí,,tras,í
24533,gcuirfe,g,,e
24534,breithiúnacha,,,acha
24535,toiliú,t,,iú
24536,Iarscríbhin,,,in
24537,Buanchónaitheora,,,ra
24538,an-gcodarsnacht,,an,acht
24539,Chúramaí,,,aí
24540,Sóisearaí,,,aí
24541,fearaistí,,fear,tí
24542,beifear,,,fear
24543,ard-íonachta,,ard,ta
24544,trédhearcachta,,tré,ta
24545,Eascanna,,,anna
24546,tháscairí,,,í
24547,paisinéara,,,ra
24548,muilneoir,,,eoir
24549,Bhranda,,,da
24550,2adh,,,adh
24551,shinsearachta,,,ta
24552,pléifear,,,fear
24553,tánaisteach,t,,each
24554,dearbhuithe,,dearbh,ithe
24555,fionraíochtaí,,,taí
24556,mbreithiúnas,m,,únas
24557,déantúsóirí,,dé,í
24558,stáirse,,,se
24559,Dalta,,,ta
24560,Impostazione,,,ne
24561,ngoillfe,n,,e
24562,tolladh,t,,adh
24563,alcólach,,,ach
24564,íochta,,,ta
24565,fhearthainn,,,inn
24566,bhuanú,,,ú
24567,Laoise,,,se
24568,tsaortha,t,,tha
24569,cló-scríobhadh,,,adh
24570,spionáiste,,,te
24571,chreidiúna,,,na
24572,Seice,,,e
24573,alla,,,a
24574,eolach,,eo,ach
24575,mba,m,,a
24576,thástálann,,,lann
24577,coscaire,,,aire
24578,tuí,t,,í
24579,Breataineach,,,each
24580,t-oidhreachtán,t-,,án
24581,neamhlonrach,,neamh,ach
24582,d'úinéir-áititheoirí,d',,í
24583,toscaí,t,,aí
24584,shireadh,,,eadh
24585,Mínigh,,,igh
24586,luáitear,,,ear
24587,meascaithe,,,aithe
24588,cliathbhoscaí,,,aí
24589,Infheisteoidh,,,idh
24590,lachtaigh,,lacht,aigh
24591,Arachú,,,ú
24592,dhleachtanna,,,anna
24593,Aguisín,,,ín
24594,Dáileacháin,,,in
24595,Slándála,,,a
24596,Guthrie,,,e
24597,churthaisteach,,,each
24598,hIúgslaive,h,,e
24599,Iompórtáilte,,,te
24600,cordaithe,,,aithe
24601,bpolaiteoirí,b,pola,í
24602,fómhais,,,ais
24603,éagobhsaíocht,,éa,aíocht
24604,suiteáilte,,,te
24605,dílsithe,,dí,ithe
24606,fionnruíodh,,,íodh
24607,n-iompródh,n-,,ódh
24608,iompróidh,,,óidh
24609,tuath-líomatáistí,t,,tí
24610,gcomhordófar,g,comh,ófar
24611,n-imeacht,n-,im,eacht
24612,Cheadúnais,,,ais
24613,Tráigh,,,igh
24614,órlach,,,ach
24615,sheamlaisí,,,í
24616,Sclábhaithe,,,aithe
24617,díreach,,dír,each
24618,cadí,,,í
24619,Ardaíonn,,,aíonn
24620,chreat-Rialachán,,,achán
24621,idir-inoibritheachta,,idir,ta
24622,shaorálaigh,,,aigh
24623,aicsean,,,sean
24624,mbarrachas,m,barr,achas
24625,comhfhoirmleach,,comh,each
24626,duánaithe,,,aithe
24627,comhoibriú,,comh,iú
24628,d'fhochoiste,d',,te
24629,Príosúnaigh,,,aigh
24630,Comhlíonann,,,ann
24631,fuaim-chraoladh,,,adh
24632,chothabháil,,,áil
24633,seanairgeadra,,sean,ra
24634,Dréimire,,,ire
24635,zone,,,ne
24636,aranjeze,,,e
24637,neamh-lotnaidicíde,,neamh,e
24638,Fostóirí,,,í
24639,neamhdheonach,,neamh,ach
24640,caomhnú,,,ú
24641,mhionlaigh,,,aigh
24642,fhorchinntiú,,,iú
24643,siamsaí,,,aí
24644,fhíorasach,,,ach
24645,Cholmcille,,,e
24646,n-oileán,n-,,eán
24647,Earcófar,,,ófar
24648,ghliomach,,,ach
24649,t-aeriompróir,t-,aer,óir
24650,deagródh,,dea,ódh
24651,Fásann,,,ann
24652,daoibhse,,,se
24653,nGiúiréithe,n,,ithe
24654,ndeonfaí,n,,aí
24655,clódóireacht,,,eacht
24656,diosca,,dios,a
24657,friotaíocht,,,aíocht
24658,satailíte,,,te
24659,phasanna,,,anna
24660,Fhiadhúlra,,,ra
24661,Ronan,,,an
24662,bhrí,,,í
24663,oinsínithe,,,ithe
24664,Srian,,,an
24665,Salvia,,,ia
24666,luachmhara,,,ra
24667,chomhghleacaithe,,,aithe
24668,Méaduithe,,,ithe
24669,babhtálacha,,,acha
24670,mhasla,,,a
24671,iarmhar,,iar,mhar
24672,il-oibreoir,,il,eoir
24673,Bhileog,,,eog
24674,Fóillíochta,,,ta
24675,gceiliúradh,g,,radh
24676,dteanga,d,,ga
24677,seamlas,,,as
24678,cumas,,,as
24679,Preasoifigeach,,,each
24680,Feirme,,,e
24681,thriallfaidh,,,faidh
24682,gconsalacht,g,,acht
24683,uigeachta,,,ta
24684,d'iascach,d',,ach
24685,Táirge,,,e
24686,Marbhántacht,,,tacht
24687,gcatóid,g,,óid
24688,fís-sreafa,,fís,a
24689,komisija,,,a
24690,slánaigh,,,aigh
24691,gclúdódh,g,,ódh
24692,Allmhairiú,,,iú
24693,chloistear,,,ear
24694,Léirigh,,,igh
24695,licéirí,,,í
24696,Scartach,,,ach
24697,gcomhar,g,comh,mhar
24698,Liúntais,,,ais
24699,Buamaí,,,aí
24700,naoinúr,,,úr
24701,Ceadaíodh,,,íodh
24702,gcaillfidh,g,,fidh
24703,dheimhníonn,,,íonn
24704,gcosantóirí,g,,í
24705,cheanglaíos,,,íos
24706,nea-chorpruithe,,,ithe
24707,Liostaí,,,taí
24708,theannta,,,ta
24709,Iomlána,,,na
24710,csraitheanna,,,eanna
24711,Bailí,,,í
24712,thógtha,,,tha
24713,gearr-scéalta,,gearr,ta
24714,faighte,,,te
24715,imthacaí,,im,aí
24716,díomhaoin,,dí,in
24717,Neamhspleáigh,,,igh
24718,luathaithe,,luath,aithe
24719,Veiniséala,,,a
24720,téarfa,t,,a
24721,Caola,,,a
24722,géaraitheacha,,,eacha
24723,Matamaitice,,,e
24724,Cuimhneacháin,,,in
24725,biotáilleacha,,bio,eacha
24726,ndearbhán,n,dea,án
24727,dhleathach,,,ach
24728,mhór-dhíolta,,,ta
24729,taitneamh,t,,amh
24730,huchtóirí,h,,í
24731,Itheann,,,eann
24732,lán-éifeacht,,,eacht
24733,Ilteangachas,,,achas
24734,nIonstraimí,,,í
24735,capsaicin,,,in
24736,ngéillfí,n,,fí
24737,cumasúcháin,,,in
24738,chiontóirí,,,í
24739,Loingeas,,,eas
24740,hIdirbhearta,h,,ta
24741,Lawn-gairdín,,,ín
24742,i-luachmhar,,,mhar
24743,fréamhshamhlú,,,ú
24744,n-isteach,n-,,each
24745,meabhrán,,,án
24746,costéifeachtach,,,ach
24747,d'iompróir,d',,óir
24748,cistí,,,tí
24749,aimileach,,,each
24750,foighneach,,fo,each
24751,liostaítear,,,ítear
24752,Choitianta,,,ta
24753,bhfeirmeacha,bh,,eacha
24754,chrediúint,,,úint
24755,claí,,,aí
24756,cheanáin,,,in
24757,seirbheáilte,,,te
24758,gnáthshéala,,gnáth,a
24759,socraíonn,,so,aíonn
24760,ríomhaireachta,,ríomh,ta
24761,glaineacht,,,eacht
24762,dála,,dá,a
24763,móitífeanna,,,eanna
24764,Curcuma,,,a
24765,t-oifigeach,t-,,each
24766,gcinnfeadh,g,cinn,eadh
24767,athnuaite,,ath,te
24768,ghabháltaisí,,,í
24769,ciméadfar,,,far
24770,fichead,,,ad
24771,fhorchuireann,,,eann
24772,leoNí,,,í
24773,Osclófar,,,ófar
24774,chruthóidh,,,óidh
24775,d'úsáideoirí,d',,í
24776,Brabúsacht,,,acht
24777,thrasnaigh,,,aigh
24778,hOibritheoir,h,,eoir
24779,Glacann,,,ann
24780,d'ealaíontóirí,d',,í
24781,Réidh,,,idh
24782,páipéir,,,éir
24783,corrmhéara,,corr,ra
24784,gcultúr,g,,úr
24785,Rebeka,,,a
24786,Bhunaithe,,,aithe
24787,Umraniye-Kagithane,,,ne
24788,obainn,,,inn
24789,Chlamhsán,,,án
24790,Ghaelcholáiste,,,te
24791,n-imlíne,n-,im,ne
24792,millilítear,,,ítear
24793,Díbhinní,,,í
24794,Donovan,,,an
24795,mhorscála,,,a
24796,tharlú,,,ú
24797,athchomhalta,,ath,ta
24798,sainearnálacha,,sain,acha
24799,Usáideann,,,eann
24800,roinn-Eolaíochtaí,,ro,taí
24801,trealmhú,,,ú
24802,ndlitear,n,,ear
24803,Bunóidh,,,óidh
24804,caitheann,,,eann
24805,mheallann,,,lann
24806,cheimiceach,,,each
24807,Nuashonraithe,,,aithe
24808,cháilíocht,,,íocht
24809,spáis,,,áis
24810,Tóraíocht,,,aíocht
24811,rachais,,,ais
24812,Allmhairí,,,í
24813,cógaisíocht,,,íocht
24814,cumhaidh,,,aidh
24815,phobalbhunaithe,,,aithe
24816,leideanna,,,eanna
24817,ítime,,,e
24818,calcadh,,,adh
24819,idirmheánach,,idir,ach
24820,Ullmhaíodh,,,íodh
24821,sreangán,,,gán
24822,Pósta,,,ta
24823,mionteoraitheoir,,mion,eoir
24824,hEorpa,h,,a
24825,bhreitheanna,,,eanna
24826,glantar,,,tar
24827,reachtaíochta,,,ta
24828,bhiotáilleach,,,each
24829,Gníomhairí,,,í
24830,ceolárais,,,ais
24831,Leabharlainne,,,ne
24832,gcéad-thoghachán,g,céad,achán
24833,buiséadaithe,,,aithe
24834,Úraigineacha,,,eacha
24835,scoláireacht,,,eacht
24836,Pluiméireacht,,,eacht
24837,chigireachta,,,ta
24838,an-coimeádach,,an,ach
24839,bpostvótaí,b,,taí
24840,thabhófar,,,ófar
24841,cabhrú,,,ú
24842,deighleálaí,,,aí
24843,sonnruithe,,so,ithe
24844,cost-éifeachtúil,,,túil
24845,achtú,,,ú
24846,Namaibe,,,e
24847,Éidin,,,in
24848,oideachais,,,ais
24849,Seiceálfaidh,,,faidh
24850,an-solúbtha,,an,tha
24851,Seánra,,,ra
24852,dtoirmisceann,d,,eann
24853,mbóibe,m,,e
24854,chomhlánadh,,,adh
24855,steiréitíopa,,,a
24856,Sceanra,,,ra
24857,comhchéime,,comh,e
24858,tomhaiseadh,t,,eadh
24859,Páirtnéireacht,,,eacht
24860,Gearmánacha,,,acha
24861,cáise,,,se
24862,Chualann,,,lann
24863,gCéim,g,,im
24864,bhuicéad,,,éad
24865,Hoptúil,,,túil
24866,Léiríonn,,,íonn
24867,n-oibrímid,n-,,ímid
24868,caithreachais,,,ais
24869,rannpháirtithe,,,ithe
24870,irisí,,,í
24871,freagracha,,,acha
24872,dúthrachtach,,dú,ach
24873,ndeara,n,dea,ra
24874,buaine,,,ne
24875,séaracht,,,acht
24876,dúnfar,,dún,far
24877,fhágann,,,ann
24878,Cumhachta,,,ta
24879,Iasachtaithe,,,aithe
24880,Eisiúintí,,,tí
24881,so-ghabhálaí,,so,aí
24882,fostú,,fo,ú
24883,bhithmhais,,,ais
24884,Thástáil,,,áil
24885,ndéanfa,n,dé,a
24886,díthithe,,dí,ithe
24887,Idirnáisiúnta,,,ta
24888,borradh,,,radh
24889,Leasanna,,,anna
24890,fhórsaí,,,aí
24891,Dea-Cháilíocht,,,íocht
24892,Siúil,,,úil
24893,cháinaisnéis,,,is
24894,buaicphointí,,,tí
24895,ziua,,,a
24896,n-cuireadh,,,eadh
24897,dálach,,dá,ach
24898,Sichuan,,,an
24899,ainionnas,,ain,as
24900,Dhátheangach,,,ach
24901,breactha,,breac,tha
24902,d'Oibreacháin,d',,in
24903,Lúthchleas,,,eas
24904,Athchúrsáil,,,áil
24905,éiceolaíochta,,,ta
24906,custaiméara,,,ra
24907,Lia-Chleachtóirí,,,í
24908,1950í,,,í
24909,Seirbis,,,is
24910,Polainnise,,,se
24911,Clárathachta,,,ta
24912,chlónn,,,nn
24913,shintéisiú,,,iú
24914,neamh-mhúinteach,,neamh,each
24915,ndearcthaí,n,dea,aí
24916,chigirí,,,í
24917,Ardvoltais,,,ais
24918,Theaincéirí,,,í
24919,scaipfear,,,fear
24920,allmhaireorí,,,í
24921,chustaim,,,aim
24922,Bradaíle,,,e
24923,mhonaraithe,,,aithe
24924,creataí,,,taí
24925,Diospraicse,,,se
24926,Cíocha,,,a
24927,dhéanfidh,,,fidh
24928,Príomh-Domhanda,,,da
24929,úinéirí,,,í
24930,coinnithe,,,ithe
24931,fhostuíonn,,,íonn
24932,Rialáilte,,,te
24933,bhlaiseadh,,,eadh
24934,Reachtain,,,in
24935,iltéarmaigh,,il,aigh
24936,neamhchláraithe,,neamh,aithe
24937,bunúsacha,,bun,acha
24938,Filleadh,,,eadh
24939,gcúlchistí,g,cúl,tí
24940,Nítrigine,,,ne
24941,dálaí,,dá,aí
24942,lasmuigh,,las,igh
24943,feannadh,,,adh
24944,Meabhraíonn,,,aíonn
24945,Dhíbhinní,,,í
24946,riachtanach,,,ach
24947,vbulletin,,,in
24948,trasfhreagróir,,tras,óir
24949,príomh-chomhpháirtithe,,príomh,ithe
24950,maolú,,,ú
24951,deanamh,,dea,amh
24952,thaidhbhiú,,,iú
24953,mhodha,,,a
24954,íonacht,,,acht
24955,amuigh,,am,igh
24956,nglacfaí,n,,aí
24957,bhealaighe,,,e
24958,Comhairlí,,,í
24959,neamháisiúlacht,,neamh,acht
24960,Scrúdóidh,,,óidh
24961,formhaoirseacht,,for,eacht
24962,iar-léiriúcháin,,iar,in
24963,hipirghníomhaíocht,h,hipir,aíocht
24964,Tríonóid,,,óid
24965,toirmeascach,t,,ach
24966,cónaitheachta,,,ta
24967,chaillteanais,,,ais
24968,páirceála,,,a
24969,Caritas,,,tas
24970,Cósta,,,ta
24971,Suaitheanta,,,ta
24972,feistis,,,is
24973,mhairfidh,,,fidh
24974,bhfráma,bh,,a
24975,traein,,,in
24976,theipfidh,,,fidh
24977,Ciapadh,,,adh
24978,Éide,,,e
24979,idirghníomhach,,idir,ach
24980,láraithe,,lár,aithe
24981,todhchaíochtaí,t,,taí
24982,Margaíochta,,,ta
24983,Dátaí,,,taí
24984,cleamhnaithe,,,aithe
24985,Rois,,,is
24986,fhoirmiúil,,,úil
24987,mBanna,m,,anna
24988,neamhchosanta,,neamh,ta
24989,tháirse,,,se
24990,muicfheola,,,a
24991,suíonna,,,na
24992,Bhinn,,,inn
24993,gceannaitheoir,g,ceann,eoir
24994,hiodréimiméadar,h,,méadar
24995,cadhraí,,,aí
24996,compáirteanna,,,eanna
24997,dhíréireacha,,,eacha
24998,shaortha,,,tha
24999,sintéiseacha,,sin,eacha
25000,caogadú,,,ú
25001,mion-ionracha,,mion,acha
25002,lánéifeacht,,,eacht
25003,díleácha,,dí,a
25004,inbheirthe,,in,the
25005,Dírigh,,,igh
25006,dhlithe,,,ithe
25007,20adh,,,adh
25008,fhíriciúil,,,úil
25009,choinbhinsiúin,,,in
25010,gCistelann,g,,lann
25011,héasáidí,h,éa,í
25012,heagrais,h,,ais
25013,Neachtain,,,in
25014,phacáil,,,áil
25015,díolacháin,,dí,in
25016,Ealaíne,,,ne
25017,intinn,,in,inn
25018,fásóirí,,,í
25019,teite,t,,te
25020,uismitheoir,,,eoir
25021,Gar-Ionadaithe,,,aithe
25022,chinnteoireachta,,,ta
25023,teoiriceacha,t,teo,eacha
25024,Imíonn,,,íonn
25025,marthanach,,,ach
25026,ró-bhuartha,,ró,tha
25027,Timpiste,,,te
25028,gnáthchiona,,gnáth,na
25029,imscaradh,,im,radh
25030,an-Freisin,,an,in
25031,Fíonchaora,,,ra
25032,Déanfaimis,,,imis
25033,thadhlaíos,,,íos
25034,bhfostóir,bh,fo,tóir
25035,Sra,,,ra
25036,chabhraigh,,,aigh
25037,molfaidh,,,faidh
25038,mucóis,,,óis
25039,idir-rialtasach,,idir,ach
25040,Roinnfear,,,fear
25041,thionsonamh,,,amh
25042,phostáil,,,áil
25043,laigheaduithe,,,ithe
25044,theastós,,,ós
25045,áitíochta,,,ta
25046,TeMa,,,a
25047,sásraí,,,aí
25048,leathantais,,leath,ais
25049,Kaynuka,,,a
25050,bhforbraítear,bh,for,ítear
25051,chianchonartha,,,tha
25052,Shruthlíniú,,,iú
25053,mhoillíonn,,,íonn
25054,dhíorthaigh,,,aigh
25055,n-rátálacha,,,acha
25056,mhuinín,,,ín
25057,bunaíodh,,bun,íodh
25058,Bith-theicneolaíocht,,,aíocht
25059,n-oibrítear,n-,,ítear
25060,waist-babhta,,,ta
25061,d'imscrúduithe,d',im,ithe
25062,gliomaigh,,,aigh
25063,fairtheoir,,,eoir
25064,raimhre,,,e
25065,Hormóin,,,in
25066,shúileáil,,,áil
25067,bhfeabhsuithe,bh,,ithe
25068,chomhfhreagraíonn,,,aíonn
25069,Il-cuais,,,ais
25070,fásóir,,,óir
25071,iomaíche,,,e
25072,mhaoirsiú,,,iú
25073,thrasdultach,,,ach
25074,scriosfar,,,far
25075,bpríomh-chothaitheach,b,príomh,each
25076,bhíogaigh,,,aigh
25077,talmhaíocht,t,,aíocht
25078,Chléirigh,,,igh
25079,Dallóga,,,ga
25080,huachtar,h,,tar
25081,ceapaire,,,aire
25082,shó-ghineach,,,each
25083,hainmníocht,h,ain,íocht
25084,archáilíocht,,,íocht
25085,cumasúchán,,,án
25086,Éabhlóid,,,óid
25087,éadú,,éa,ú
25088,cumhachtú,,,ú
25089,Dualgais,,,ais
25090,séasúrach,,,ach
25091,fhorghníomhaithigh,,,igh
25092,gcuiridh,g,,idh
25093,cuíchóiriú,,,iú
25094,gléasadh,,,adh
25095,bharántúlacht,,,acht
25096,bhithin,,,in
25097,bhailiúcháin,,,in
25098,dtiúbáin,d,,in
25099,imréiteach,,im,each
25100,tuisce,t,,e
25101,Inphinsin,,,in
25102,Teagmháil,,,áil
25103,rampaí,,,aí
25104,leanfaí,,,aí
25105,óstach,,,ach
25106,coiteanna,,,eanna
25107,líneconas,,,as
25108,Bhanna,,,anna
25109,rúnaithe,,,aithe
25110,agad,,,ad
25111,luiche,,,e
25112,pelvis,,,is
25113,n-iostaithe,n-,,aithe
25114,stearate,,,te
25115,tseana-cheadúnas,t,,únas
25116,neamhniúcháin,,neamh,in
25117,dheoin,,,in
25118,earnáilbhunaithe,,,aithe
25119,spíosraí,,,aí
25120,talmhan,t,,an
25121,Ghabhann,,,ann
25122,bpianbhreitheanna,b,,eanna
25123,Aíochta,,,ta
25124,diaibéitis,,dia,is
25125,Cothaithe,,,aithe
25126,t-úsáideoir,t-,,eoir
25127,mhothúchánach,,,ach
25128,Leantóir,,,tóir
25129,Trídhathach,,,ach
25130,i-ú,,,ú
25131,Sú,,,ú
25132,Tógála,,,a
25133,ante,,an,te
25134,saorthrádála,,,a
25135,ngnéithe,n,,ithe
25136,bhforbrófaí,bh,for,ófaí
25137,aisce,,ais,e
25138,ailiúnas,,,únas
25139,chreidtear,,,ear
25140,dtaifead,d,,fead
25141,miotais,,,ais
25142,dhuaiseanna,,,eanna
25143,cheana,,,na
25144,seirbhísigh,,,igh
25145,Emne,,,ne
25146,suaiteoirí,,,í
25147,hAlbáine,h,,ne
25148,aoiseanna,,,eanna
25149,sháruíonn,,,íonn
25150,athchaite,,ath,te
25151,réasúnacha,,réa,acha
25152,sheoltáin,,,in
25153,glanluach,,,ach
25154,tuisceanaí,t,,aí
25155,seisreach,,,each
25156,Shábháilte,,,te
25157,Choda,,,da
25158,cúramóir,,,óir
25159,racóga,,,ga
25160,Tarma,,,a
25161,Forbróir,,,óir
25162,Buachalla,,,a
25163,phéineas,,,eas
25164,réabhlóideach,,réa,óideach
25165,grádú,,,ú
25166,leaisteach,,,each
25167,fhleisce,,,e
25168,Seolfar,,,far
25169,Páipéir,,,éir
25170,cuirfar,,,far
25171,droch-imeachtaí,,droch,taí
25172,críochnúil,,,úil
25173,bhreisiú,,,iú
25174,gcisteoir,g,,eoir
25175,creidiúnaithe,,,aithe
25176,mholadh,,,adh
25177,stíle,,,e
25178,fiontraithe,,,aithe
25179,Ealaíona,,,na
25180,Ceardoideachas,,,achas
25181,gciníochas,g,,as
25182,ndéanmhas,n,dé,as
25183,bpraghsanna,b,,anna
25184,nea-choimisiúnta,,,ta
25185,chógas,,,as
25186,Leictriúcháin,,,in
25187,barra-comhla,,barr,a
25188,dhrochamhras,,,as
25189,Figiúr,,,úr
25190,ceacht,,,eacht
25191,Dhlí,,,í
25192,Leasaíodh,,,íodh
25193,d'fhostaí,d',,taí
25194,Comhlánófar,,,ófar
25195,aithníonn,,aith,íonn
25196,gcomharduithe,g,comh,ithe
25197,Seachtú,,,ú
25198,Feidhmiúlacht,,,acht
25199,choighneáil,,,áil
25200,Foirceannadh,,,adh
25201,sholáthraithe,,,aithe
25202,Ranníocach,,,ach
25203,shean,,,an
25204,Líneálacha,,,acha
25205,Ghníomhcheantar,,,tar
25206,ró-ghluaiseacht,,ró,eacht
25207,fóillíocht,,,íocht
25208,Athsheachadáin,,,in
25209,cuanrátaí,,,taí
25210,d'Anraí,d',,aí
25211,haerárthaí,h,aer,aí
25212,vorochennye,,,e
25213,éarlaise,,éa,se
25214,iarrthéir,,iar,éir
25215,cúrsóir,,,óir
25216,nIasachtaithe,,,aithe
25217,ndeonóidh,n,,óidh
25218,cigireachta,,,ta
25219,ola-thruailliú,,,iú
25220,Ard-Scrúdóra,,,ra
25221,Friotaíocht,,,aíocht
25222,incháilitheacht,,in,eacht
25223,saothraítear,,,ítear
25224,eischósta,,,ta
25225,n-aois,n-,,is
25226,reachtanna,,,anna
25227,locháin,,,in
25228,Ceadófar,,,ófar
25229,coganta,,,ta
25230,n-airítear,n-,,ítear
25231,dlithe,,,ithe
25232,hEorpaigh,h,,aigh
25233,cothromóid,,,óid
25234,niascach,,,ach
25235,pearsanú,,,ú
25236,feithidicídí,,,í
25237,Riadaigh,,,aigh
25238,dóichí,,dó,í
25239,comhoiriúnacht,,comh,acht
25240,Rúisise,,,se
25241,sheiceadóirí,,,í
25242,d'Fhondúireacht,d',,eacht
25243,scomra,,,ra
25244,mbreathnóir,m,,óir
25245,Buaicphointí,,,tí
25246,Camchuairte,,,te
25247,Earlaisí,,,í
25248,pictiúirí,,,í
25249,Íocaíochta,,,ta
25250,súgartha,,,tha
25251,Aníos,,,íos
25252,Ard-Bhreitheamh,,,amh
25253,ghrafach,,,ach
25254,áirthiú,,,iú
25255,Ligustrum-vulgare,,,e
25256,Geallann,,,lann
25257,Antar,,,tar
25258,garraíodóireacht,,gar,eacht
25259,Fhíneáil,,,áil
25260,Ranníocaíochta,,,ta
25261,Maoine,,,ne
25262,hoiriúnuítear,h,oir,ítear
25263,mhuca,,,a
25264,threoraíonn,,,aíonn
25265,ndíospóireachtaí,n,dí,taí
25266,an-tocsaineach,,an,each
25267,shonracha,,,acha
25268,comhaitheantas,,comh,tas
25269,conradh,,,radh
25270,punanna,,,anna
25271,Nuad,,,ad
25272,scothdhonn,,scoth,nn
25273,Míníonn,,,íonn
25274,cuma,,,a
25275,héagláithíocht,h,éa,íocht
25276,sean-airgead,,sean,ad
25277,glan-ranníocaíochtaí,,,taí
25278,cinnteoidh,,cinn,idh
25279,bheartóidh,,,óidh
25280,hárachuíodh,h,,íodh
25281,néarthocsaineacht,,,eacht
25282,Ríochta,,,ta
25283,pháighe,,,e
25284,n-iatán,n-,,án
25285,neamhchorpracha,,neamh,acha
25286,taomanna,t,,anna
25287,Cuirigí,,,igí
25288,Turgnamh,,,amh
25289,ndúnfaidh,n,dú,faidh
25290,cábla-bhealach,,,ach
25291,uasléasóirí,,uas,í
25292,sáruithe,,sár,ithe
25293,chumasadh,,,adh
25294,gcompánach,g,,ach
25295,Síne,,Sín,ne
25296,gaotha,,,tha
25297,glanluachála,,,a
25298,fisiteiripeoir,,,eoir
25299,céadfaí,,céad,aí
25300,Mhionna,,,na
25301,mhionaoisigh,,,igh
25302,hAeriompróirí,h,,í
25303,racht,,,acht
25304,Tirana,,,na
25305,luaineacht,,,eacht
25306,dola-scéim,,do,im
25307,Bheartas,,,tas
25308,loin,,,in
25309,ollmheáchan,,oll,chan
25310,plásán,,,án
25311,fhéintionscnamh,,,amh
25312,Lascaine,,,ne
25313,Réalteolaíocht,,,aíocht
25314,chuíchóiriú,,,iú
25315,comhlánaithe,,comh,aithe
25316,muinín,,,ín
25317,díréireach,,dír,each
25318,clúmhilleadh,,,eadh
25319,adharca,,,a
25320,hachoimrí,h,,í
25321,airgeadra,,,ra
25322,fhoclaíocht,,,aíocht
25323,phíopa,,,a
25324,hAistriú,h,,iú
25325,scéim,,,im
25326,Caitliceachas,,,achas
25327,mbreoslaí,m,,aí
25328,chothromais,,,ais
25329,Uile-Scoile,,,e
25330,hAthchóiriú,h,,iú
25331,láibe,,,e
25332,dorchadas,,do,as
25333,bhrocamas,,,as
25334,Chraobhchomórtas,,,tas
25335,phearsantaithe,,,aithe
25336,léirscriosadh,,,adh
25337,luaineachta,,,ta
25338,Critéir,,,éir
25339,paprika,,,a
25340,thoirmeascfaí,,,aí
25341,cuí-údaraithe,,,aithe
25342,nArdpháirtithe,,,ithe
25343,fréamhshamhail,,,amhail
25344,an-buan,,an,an
25345,ghéillfear,,,fear
25346,ilreachtanna,,il,anna
25347,naomh-Eaglais,,,ais
25348,néaltrú,,,ú
25349,mhonarchana,,,na
25350,sinnsear,,sin,ear
25351,caomhnóireacht,,,eacht
25352,thosaíochtaí,,,taí
25353,Dhaonlathach-Phoblacht,,,acht
25354,chealaithe,,,aithe
25355,zúmáil,,,áil
25356,Suaitheadh,,,eadh
25357,Clipeanna,,,eanna
25358,móilín,,,ín
25359,greamaitheach,,,each
25360,héigeantach,h,,ach
25361,hIonstraim,h,,aim
25362,Tianjin,,,in
25363,Preasa,,,sa
25364,fholuiteach,,,each
25365,gruagán,,,agán
25366,Tofa,,,a
25367,mheasúnachta,,,ta
25368,ndán,n,dá,án
25369,sheolamar,,,amar
25370,foinsiú,,fo,iú
25371,asleagtar,,as,tar
25372,latina,,,na
25373,frith-bhulaíochta,,frith,ta
25374,fholáin,,,in
25375,Srianta,,,ta
25376,d'fho-earnálacha,d',,acha
25377,daoire,,,ire
25378,CPPanna,,,anna
25379,ionrach,,ion,ach
25380,údaraíodh,,,íodh
25381,t-iar-eagarthóir,t-,iar,thóir
25382,Príomhfheidhmeannach,,,ach
25383,Tabhairfear,,,fear
25384,Cuntasaíocht,,,aíocht
25385,Adhartha,,,tha
25386,éagtha,,éa,tha
25387,fruilíodh,,,íodh
25388,Eirenan,,,an
25389,Comhaltachta,,,ta
25390,cheannuithe,,,ithe
25391,Crocosmia,,,ia
25392,foirmíochtaí,,fo,taí
25393,hairnéis-mhorgáiste,h,,te
25394,28adh,,,adh
25395,bhraitear,,,ear
25396,toghtha,t,,tha
25397,Susirinha,,,a
25398,raideagrafaíochta,,,ta
25399,Inathnuaite,,,te
25400,bpeirspictíocht,b,,íocht
25401,Barnabas,,,as
25402,clann,,,lann
25403,chomhúinéirí,,,í
25404,Craoltóireachta,,,ta
25405,Caillteanas,,,as
25406,gceadúnuíonn,g,,íonn
25407,dóite,,dó,te
25408,éadomhain,,éa,in
25409,smaointeoirí,,,í
25410,sholáthróidh,,,óidh
25411,dTailte,d,,te
25412,il-roinnte,,il,te
25413,athchláróidh,,ath,óidh
25414,storaigh,,,aigh
25415,Meastóireacht,,,eacht
25416,phortráidí,,,í
25417,plandaithe,,,aithe
25418,cáil,,,áil
25419,do-léighte,,do,te
25420,sliseanna,,,eanna
25421,Puiblí,,,í
25422,Foilsiú,,,iú
25423,diéitigh,,,tigh
25424,mbaictéarafagach,m,baictéara,fagach
25425,bunaidh,,bun,aidh
25426,Fómharacha,,,acha
25427,Babhta,,,ta
25428,coláiste,,,te
25429,Dócmhainneacht,,,eacht
25430,Bhriotánach,,,ach
25431,20-Deireadh,,,eadh
25432,gcomhairle,g,comh,e
25433,théitear,,,ear
25434,driféaracha,,,acha
25435,toghthóra,t,,ra
25436,bachéile,,,e
25437,d'ionstraimí,d',ion,í
25438,Phloretin,,,in
25439,Comhordóidh,,,óidh
25440,luíochán,,,án
25441,mas,,,as
25442,chúlmhutaireacht,,,eacht
25443,einní,,,í
25444,áitiú,,,iú
25445,scardann,,,ann
25446,atriallach,,,ach
25447,guaiseanna,,,eanna
25448,tobhaithe,t,,aithe
25449,Rollaí,,,aí
25450,dleachta,,,ta
25451,héighníomhach,h,,ach
25452,Réamh-Úinéireacht,,,eacht
25453,bhruacha,,,acha
25454,spontáineach,,,each
25455,dreapadóireacht,,,eacht
25456,lóistíochta,,,ta
25457,aintín,,ain,ín
25458,Tiomnú,,,ú
25459,airtléire,,,ire
25460,an-versatile,,an,e
25461,bhainfidh,,,fidh
25462,bhfoilsiú,bh,fo,iú
25463,greamacháin,,,in
25464,comhartha,,comh,tha
25465,Apache,,,e
25466,príomhscileanna,,príomh,eanna
25467,comhfhogasaithe,,comh,aithe
25468,Easportáil,,,áil
25469,ghuairneán,,,eán
25470,chomhréireacht,,,eacht
25471,veigeáin,,,in
25472,teagmhasacha,t,,acha
25473,Mótar,,,tar
25474,iriseoir,,,eoir
25475,Ceannach,,,ach
25476,ocsaimear,,,ear
25477,ndáileog,n,dá,eog
25478,cheárnach,,,ach
25479,gnáthsheirbhísí,,gnáth,í
25480,Suim,,,im
25481,réaltacht,,réalt,tacht
25482,idirghníomhaíocht,,idir,aíocht
25483,rachfaí,,,aí
25484,dtoillte,d,,te
25485,Sualainnis,,,is
25486,himthoscaí,h,im,aí
25487,cruthúnas,,,únas
25488,Deilbhín,,,ín
25489,spéisiúil,,,úil
25490,taispeántóirí,t,tais,í
25491,mhéara,,,ra
25492,comónta,,,ta
25493,Teach,,,each
25494,Cumaiscthe,,,the
25495,achoimre,,,e
25496,fhear,,,ear
25497,sainaithneofar,,sain,far
25498,héileofar,h,,far
25499,labhraíonn,,,aíonn
25500,sábháltachta,,,ta
25501,cinnirí,,cinn,í
25502,cogadh,,,adh
25503,ciúin,,,in
25504,áisiúla,,,a
25505,shaibhriú,,,iú
25506,Fotha,,,tha
25507,míbharrainn,,mí,inn
25508,lotnaicídí,,,í
25509,Otharchóistí,,,tí
25510,gclaochladán,g,,adán
25511,shárchúiseanna,,,eanna
25512,iolrachas,,,achas
25513,hIarscríbhinní,h,,í
25514,fhorléiriú,,,iú
25515,Aontú,,,ú
25516,Feisteas,,,eas
25517,d'aturnae,d',,e
25518,samhlófar,,,ófar
25519,Bainimid,,,imid
25520,Rambla,,,a
25521,Thosnuionn,,,nn
25522,Freagairtí,,,tí
25523,príomhoibleagáidí,,príomh,í
25524,déghnéasach,,dé,ach
25525,d'fhreastalaíodh,d',,íodh
25526,síosscríofa,,,a
25527,troscán,,,án
25528,fialachta,,fia,ta
25529,gnólacht,,,acht
25530,gCeanncheathrú,g,,ú
25531,dtoghthóirí,d,,í
25532,féin-díluchtaithe,,féin,aithe
25533,ísealtáirgeachta,,,ta
25534,tipiciúil,t,,úil
25535,chabhruigh,,,igh
25536,foréigin,,for,gin
25537,suathaireachta,,,ta
25538,chasfaidh,,,faidh
25539,díolfaidh,,dí,faidh
25540,Maintaince,,,e
25541,Shoiléirigh,,,igh
25542,dtaisce,d,tais,e
25543,Suíomhanna,,,anna
25544,Barceloneta,,,ta
25545,Thalmhan,,,an
25546,eacnaiméadrach,,,méadrach
25547,Tromlach,,,ach
25548,shábháilte,,,te
25549,iomadú,,,ú
25550,dhiaibéitigh,,,tigh
25551,míníodh,,mín,íodh
25552,Bronntanais,,,ais
25553,trioblóide,,,e
25554,aibreog,,,eog
25555,daingniú,,,iú
25556,tuathphróiseas,t,,eas
25557,margaithe,,,aithe
25558,Sebastián,,,án
25559,feabhsaí,,,aí
25560,Comhlánaítear,,,ítear
25561,sean-droichead,,sean,ad
25562,leas-crosbhealach,,leas,ach
25563,Kırıkkale,,,e
25564,Rosiglitazone,,,ne
25565,roinnefaidh,,ro,faidh
25566,tralaithe,,,aithe
25567,cnapáin,,,in
25568,hAicme,h,,e
25569,Ard-fheidhmíocht,,,íocht
25570,ghearáin,,,in
25571,Infheisteora,,,ra
25572,d'allmhuiriú,d',,iú
25573,tráchtála,,,a
25574,ghortóidh,,,óidh
25575,d'admhaigh,d',,aigh
25576,gairmeacha,,,eacha
25577,Leasaithe,,,aithe
25578,nua-sócmhainní,,nua,í
25579,thionónta,,,ta
25580,sáróidh,,sár,óidh
25581,chathracha,,,acha
25582,éigeandála,,,a
25583,sinn,,sin,inn
25584,Somhairle,,,e
25585,shealadaigh,,,aigh
25586,cófraí,,,aí
25587,gcumas,g,,as
25588,púdraithe,,,aithe
25589,deise,,,se
25590,Tintoreria,,,ia
25591,tráthúil,,,úil
25592,éagsúlachtaí,,éa,taí
25593,d'ionraiceas,d',ion,eas
25594,d'acmhainne,d',,ne
25595,eagraímid,,,aímid
25596,gníomhas,,,as
25597,olltáirgeacht,,oll,eacht
25598,gcodanna,g,,anna
25599,troda,,,da
25600,Fóir,,,óir
25601,chalabhán,,,án
25602,gciontaí,g,,taí
25603,Díobháil,,,áil
25604,21-mí,,,í
25605,hoilithreachta,h,,ta
25606,Píseanna,,,eanna
25607,vótálann,,,lann
25608,sonChomhairle,,so,e
25609,Lionsa,,,sa
25610,beacáin,,,in
25611,gcáileoidh,g,,idh
25612,Chláraigh,,,aigh
25613,mhadraí,,,aí
25614,Eisceachtúla,,,a
25615,díchineálach,,dí,ach
25616,rialáilte,,,te
25617,Glaonna,,,na
25618,Téamaí,,,aí
25619,ghnóthófaí,,,ófaí
25620,téarma,t,,a
25621,pháirtaimsire,,,ire
25622,n-aicmí,n-,,í
25623,Sábhálann,,,lann
25624,bagairtí,,,tí
25625,géinte,,,te
25626,Anfisa,,,sa
25627,scagaidh,,,aidh
25628,micreathonnta,,,ta
25629,bpríomhoide,b,príomh,e
25630,mhainneachtain,,,in
25631,Chuirtín,,,ín
25632,ndamáistí,n,,tí
25633,Gearrchuntais,,,ais
25634,dtuigimid,d,,imid
25635,Cadhnraí,,,aí
25636,deimhnitheach,,,each
25637,n-admhóidh,n-,,óidh
25638,athraíodh,,ath,íodh
25639,agartha,,,tha
25640,raidi-lipéadú,,,ú
25641,carbóin,,,in
25642,shaoirse,,,se
25643,spraeire,,,ire
25644,phlandlanna,,,anna
25645,Mheáin,,,in
25646,Labhartha,,,tha
25647,déithe,,dé,ithe
25648,comhchuideachta,,comh,ta
25649,Sparánacht,,,acht
25650,leictriú,,leictri,iú
25651,ruadh,,,adh
25652,ngníomhófar,n,,ófar
25653,Leigint-isteach,,,each
25654,dhlífidh,,,fidh
25655,coimeádann,,,ann
25656,stocluach,,,ach
25657,Deocha,,,a
25658,Throma,,,a
25659,ticéidí,t,,í
25660,napkin,,,in
25661,frith-comhdhlúthúcháin,,frith,in
25662,méadóidh,,,óidh
25663,geologánaithe,,geo,aithe
25664,Prensa,,,sa
25665,bhfísdoiciméad,bh,fís,éad
25666,Taispeántóir,,,tóir
25667,láithreas,,,eas
25668,ndronuilleog,n,,eog
25669,d'fhionraí,d',,aí
25670,Fhoroinn,,,inn
25671,aerchuideachta,,aer,ta
25672,huasghrádú,h,uas,ú
25673,bhuaiteach,,,each
25674,seodra,,,ra
25675,Áirítear,,,ítear
25676,sáraíonn,,sár,aíonn
25677,Šahtara,,,ra
25678,Tógfaidh,,,faidh
25679,bhfarraigí,bh,,igí
25680,Áitribh,,,ibh
25681,eacnamaíche,,,e
25682,gcúiseanna,g,,eanna
25683,dearthóir,,dea,thóir
25684,monaraíocht,,mona,aíocht
25685,baoite,,,te
25686,gcabhróidh,g,,óidh
25687,meicniúil,,,úil
25688,Sudman,,,an
25689,iia,,,ia
25690,laighead,,,ad
25691,thuigbheáil,,,áil
25692,impireacht,,im,eacht
25693,Cóimeálaí,,,aí
25694,frithghníomhú,,frith,ú
25695,Pomacea,,,a
25696,réamhchúraim,,réamh,aim
25697,forghníomhuithe,,for,ithe
25698,Fhiontraíocht,,,aíocht
25699,cónaithe,,,aithe
25700,eagraíodh,,,íodh
25701,shreangú,,,ú
25702,Structúr,,,úr
25703,Gherkin,,,in
25704,nglaofar,n,,far
25705,sheirbheáiltear,,,ear
25706,gcatagóir,g,,óir
25707,dhaonlathach,,,lathach
25708,inlamhála,,in,a
25709,thásca,,,a
25710,iomalartú,,,ú
25711,ghearrtha,,,tha
25712,cothabhála,,,a
25713,Chothabháil,,,áil
25714,Screamhuisce,,,e
25715,rátúil,,,túil
25716,n-iomprófaí,n-,,ófaí
25717,fhráma,,,a
25718,phíolóideachta,,,ta
25719,Deonóidh,,,óidh
25720,Leanúin,,,in
25721,Ghnóchain,,,in
25722,gortóireacht,,,eacht
25723,Stocmhalartáin,,,in
25724,eitice,,,e
25725,stiúra,,,ra
25726,shainaithneofar,,,far
25727,Kadiyayla,,,a
25728,nuathuairiscithe,,nua,ithe
25729,chruinne,,,ne
25730,cithfholcadh,,,adh
25731,sinsearacht,,sin,acht
25732,Monaróir,,,óir
25733,Spíos,,,íos
25734,spear,,,ear
25735,thiúchan,,,chan
25736,thionólfaí,,,aí
25737,Tagartha,,,tha
25738,ithreacha,,,eacha
25739,eiseofar,,,far
25740,Coimeádaí,,,aí
25741,Clochán,,,án
25742,GhualFolaíonn,,,aíonn
25743,Bainaistíochta,,,ta
25744,Daonnachta,,,ta
25745,dheisceartacha,,,acha
25746,n-íocfa,n-,,a
25747,ghrianchóras,,,as
25748,comhéifeachtaí,,comh,taí
25749,dhlíonn,,,íonn
25750,fhoráil,,,áil
25751,ndoirtiú,n,do,iú
25752,denial-de-seirbhíse,,,se
25753,in-athnuaite,,in,te
25754,Aoisliúntas,,,tas
25755,cionmhaire,,,aire
25756,ministéirí,,,í
25757,ionsaithí,,ion,í
25758,d'ainneoin,d',ain,in
25759,tairisceana,t,,na
25760,Ard-Stúirthóir,,,thóir
25761,mhótarfheithlicí,,,í
25762,paraiméadar,,para,méadar
25763,choinníollacha,,,acha
25764,gcoitinne,g,,ne
25765,talamhaíochta,t,,ta
25766,Bhriseadh,,,eadh
25767,ngaolta,n,,ta
25768,Chomórtas,,,tas
25769,ghriansciatha,,,tha
25770,óltóir,,,tóir
25771,Luchtú,,,ú
25772,ceirmeacha,,,eacha
25773,Priontála,,,a
25774,Susan,,,san
25775,garchabhracha,,gar,acha
25776,thumadh,,,adh
25777,Maithe,,,aithe
25778,lártheifneoiriú,,lár,iú
25779,gcuimhneacháin,g,,in
25780,Chaiteachais,,,ais
25781,chomhpháirteacha,,,eacha
25782,ndíolta,n,dí,ta
25783,páirt-eisiach,,páirt,ach
25784,chúirt-bhanna,,,anna
25785,rúscadh,,,adh
25786,céimiúil,,,úil
25787,Rátáil,,,áil
25788,réadúla,,réa,a
25789,forásacha,,for,acha
25790,smaointe,,,te
25791,Eatramhach,,,ach
25792,réasúnaithe,,réa,aithe
25793,próiseáladh,,,adh
25794,chuige,,,e
25795,gréasáin,,,in
25796,Briotáineach,,,each
25797,Sheanad,,,ad
25798,aubergine,,,ne
25799,Portaingéile,,,e
25800,fhaisnéise,,,se
25801,ableistideas,,,eas
25802,Cumhráin,,,in
25803,Slóivéine,,,ne
25804,Neamonaraithe,,,aithe
25805,seiceálacha,,,acha
25806,luatha,,luath,tha
25807,scuainí,,,í
25808,dílsíodh,,dí,íodh
25809,cosantacha,,,acha
25810,Ceirdeanna,,,eanna
25811,Beartas,,,tas
25812,Pallaidiam,,,idiam
25813,comhairleacht,,comh,eacht
25814,saintoilleadh,,sain,eadh
25815,Coinnithe,,,ithe
25816,comhfhoirmligh,,comh,igh
25817,cothaithaigh,,,aigh
25818,lánaimsire,,,ire
25819,fiunraíochta,,,ta
25820,Taoiseach,,,each
25821,Curtha,,,tha
25822,Cruthaitheach,,,each
25823,chuidigh,,,igh
25824,Riamh,,,amh
25825,sheasca,,,a
25826,rialóidh,,,óidh
25827,compordach,,,ach
25828,Péinteáilte,,,te
25829,Nuachóiriú,,,iú
25830,atráchtú,,,ú
25831,14ú,,,ú
25832,thréigthe,,,the
25833,thraein,,,in
25834,Ceanannas,,,as
25835,mheandarach,,,ach
25836,infheisteoirí,,in,í
25837,phoiblí,,,í
25838,breacachán,,breac,achán
25839,leasanna,,leas,anna
25840,Neamhfhíorluach,,,ach
25841,d'ordú,d',,ú
25842,Scríbhnín,,,ín
25843,éileoidh,,,idh
25844,Leanfaimid,,,aimid
25845,práinneach,,,each
25846,carnie,,,e
25847,croíleacáin,,,in
25848,hArdrúnaí,h,,aí
25849,peannaidí,,,í
25850,ghlan-cháin,,,in
25851,d'fad,,,fad
25852,éifeachtach,,,ach
25853,Daonlathaithe,,,aithe
25854,Asbhaintí,,,tí
25855,Cúplála,,,a
25856,Íocaíocht,,,aíocht
25857,teilgin,t,,gin
25858,n-íocaíochtaí,n-,,taí
25859,gcruthófar,g,,ófar
25860,ndéileálfaidh,n,dé,faidh
25861,nglaoitear,n,,ear
25862,hóstach,h,,ach
25863,arrachtaigh,,,aigh
25864,mhileata,,,ta
25865,Scairdchábáin,,,in
25866,formacha,,for,acha
25867,buntáisteach,,bun,each
25868,údaraithe,,,aithe
25869,súilíneacha,,,eacha
25870,roimh-ligin,,ro,gin
25871,chlóslann,,,lann
25872,luatheaglaise,,luath,se
25873,kan,,,an
25874,iar-ghéarchéime,,iar,e
25875,vaigín,,,ín
25876,amhrastacha,,am,acha
25877,eangacha,,,acha
25878,Forbatha,,,tha
25879,teisteoir,t,,eoir
25880,slánúcháin,,,in
25881,Vótáladh,,,adh
25882,milleagram,,,gram
25883,rannáin,,,in
25884,Luí,,,í
25885,inléiteacht,,in,eacht
25886,fútha,,,tha
25887,gcomhéadain,g,comh,in
25888,Idirghabhálaithe,,,aithe
25889,T-léinte,,,te
25890,théamh,,,amh
25891,Naíolann,,,lann
25892,n-ionadaigh,n-,ion,aigh
25893,Íobairtí,,,tí
25894,cuimsítear,,,ítear
25895,straitéisigh,,,igh
25896,voltais,,,ais
25897,ciní,,,í
25898,ró-ualach,,ró,ach
25899,raghas,,,as
25900,móideim,,,im
25901,Scéimrí,,,í
25902,díreacha,,dír,eacha
25903,séarachta,,,ta
25904,háititheoirí,h,,í
25905,hArd-Chomhairle,h,,e
25906,sármhaithe,,sár,aithe
25907,Teochta,,,ta
25908,ríomhshonraí,,ríomh,aí
25909,Bainistíochta,,,ta
25910,chomhfhreagrach,,,ach
25911,athdhéanann,,ath,ann
25912,hiodráitithe,h,,ithe
25913,lóisteálta,,,ta
25914,gcraobhscaoiltear,g,,ear
25915,Clárlann,,,lann
25916,Bunmhúinteoireacht,,,eacht
25917,Spear,,,ear
25918,Oifigúla,,,a
25919,fhúndúireacht,,,eacht
25920,toghaí,t,,aí
25921,saobhadh,,,adh
25922,shíneoidh,,,idh
25923,táirgeann,t,,eann
25924,d'iomláine,d',,ne
25925,tsean-chiste,t,,te
25926,Kremlin,,,in
25927,Éilíonn,,,íonn
25928,feabhra,,,ra
25929,zombie,,,e
25930,príomhchustaiméir,,príomh,méir
25931,líomhain,,,in
25932,pléadáladh,,,adh
25933,NEOanna,,,anna
25934,shícóis,,,óis
25935,nithiúla,,,a
25936,Sioncrónaíonn,,,aíonn
25937,airgeadasaithe,,,aithe
25938,shealbhaítear,,,ítear
25939,shuíochán,,,án
25940,phaitinne,,,ne
25941,beochan,,,chan
25942,neambríochainte,,,te
25943,fhéideartha,,,tha
25944,frith-ailseine,,frith,ne
25945,Aerthráchta,,,ta
25946,Dheonú,,,ú
25947,mhaitheamh,,,amh
25948,Gníomhaithe,,,aithe
25949,stocmhargadh,,,adh
25950,scéime,,,e
25951,socheacnamaíocha,,soch,a
25952,geallaimid,,,aimid
25953,fhorálann,,,lann
25954,slánaíochtaí,,,taí
25955,Ailgíneacha,,,eacha
25956,Laghdú,,,ú
25957,Cóineasú,,,ú
25958,intuarthacht,,in,acht
25959,bhfanachta,bh,,ta
25960,Eascraíonn,,,aíonn
25961,Chomhairle,,,e
25962,Ceannóidh,,,óidh
25963,Feistiú,,,iú
25964,oibritheoirí,,,í
25965,Chláirseach,,,each
25966,il-imreoir,,il,eoir
25967,De-idirghabháil,,,áil
25968,an-taithí,,an,í
25969,geadán,,,adán
25970,pribhléide,,,e
25971,in-líne,,in,ne
25972,frith-mhaolaithe,,frith,aithe
25973,d'ordaigh,d',,aigh
25974,phríomhchearta,,,ta
25975,aille,,,e
25976,bpoiblíocht,b,,íocht
25977,iniúchann,,in,ann
25978,Margadhluach,,,ach
25979,Fhíoruisce,,,e
25980,shrianfaidh,,,faidh
25981,reachtóir,,,tóir
25982,AlexandraErin,,,in
25983,Ceirde,,,e
25984,d'áitigh,d',,tigh
25985,Uachtaran,,,an
25986,liúntaisí,,,í
25987,difríocht,,,íocht
25988,géim,,,im
25989,fhágfaidh,,,faidh
25990,Coibhneasta,,,ta
25991,gceanglais,g,,ais
25992,Optamaithe,,,aithe
25993,chóghléasadh,,,adh
25994,ilstórach,,il,ach
25995,amlíne,,am,ne
25996,ráire,,,ire
25997,dhearnana,,,na
25998,chonas,,,as
25999,Gníomhach,,,ach
26000,mhaise,,,se
26001,Chruinne,,,ne
26002,cheadaíonn,,,aíonn
26003,diagragán,,dia,agán
26004,Rómhán,,,án
26005,Oisrí,,,í
26006,heisceachtaí,h,,taí
26007,Stáit,,,áit
26008,indibhidiúla,,in,a
26009,inroghnaithe,,in,aithe
26010,críochnóidh,,,óidh
26011,praghais,,,ais
26012,creagacha,,,acha
26013,Tromionsaí,,,aí
26014,buste,,,te
26015,achomharcóir,,,óir
26016,Aitheantóir,,,tóir
26017,n-intinn,n-,in,inn
26018,gnáthuaire,,gnáth,aire
26019,Iris,,,is
26020,léaráidí,,,í
26021,ránaigh,,,aigh
26022,Thacaíocht,,,aíocht
26023,tuairiscíodh,t,,íodh
26024,Déantóir,,,tóir
26025,bharainn,,,inn
26026,Gnáthchónaí,,,aí
26027,Buan-Orduithe,,,ithe
26028,ireann,,,eann
26029,déanaimid,,dé,aimid
26030,oslainnis,,os,is
26031,ceangailtear,,,ear
26032,chiallaíonn,,,aíonn
26033,hearcóir,h,,óir
26034,eagna,,,na
26035,gearrchuntas,,gearr,tas
26036,mbailiú,m,,iú
26037,Seirbhísigh,,,igh
26038,mbaintear,m,bain,ear
26039,fheidhmiúil,,,úil
26040,Threoraí,,,aí
26041,gcéadfaí,g,céad,aí
26042,siopa,,,a
26043,ndeasca,n,dea,a
26044,dúiseacht,,dú,eacht
26045,Bhrainse,,,se
26046,chnapshuime,,,e
26047,an-brainseach,,an,each
26048,fearáistí,,fear,tí
26049,dáileachta,,dá,ta
26050,bunlíne,,bun,ne
26051,oidhreachta,,,ta
26052,castachtaí,,,taí
26053,digitiú,,,iú
26054,fruilithe,,,ithe
26055,bholgáin,,,in
26056,Breis,,,is
26057,Eilithe,,,ithe
26058,1970idí,,,í
26059,doimhneachtaí,,do,taí
26060,infheistíochtaí,,in,taí
26061,teileamaitice,t,,e
26062,Chonartha,,,tha
26063,saor-rochtain,,,in
26064,sheachfhoinsiú,,,iú
26065,Aistriúcháin,,,in
26066,Roghnúcháin,,,in
26067,Cuirtíní,,,í
26068,Chomhfhreachnamh,,,amh
26069,mbriseadh,m,,eadh
26070,thógfa,,,a
26071,malartaítear,,,ítear
26072,ceartuithe,,,ithe
26073,débhrí,,dé,í
26074,mhiocróbach,,,ach
26075,nochtar,,,tar
26076,Sile,,,e
26077,tiomsaithe,t,,aithe
26078,admhálacht,,,acht
26079,Conghaile,,,e
26080,aeistéitiúil,,,úil
26081,díograis,,dí,ais
26082,Teaghrán,,,án
26083,ghníomhú,,,ú
26084,Tuille,,,e
26085,dhiúltaigh,,,aigh
26086,gCaomhnóirí,g,,í
26087,Teasa,,,sa
26088,thoghaidhe,,,aidhe
26089,athlua,,ath,a
26090,chréatúr,,,úr
26091,réimsí,,ré,í
26092,mhéadaitheach,,,each
26093,Níltear,,,ear
26094,Clárúcháin,,,in
26095,aer-oiriúnaithe,,aer,aithe
26096,Eagras,,,as
26097,mhodhanna,,,anna
26098,ghrádáil,,,áil
26099,bhfo-dhlithe,bh,fo,ithe
26100,gorm-gha,,,a
26101,caomhnaithe,,,aithe
26102,nInstitiúidí,,,í
26103,Foirmliú,,,iú
26104,rátála,,,a
26105,sroichfidh,,,fidh
26106,puncáilte,,,te
26107,tsonra,t,,ra
26108,feidhmeannach,,,ach
26109,Comhlánaigh,,,aigh
26110,julle,,,e
26111,anaithnidiú,,ana,iú
26112,antrapaigineacha,,antrapa,eacha
26113,Dramhaíl,,,aíl
26114,Mhíthreoracha,,,acha
26115,blocáilte,,,te
26116,ndearbhófaí,n,dea,ófaí
26117,Iasacht,,,acht
26118,ghnáthcheadúnais,,,ais
26119,buanú,,buan,ú
26120,Soláthraíodh,,,íodh
26121,tsean-chuideachta,t,,ta
26122,thar-an-aoiseach,,,each
26123,d'fhuirinn,d',,inn
26124,staileach,,,each
26125,úsáideora,,,ra
26126,chaibidlíocht,,,íocht
26127,glibenclamide,,,e
26128,faoileoirí,,,í
26129,scannalach,,,ach
26130,theagmhais,,,ais
26131,maoirsiú,,,iú
26132,Roghnaigh,,,aigh
26133,feighilteoir,,,eoir
26134,iniúchtaí,,in,taí
26135,sean-oibrithe,,sean,ithe
26136,trúpaí,,,aí
26137,n-ionsaí,n-,ion,aí
26138,Libh,,,ibh
26139,inneallta,,in,ta
26140,débhealaigh,,dé,aigh
26141,gcumhachtófaí,g,,ófaí
26142,Bhuanchoiste,,,te
26143,neamh-dhóthaineach,,neamh,each
26144,ngnáthscoileanna,n,gnáth,eanna
26145,Gintear,,,ear
26146,caidreamh,,,amh
26147,hiniúchóirí,h,in,í
26148,Fheabhasacht,,,acht
26149,Comhpháirtíocht,,,íocht
26150,réamhfhoireann,,réamh,eann
26151,dhíbhigh,,,igh
26152,laidineach,,,each
26153,seanordú,,sean,ú
26154,t-oighear,t-,,ear
26155,angelina,,an,na
26156,chaithis,,,is
26157,caibidle,,,e
26158,tástáilte,t,,te
26159,dháileadh,,,eadh
26160,gnáthchomhnaí,,gnáth,aí
26161,Dhíolúine,,,ne
26162,hasláithreacht,h,as,eacht
26163,cille,,,e
26164,phríomhréimse,,,se
26165,Chúlchuntas,,,tas
26166,mbainfidís,m,bain,fidís
26167,Chiúin,,,in
26168,scríbhinní,,,í
26169,bainimid,,bain,imid
26170,salachtaí,,,taí
26171,shásúil,,,úil
26172,Cúramóirí,,,í
26173,dea-stádas,,dea,as
26174,Adhan,,,an
26175,Fada,,,da
26176,Thíreolaíochtaí,,,taí
26177,thairgtheoir,,,eoir
26178,geallsealbhóirí,,,í
26179,aistríodh,,ais,íodh
26180,Carranna,,,anna
26181,féinmhuinín,,féin,ín
26182,tarchuirfear,t,tar,fear
26183,bunúsáideoirí,,bun,í
26184,Mhisean,,,sean
26185,Dearcadh,,,adh
26186,Suiteálaithe,,,aithe
26187,Deiridh,,,idh
26188,radharcmhastóra,,,ra
26189,Ialtóg,,,óg
26190,hiomarcach,h,,ach
26191,n-oibreacha,n-,,eacha
26192,Craolta,,,ta
26193,éadroma,,éa,a
26194,Míchumais,,,ais
26195,stuamachta,,,ta
26196,ghreamóidh,,,óidh
26197,Cóireála,,,a
26198,Nirvana,,,na
26199,orduíonn,,,íonn
26200,Bodach,,,ach
26201,Eacnamaíocht,,,aíocht
26202,gciste,g,,te
26203,Guím,,,ím
26204,phreasáil,,,áil
26205,ózóin,,,in
26206,Fhear,,,ear
26207,Cheannáras,,,as
26208,chuathas,,,as
26209,dheánamh,,,amh
26210,mhíle,,,e
26211,Daonchabhrach,,,ach
26212,Rathlin,,,in
26213,Dita,,,ta
26214,lánúin,,,in
26215,n-seirbhísí,,,í
26216,trastomhais,,tras,ais
26217,optúil,,,túil
26218,foinsí,,fo,í
26219,mbaineadh,m,bain,eadh
26220,Iomarcacha,,,acha
26221,fheidmiú,,,iú
26222,íogaireachta,,,ta
26223,rabhthas,,,as
26224,Baileoidh,,,idh
26225,dTiarnaí,d,,aí
26226,n-clúdach,,,ach
26227,neamh-Ghiúdaigh,,neamh,aigh
26228,ionsúiteach,,ion,each
26229,seachadtar,,,tar
26230,cúntóir,,,tóir
26231,ilbhliantúla,,il,a
26232,Fógraí,,,aí
26233,vótaíochtaí,,,taí
26234,chodán,,,án
26235,chomhbhainistíochta,,,ta
26236,ngearánaí,n,,aí
26237,shúchán,,,án
26238,téachtáin,t,,in
26239,gcéin,g,,éin
26240,dhomhanda,,,da
26241,córa,,,ra
26242,haltraí,h,,traí
26243,coscóirí,,,í
26244,Tappisserie,,,e
26245,Cothábháil,,,áil
26246,cheadódh,,,ódh
26247,polasaí,,pola,aí
26248,lamhálfaí,,,aí
26249,folaitheach,,fo,each
26250,ciontachta,,,ta
26251,cuideoidh,,,idh
26252,braislí,,,í
26253,rialach,,,ach
26254,réamhthuarascáil,,réamh,áil
26255,mBinse,m,,se
26256,speisialtóra,,,ra
26257,croicne,,,ne
26258,Ráthaigh,,,aigh
26259,tóiteán,t,,eán
26260,Theaghlach,,,ach
26261,Róisín,,,ín
26262,Cheamara,,,ra
26263,comhaontaithe,,comh,aithe
26264,Tillandsia,,,ia
26265,grán,,,án
26266,comhar,,comh,mhar
26267,Faisnéisíochta,,,ta
26268,socraíochta,,so,ta
26269,bpríomh-bhealach,b,príomh,ach
26270,Speisialtóir,,,tóir
26271,scútar,,,tar
26272,cúil,,,úil
26273,ráiteas,,,eas
26274,hiompórtálaithe,h,,aithe
26275,Caestóirí,,,í
26276,iomarcaidhe,,,aidhe
26277,náireach,,,each
26278,fhéichiúnais,,,ais
26279,ndeonadh,n,,adh
26280,ceadúnaisí,,,í
26281,píolóideachta,,,ta
26282,riartaí,,,taí
26283,Gaillimhe-Maigh,,,aigh
26284,cluichíochta,,,ta
26285,dífhostófar,,dí,ófar
26286,airbheartaigh,,,aigh
26287,réaltachta,,réalt,ta
26288,stuaim,,,aim
26289,hagóidí,h,,í
26290,Cabhraíonn,,,aíonn
26291,bhí,,,í
26292,Dheimhnigh,,,igh
26293,tomhaltóir,t,,tóir
26294,mhalartach,,,ach
26295,Athbhunú-shocrú,,,ú
26296,chólíonadh,,,adh
26297,daingneacht,,,eacht
26298,seadán,,,adán
26299,ndlúthchomhar,n,,mhar
26300,chradán,,,adán
26301,clárófar,,,ófar
26302,bpromhadán,b,,adán
26303,bhfoinse,bh,fo,se
26304,Chuibhreannais,,,ais
26305,busanna,,,anna
26306,lámhach,,,ach
26307,meán,,,eán
26308,gcáiníocóir,g,,óir
26309,príomh-roghna,,príomh,na
26310,europe,,,e
26311,chóipe,,,e
26312,dhealú,,,alú
26313,seanfhoilseacháin,,sean,in
26314,hiasachtóir,h,,tóir
26315,Riada,,,da
26316,arasán,,,án
26317,n-creideamh,,,amh
26318,d'aisghabháil,d',ais,áil
26319,foscadh,,fo,adh
26320,stampálta,,,ta
26321,dhíobháilte,,,te
26322,gciseán,g,,eán
26323,n-ólfar,n-,,far
26324,Tliongáinise,,,se
26325,chúlchistí,,,tí
26326,d'ath-shocrú,d',ath,ú
26327,réadaí,,réa,aí
26328,bhfógraí,bh,,aí
26329,coinbhliochta,,,ta
26330,árthach,,,ach
26331,áireofar,,,far
26332,Mórdhámhachtain,,,in
26333,mbeartóidh,m,,óidh
26334,socheolaíocht,,soch,aíocht
26335,mainníonn,,,íonn
26336,Azolla,,,a
26337,t-impire,t-,im,ire
26338,gCosantóir,g,,tóir
26339,n-iarratasóirí,n-,iar,í
26340,Cheantar,,,tar
26341,deontaithe,,,aithe
26342,bhialanna,,,anna
26343,Iontaofa,,,a
26344,gnólachtaí,,,taí
26345,comhsheasamh,,comh,amh
26346,eirgeanamaíochta,,,ta
26347,cothuithe,,,ithe
26348,fondúireacht,,fo,eacht
26349,maothú,,,ú
26350,tiománaithe,t,,aithe
26351,dhaonlathacha,,,acha
26352,chraolfar,,,far
26353,ióta,,,ta
26354,Teileagúis,,,is
26355,meigiliteacha,,,eacha
26356,dhifear,,,fear
26357,hOighearaoise,h,,se
26358,troma,,,a
26359,Bárdaisí,,,í
26360,Déantar,,,tar
26361,cúisigh,,,igh
26362,marcóirí,,,í
26363,gcáin,g,,in
26364,rálacha,,,acha
26365,Komisja,,,a
26366,Bailiúchán,,,án
26367,waist-fillteán,,,eán
26368,thiomargadh,,,adh
26369,Oinigh,,,igh
26370,Chontaetha,,,tha
26371,seomra,,,ra
26372,Ursula,,,a
26373,cistithe,,,ithe
26374,tuigfar,t,,far
26375,Thagann,,,ann
26376,Ullmhaithe,,,aithe
26377,Achadh,,,adh
26378,líomhnaithe,,,aithe
26379,Claiseanna,,,eanna
26380,Táirgí,,,í
26381,Thomhaltóirí,,,í
26382,áiritheofaí,,,aí
26383,hoibiachtúlacht,h,,acht
26384,d'eagla,d',,a
26385,meargántacht,,,tacht
26386,seachadadh,,,adh
26387,Leabaí,,,aí
26388,gCúirteanna,g,,eanna
26389,ghnáth-chomhaltaí,,,taí
26390,Earnála,,,a
26391,Socrófar,,,ófar
26392,Rangaíodh,,,íodh
26393,ionduchtúcháin,,ion,in
26394,Calaoise,,,se
26395,dtarlóidh,d,tar,óidh
26396,gabháltaisí,,,í
26397,Céibheanna,,,eanna
26398,saorshreabhadh,,,adh
26399,n-oideachas,n-,,achas
26400,mhúinteora,,,ra
26401,dhligh,,,igh
26402,leanaimid,,,aimid
26403,haerarthaí,h,aera,aí
26404,choimhdeacht,,,eacht
26405,mhianraí,,,aí
26406,Stiallacha,,,acha
26407,gComhairleoirí,g,,í
26408,hachtuíodh,h,,íodh
26409,príomh-sheas,,príomh,eas
26410,gcothófar,g,,ófar
26411,slisnithe,,,ithe
26412,Coinneála,,,a
26413,Ghníomhú,,,ú
26414,Sheáin,,,in
26415,bhogtha,,,tha
26416,Inchumraithe,,,aithe
26417,cinnte,,cinn,te
26418,mbeifí,m,,fí
26419,Cealú,,,alú
26420,séimhiú,,,iú
26421,gceapfadh,g,,fadh
26422,Karlsruhe,,,e
26423,stáitse,,,se
26424,dtábhacht,d,,acht
26425,d'athbhreithniú,d',ath,iú
26426,t-eagraí,t-,,aí
26427,cógaseolaíocht,,,aíocht
26428,Spizike,,,e
26429,páisinéirí,,,í
26430,ard-luacha,,ard,acha
26431,Parlaimintí,,,tí
26432,comhshonraí,,comh,aí
26433,heochairtháscaire,h,eo,aire
26434,sealbhóir,,,óir
26435,dáileofar,,dá,far
26436,Oideachasúil,,,úil
26437,gnóthairí,,,í
26438,gComhlachas,g,,achas
26439,an-tábhacht,,an,acht
26440,Ionduchtúcháin,,,in
26441,Suimeáilte,,,te
26442,droch-úlla,,droch,a
26443,neamh-ionchorparuithe,,neamh,ithe
26444,comhlíonadh,,comh,adh
26445,timpiste,t,,te
26446,gheochódú,,,ú
26447,Thoradh,,,radh
26448,dtarlaí,d,tar,aí
26449,deallrathach,,dea,ach
26450,mbainfear,m,bain,fear
26451,teileascóp,t,,scóp
26452,aicearra,,,ra
26453,iompraíocht,,,aíocht
26454,iomportálaí,,,aí
26455,imeachta,,im,ta
26456,intleachtúla,,in,a
26457,gcaibidlíocht,g,,íocht
26458,Gúrú,,,ú
26459,Tírdhreachú,,,ú
26460,fhíor-riachtanaigh,,,aigh
26461,chaipitiúla,,,a
26462,n-aisíocfar,n-,ais,far
26463,gcodarsna,g,,na
26464,Téitear,,,ear
26465,d'aicmí,d',,í
26466,ndíolfadh,n,dí,fadh
26467,heipitiméineas,h,eipi,eas
26468,draíochta,,,ta
26469,múiríníodh,,,íodh
26470,dílleachtaithe,,dí,aithe
26471,paiteas,,,eas
26472,céarach,,,ach
26473,teastas,t,,tas
26474,dealbha,,dea,a
26475,sceidealú,,,alú
26476,Arachas,,,achas
26477,chomhsheasmhach,,,ach
26478,chineáil,,,áil
26479,earra-ghabháil,,,áil
26480,allmhaireofar,,,far
26481,ndathanna,n,,anna
26482,giúise,,,se
26483,chreatlach,,,ach
26484,háitreabhacha,h,,acha
26485,taisceoirí,t,tais,í
26486,aimhrialtacht,,,tacht
26487,ainmniú,,ain,iú
26488,toilíonn,t,,íonn
26489,tointeála,t,,a
26490,dronuilleog,,,eog
26491,Comhla,,,a
26492,Giniúint,,,úint
26493,gcinnfear,g,cinn,fear
26494,céannacht,,,acht
26495,cothromasach,,,ach
26496,clóite,,,te
26497,Airneis,,,is
26498,Vótaíocht,,,aíocht
26499,imeachtaí,,im,taí
26500,inseachanta,,in,ta
26501,Tetris,,,is
26502,Rianaire,,,aire
26503,thaiseacht,,,eacht
26504,pome,,,e
26505,bharántais,,,ais
26506,gcomhdhílseánach,g,comh,ach
26507,gceapfaí,g,,aí
26508,cothaítear,,,ítear
26509,Boyarka,,,a
26510,choimeádáin,,,in
26511,Glacaimid,,,aimid
26512,Brasaíle,,,e
26513,Garbáiste,,,te
26514,freagach,,,ach
26515,comhdhéanta,,comh,ta
26516,mháthairfhillteán,,,eán
26517,cóimheasanna,,,anna
26518,fánach,,,ach
26519,dílse-dheimhnithe,,dí,ithe
26520,Gaelscoileanna,,,eanna
26521,Shasanacha,,,acha
26522,chóta,,,ta
26523,cathaoirleach,,,each
26524,tiomáinfear,t,,fear
26525,chríochnúil,,,úil
26526,heitrisigeach,h,heitri,each
26527,chórais,,,ais
26528,scartach,,,ach
26529,raonta,,,ta
26530,constaicí,,,í
26531,fuíollach,,,ach
26532,imlonnú,,im,ú
26533,Fána,,,na
26534,ndéanfidh,n,dé,fidh
26535,Haydarpaşa,,,a
26536,Sáil,,,áil
26537,chaillteanas,,,as
26538,praghsanna,,,anna
26539,Meaisíní,,,í
26540,bhfáiltíonn,bh,,íonn
26541,inní,,in,í
26542,dtíortha,d,,tha
26543,ghinmhilleadh,,,eadh
26544,hoileáin,h,,in
26545,neamh-idirdhealaithe,,neamh,aithe
26546,chineachfaidh,,,faidh
26547,Jihane,,,ne
26548,hoibreáin,h,,in
26549,aitheantas,,aith,tas
26550,d'fhaibhrigh,d',,igh
26551,thacú,,,ú
26552,achainí,,,í
26553,tábhachtacha,t,,acha
26554,tréad,,tré,éad
26555,crua-fháiscthe,,,the
26556,fachtóir,,,tóir
26557,Eagráin,,,in
26558,cleachtas,,,tas
26559,freagrachtaí,,,taí
26560,léifear,,,fear
26561,dhosage,,,e
26562,praiticiúla,,,a
26563,gCeannasaithe,g,,aithe
26564,mhinicíocht,,,íocht
26565,luafar,,,far
26566,Díbeartha,,,tha
26567,inneallghluaiste,,in,te
26568,modhnú,,,ú
26569,coimhthíocha,,,a
26570,an-sealadach,,an,ach
26571,Cosúil,,,úil
26572,oibiachtúla,,,a
26573,dhiagnóis,,,óis
26574,gcruthÃ3far,g,,far
26575,toilleadh,t,,eadh
26576,cíosanna,,,anna
26577,eispéireas,,,eas
26578,cianda,,,da
26579,coinne,,,ne
26580,féindearbhaithe,,féin,aithe
26581,dtarchuirfear,d,tar,fear
26582,Ceilteach,,,each
26583,phríomhluach,,,ach
26584,caingean,,,an
26585,buartha,,,tha
26586,bpríomhláithreán,b,príomh,eán
26587,n-eintiteas,n-,,eas
26588,Riachtanas,,,tanas
26589,tuistí,t,,tí
26590,thíolacas,,,as
26591,neamhdhleathaigh,,neamh,aigh
26592,dearbhú,,dearbh,ú
26593,Rannchuidíonn,,,íonn
26594,Spéartha,,,tha
26595,mbraitear,m,,ear
26596,sheanaois,,,is
26597,riachtanas,,,tanas
26598,teagascóirí,t,,í
26599,shuim,,,im
26600,lóisthirí,,,í
26601,Chluainín,,,ín
26602,Mharcais,,,ais
26603,drugadóra,,,ra
26604,mháthairghnóthais,,,ais
26605,geallbhróicéir,,,éir
26606,Ghailerí,,,í
26607,ceardlainne,,,ne
26608,strainséir,,,éir
26609,cearnóga,,,ga
26610,Tacaíochtaí,,,taí
26611,Trumpa,,,a
26612,idirdhealuitheach,,idir,each
26613,álainne,,,ne
26614,Ta,,,a
26615,colscaradh,,,radh
26616,hagóide,h,,e
26617,tórainneacha,t,,eacha
26618,Gearáin,,,in
26619,iontaoibhele,,ion,e
26620,Slóvaice,,,e
26621,t-aoisliúntas,t-,,tas
26622,Ceapfaidh,,,faidh
26623,chuala,,,a
26624,íoslódáladh,,íos,adh
26625,Measúnachta,,,ta
26626,cothaitheacha,,,eacha
26627,eisíodh,,,íodh
26628,n-ardú,n-,ard,ú
26629,tráthchodanna,,,anna
26630,tosaíodh,t,,íodh
26631,fhíre,,,e
26632,scioptha,,,tha
26633,gcost-éifeachtúlacht,g,,acht
26634,bacach,,,ach
26635,nglanluach,n,,ach
26636,neamhspleácha,,neamh,a
26637,HazeKlinge,,,e
26638,ionchas,,ion,as
26639,ndeirtear,n,,ear
26640,dea-cháil,,dea,áil
26641,díriú,,dír,iú
26642,Danmhairge,,,e
26643,Athinmhithe,,,ithe
26644,Polaitiúil,,,úil
26645,Chuntais,,,ais
26646,croitheadh,,,eadh
26647,fhritháireamh,,,amh
26648,Stíleanna,,,eanna
26649,ordacháin,,,in
26650,Saoránachta,,,ta
26651,Cuan,,,an
26652,sintéise,,sin,se
26653,athphósadh,,ath,adh
26654,marbha,,,a
26655,héagsúil,h,éa,úil
26656,Sivas,,,as
26657,Spáis,,,áis
26658,Ceantar,,,tar
26659,beo-chraoladh,,,adh
26660,thiomána,,,na
26661,generis,,,is
26662,Gina,,,na
26663,Makvin,,,in
26664,ghearr-léas,,,as
26665,tosÃ3idh,t,,idh
26666,ialtóga,,,ga
26667,iomadaithe,,,aithe
26668,trádálaí,,,aí
26669,Garraíodóireacht,,,eacht
26670,sonraíocht,,so,aíocht
26671,Craoladh,,,adh
26672,múinteoir,,,eoir
26673,n-dearthóirí,n-,dea,í
26674,gnáth-sconna,,gnáth,na
26675,colgacha,,,acha
26676,Mhúin,,,in
26677,éarlaisí,,éa,í
26678,chur-in-ionad,,,ad
26679,seana-scaireanna,,sean,eanna
26680,himlitreacha,h,im,eacha
26681,ath-láimhseora,,ath,ra
26682,leagáidí,,,í
26683,meascfaidh,,,faidh
26684,Deilgneach,,,each
26685,Fairche,,,e
26686,Comhdaithe,,,aithe
26687,gcainníochtaí,g,,taí
26688,Údaróidh,,,óidh
26689,Leaba,,,a
26690,ce,,,e
26691,in-bhrabhsálaí,,in,aí
26692,séalaithe,,,aithe
26693,n-earrach,n-,,ach
26694,dhosháraithe,,,aithe
26695,bhuaiteacha,,,eacha
26696,fómhar,,,mhar
26697,chothaíochais,,,ais
26698,chríochnuíonn,,,íonn
26699,d'éirí,d',,í
26700,háireofí,h,,fí
26701,réamh-roghnú,,réamh,ú
26702,mhótarfheithiclí,,,í
26703,Tórainn,,,inn
26704,Crosaire,,,aire
26705,Stiuradh,,,radh
26706,Taifeadfar,,,far
26707,n-imíonn,n-,im,íonn
26708,caladh,,,adh
26709,raidisí,,,í
26710,taoibhe,t,,e
26711,deonóidh,,,óidh
26712,dalta,,,ta
26713,Paribas,,,as
26714,bhabhta,,,ta
26715,cineál-cheadaithe,,,aithe
26716,céim-ar-chéim,,,im
26717,pónairí,,,í
26718,phórtha,,,tha
26719,tsochaí,t,,aí
26720,Peitriliam,,,iam
26721,príomhshuim,,príomh,im
26722,anthracnose,,an,se
26723,shrianta,,,ta
26724,rannchuideofar,,,far
26725,d'fhéadfadh,d',,fadh
26726,tonnta,t,,ta
26727,maoinithe,,,ithe
26728,foluaineach,,fo,each
26729,ionghlactha,,ion,tha
26730,cealúcháin,,,in
26731,fó-fhorais,,,ais
26732,iomparthóra,,,ra
26733,Dháil-toghthóir,,,thóir
26734,tharmligean,,,an
26735,strataim,,,aim
26736,77a,,,a
26737,fodheontas,,fo,tas
26738,éagóiritheoirí,,éa,í
26739,Geimhreadh,,,eadh
26740,fhiosruithe,,,ithe
26741,Gcéad,,,éad
26742,Luathaithe,,,aithe
26743,seiléiniam,,,iam
26744,inmheánacha,,in,acha
26745,sainaithníodh,,sain,íodh
26746,blianachta,,,ta
26747,Aontaisí,,,í
26748,Straitéisí,,,í
26749,bhfheicfear,bh,,fear
26750,Caibidlíocht,,,íocht
26751,gcomhpháirtíocht,g,comh,íocht
26752,túslitreacha,t,,eacha
26753,Muineachán,,,achán
26754,níotráití,,,tí
26755,gínéiceolaíocha,,,a
26756,Éadroim,,,im
26757,phictiúr,,,úr
26758,chó-thogha,,,a
26759,phléamar,,,amar
26760,babhtaí,,,taí
26761,Comhdhéanamh,,,amh
26762,scríofa,,,a
26763,durantáin,,,in
26764,básmhar,,,mhar
26765,Leas,,,eas
26766,theagmhas,,,as
26767,miúileanna,,,eanna
26768,hainmhí,h,ain,í
26769,in-bhith-dhíghrádaithe,,in,aithe
26770,comhoibritheacha,,comh,eacha
26771,Áitithe-Áititheach,,,each
26772,Spásanna,,,anna
26773,t-iascaireoir,t-,,eoir
26774,gcothófaí,g,,ófaí
26775,dírbheathaisnéisí,,dír,í
26776,scuireann,,,eann
26777,ciontaí,,,taí
26778,eitiltí,,,tí
26779,príntísigh,,,igh
26780,Tacsaithe,,,aithe
26781,ullamh,,,amh
26782,bpróiséas,b,,as
26783,tátuairiscí,t,,í
26784,sheirbheáil,,,áil
26785,thúsú,,,ú
26786,chnámha,,,a
26787,Fheithiclí,,,í
26788,lóin,,,in
26789,Drochíde,,,e
26790,dhúnálaithe,,,aithe
26791,sráideanna,,,eanna
26792,Karaelmas,,,as
26793,cabhraíonn,,,aíonn
26794,neamhdheimhneacht,,neamh,eacht
26795,Seanadóirí,,,í
26796,Forógraí,,,aí
26797,meabhraithe,,,aithe
26798,hamhrach,h,am,ach
26799,monarófaí,,mona,ófaí
26800,theastóidh,,,óidh
26801,nDomhan,n,,an
26802,mBainisteoir,m,,eoir
26803,maidne,,,ne
26804,tsaosúr,t,,úr
26805,gcothroime,g,,e
26806,mbronntar,m,,tar
26807,Ráthach,,,ach
26808,sholáthraigh,,,aigh
26809,Sapanca,,,a
26810,Miontar,,,tar
26811,glantachán,,,achán
26812,Dualgas,,,as
26813,d'onnmhaireoirí,d',,í
26814,aoisghrúpa,,,a
26815,frithéileamh,,frith,amh
26816,phíoblíne,,,ne
26817,vzlyad,,,ad
26818,Storvreta,,,ta
26819,idir-rialtasacha,,idir,acha
26820,Riaracháin,,,in
26821,Áirithe,,,ithe
26822,d'Aistriú,d',,iú
26823,n-orduighidh,n-,,idh
26824,dhánta,,,ta
26825,logha,,,a
26826,dhaoine,,,ne
26827,comhghníomhaíochtaí,,comh,taí
26828,Calabrú,,,ú
26829,Stáin,,,in
26830,Comhiomláin,,,in
26831,mbunaíocht,m,bun,aíocht
26832,Ráflaí,,,aí
26833,tríológ,,trí,óg
26834,nua-dheartha,,nua,tha
26835,déanaimis,,dé,imis
26836,comhthaobhacht,,comh,acht
26837,dílsedheimhnithe,,dí,ithe
26838,tipiciúla,t,,a
26839,Forálacha,,,acha
26840,cuntaisí,,,í
26841,taíochta,t,,ta
26842,tine,t,,ne
26843,chailltear,,,ear
26844,cheiliúrtha,,,tha
26845,Fiosraigh,,,aigh
26846,scairtear,,,ear
26847,leasa,,leas,sa
26848,Oifige,,,e
26849,clárathóra,,,ra
26850,Polka,,,a
26851,armúrtha,,,tha
26852,Athainmníodh,,,íodh
26853,bhFoscríbhinn,bh,,inn
26854,Lionsaí,,,aí
26855,taraifí,t,tar,fí
26856,náisiúin,,,in
26857,Ionadaithe,,,aithe
26858,thimpeallacht,,,acht
26859,haoichainteoirí,h,,í
26860,seachnaítear,,,ítear
26861,Gearóidín,,,ín
26862,Píblíne,,,ne
26863,Fheidhmeach,,,each
26864,polaiméir,,pola,méir
26865,Réabhlóideach,,,óideach
26866,charnann,,,ann
26867,taiscéalaíocht,t,tais,aíocht
26868,bhfoirgintí,bh,fo,tí
26869,Chonnra,,,ra
26870,gcoimeádann,g,,ann
26871,fhóirdheontais,,,ais
26872,tAimplitheoir,t,,eoir
26873,liaghachta,,,ta
26874,Scéalaíocht,,,aíocht
26875,tíolaicthe,t,,the
26876,Fuaimiúil,,,úil
26877,Dhosmálta,,,ta
26878,agChristian,,,an
26879,luamar,,,amar
26880,sriantachtaí,,,taí
26881,Dlíthiúla,,,a
26882,XIa,,,a
26883,t-ógánach,t-,,ach
26884,haonfhoirmeach,h,aon,each
26885,Chláraitheachta,,,ta
26886,ghnáth-chomhnuí,,,í
26887,n-imeachtaí,n-,im,taí
26888,baileófar,,,ófar
26889,niontrálfaidh,,,faidh
26890,logáil,,,áil
26891,fonn,,fo,nn
26892,bhforghéillfear,bh,for,fear
26893,t-oireasú,t-,oir,ú
26894,lánfhásta,,,ta
26895,India,,,ia
26896,d'éan,d',éa,an
26897,Uimhreán,,,eán
26898,suíocháin,,,in
26899,mbéarfaidh,m,,faidh
26900,n-athraítear,n-,ath,ítear
26901,bhuntáiste,,,te
26902,phríomh-ionstraim,,,aim
26903,ornáideach,,,each
26904,Inglesin,,,in
26905,ealadhan,,,an
26906,réamh-thuras,,réamh,as
26907,seachada,,,da
26908,clárlann,,,lann
26909,théigheann,,,eann
26910,ciúbach,,,ach
26911,bhfoillsítear,bh,fo,ítear
26912,sciathadh,,,adh
26913,meiteashonraí,,,aí
26914,Ghaeloideachas,,,achas
26915,mhionchoigeartú,,,ú
26916,shamhlaigh,,,aigh
26917,billéidí,,bi,í
26918,cuimsithí,,,í
26919,indíreach,,in,each
26920,orgánacha,,,acha
26921,Taibhseach,,,each
26922,Díolmhaithe,,,aithe
26923,thacaíochtaí,,,taí
26924,úsáidirí,,,í
26925,iompruíonn,,,íonn
26926,gearr-léas,,gearr,as
26927,orgánaileipteacha,,,eacha
26928,tSean-Tiomna,t,,na
26929,chúntóirí,,,í
26930,d'íocaíochtaí,d',,taí
26931,Éistear,,,ear
26932,Bhuachaillí,,,í
26933,dathú,,,ú
26934,d'asbhaintí,d',as,tí
26935,fhritháil,,,áil
26936,Athairíochta,,,ta
26937,mearphróiseála,,,a
26938,gcuacha,g,,acha
26939,Pionóisí,,,í
26940,Stad,,,ad
26941,ráthaímid,,,aímid
26942,mór-threoirlínte,,mór,te
26943,d'fheistí,d',,tí
26944,hinnealra,h,in,ra
26945,tsean-ghnótha,t,,tha
26946,glantacháin,,,in
26947,Roghnaimid,,,aimid
26948,inspreagadh,,in,adh
26949,gcomhlíonadh,g,comh,adh
26950,tríthoiseach,,trí,each
26951,déagóirí,,dé,í
26952,tacaíochta,t,,ta
26953,d'aeradróim,d',aera,im
26954,Comhréitigh,,,tigh
26955,Coincheapa,,,a
26956,próifílí,,,í
26957,rátuithe,,,ithe
26958,t-airgead,t-,,ad
26959,Etienne,,,ne
26960,Gitaraí,,,aí
26961,íosluchtaigh,,íos,aigh
26962,ghíomhaire,,,aire
26963,gcaibidlíochtaí,g,,taí
26964,róslabhras,,ró,as
26965,lánroghnacha,,,acha
26966,versatile,,,e
26967,síleáil,,,áil
26968,Féin-stóráil,,,áil
26969,chomhchónaitheora,,,ra
26970,dTodhchaí,d,,aí
26971,hath-iomportála,h,ath,a
26972,díospóireacht,,dí,eacht
26973,phróiseála,,,a
26974,Réimse,,,se
26975,Déanaí,,,aí
26976,briosca,,,a
26977,léas,,,as
26978,gceanglas,g,,as
26979,Ilchríochach,,,ach
26980,uachaise,,,se
26981,chliabhán,,,án
26982,filí,,,í
26983,infhaighteachta,,in,ta
26984,gnóchain,,,in
26985,carbhán,,,án
26986,fíor-saoire,,fíor,ire
26987,fhoilsímid,,,ímid
26988,dámhfar,,dá,far
26989,sínigh,,,igh
26990,Fianán,,,án
26991,Cuspóir,,,óir
26992,Athghairtear,,,ear
26993,geire,,,ire
26994,Scrúdúcháin,,,in
26995,Teagmhálacha,,,acha
26996,Comhaontas,,,tas
26997,Saincheaptha,,,tha
26998,reámhíoctha,,,tha
26999,anamchara,,ana,ra
27000,Páirtí,,,tí
27001,ghaois,,,is
27002,grianchloiche,,grian,e
27003,Ocaideacha,,,eacha
27004,maoirseoir,,,eoir
27005,iarchomhaltaí,,iar,taí
27006,Corpraithe,,,aithe
27007,d'fhaoiseamh,d',,amh
27008,an-greannmhar,,an,mhar
27009,Féin-fhoilsiú,,,iú
27010,Bóthair-Bainistíocht,,,íocht
27011,eorna,,eo,na
27012,bhféachfad,bh,,fad
27013,sheicheamhú,,,ú
27014,brathann,,,ann
27015,Foirne,,,ne
27016,Ceannas,,,as
27017,an-tóir,,an,tóir
27018,Neamh-Teagmhála,,,a
27019,suibscríobhanna,,,anna
27020,sulfarach,,,ach
27021,Innealtóirí,,,í
27022,Ghnátháit,,,áit
27023,bolaithe,,,aithe
27024,cúradh,,,radh
27025,Isha,,,a
27026,bláthanna,,,anna
27027,Bhuana,,,na
27028,Grianghrafadóireacht,,,eacht
27029,súgradh,,,radh
27030,randamacha,,,acha
27031,gcánachas,g,,achas
27032,shéptach,,,ach
27033,neamhcháilithe,,neamh,ithe
27034,shíneadh,,,eadh
27035,laín,,,ín
27036,Céimneach,,,each
27037,trípháirteacha,,trí,eacha
27038,hIasachta,h,,ta
27039,Eirigh,,,igh
27040,Leoin,,,in
27041,Shia,,,ia
27042,ballraíocht,,,aíocht
27043,thaispeánfaidh,,,faidh
27044,Alúmanaim,,,aim
27045,stiúir-éadrom-tube,,,e
27046,nDéanamh,n,,amh
27047,cuisneoir,,,eoir
27048,deonadh,,,adh
27049,teirmeaplaisteach,t,teirmea,each
27050,tsrianta,t,,ta
27051,Teaghais,,,ais
27052,n-Achtanna,n-,,anna
27053,Caitear,,,ear
27054,rangsheomra-bhunaithe,,,aithe
27055,maolairí,,,í
27056,chódhlúite,,,te
27057,sige,,,e
27058,Fo-ghabhalacha,,,acha
27059,olóige,,,e
27060,cheaduigh,,,igh
27061,imeachtrach,,im,ach
27062,abairte,,,te
27063,bproifití,b,,tí
27064,comhpháirteach,,comh,each
27065,d'eagrais,d',,ais
27066,bhreoiteacht,,,eacht
27067,caomhnóidh,,,óidh
27068,íocfidh,,,fidh
27069,pulire,,,ire
27070,ex-ante,,,te
27071,geall-leatháin,,,in
27072,measarthagnáthóg,,,óg
27073,cúpláin,,,in
27074,ceaptha,,,tha
27075,creidhmheasa,,,sa
27076,gcora,g,,ra
27077,Eagarthóireacht,,,eacht
27078,pionsaí,,,aí
27079,gheall-ghlacadóirí,,,í
27080,ghnáth-ráta,,,ta
27081,Cruinneas,,,eas
27082,bréagáin,,bréag,in
27083,ceardcumann,,,ann
27084,seachvótála,,,a
27085,Chóineasú,,,ú
27086,monatóireacht,,mona,eacht
27087,scláta,,,ta
27088,sheirbheálfar,,,far
27089,comhthimthriallacha,,comh,acha
27090,riaráistí,,,tí
27091,urraíocht,,ur,aíocht
27092,eannta,,,ta
27093,Seanaoise,,,se
27094,Tobhaigh,,,aigh
27095,chúlghairmeacha,,,eacha
27096,Iodáileacha,,,eacha
27097,cómheasúnóir,,,óir
27098,tírdhreach,t,,each
27099,postvótálaithe,,,aithe
27100,cháilíochta,,,ta
27101,Bhreatimeachta,,,ta
27102,spriocdhírithe,,sprioc,ithe
27103,bhreisluacha,,,acha
27104,cána,,,na
27105,ríomh-shainaitheantais,,ríomh,ais
27106,leanfa,,,a
27107,neamheisiach,,neamh,ach
27108,Aussie,,,e
27109,scanrúil,,,úil
27110,Aonfheidhme,,,e
27111,éagórach,,éa,ach
27112,miodamais,,,ais
27113,stráitéisí,,,í
27114,Nanaitheicneolaíocht,,,aíocht
27115,dealraíonn,,dea,aíonn
27116,mBéarla,m,,a
27117,Garraithe,,,aithe
27118,tsaghas,t,,as
27119,mhórfheithicleach,,,each
27120,criticiúil,,,úil
27121,folaíochta,,fo,ta
27122,fhéadfadh,,,fadh
27123,féin-smacht,,féin,acht
27124,comhlua,,comh,a
27125,dhéanmhas,,,as
27126,tua,t,,a
27127,chnuasaigh,,,aigh
27128,chlárthréimshe,,,e
27129,plaistigh,,,tigh
27130,tralaí,,,aí
27131,ard-acmhainn,,ard,inn
27132,eochair-áit,,eo,áit
27133,ath-shealbhuithe,,ath,ithe
27134,forchánach,,for,ach
27135,formáidí,,for,í
27136,saorbhealach,,,ach
27137,Eacnamaíocha,,,a
27138,Dea-Linn,,,inn
27139,hanamúil,h,an,úil
27140,feidhmíocht,,,íocht
27141,bhfreagra,bh,,ra
27142,ardmheas,,ard,eas
27143,gcearnóg,g,,óg
27144,Astráil,,,áil
27145,chéatadáin,,,in
27146,bogtha,,bog,tha
27147,dad,,,ad
27148,miondíoltóra,,mion,ra
27149,tarraing-agus-titim,t,tar,im
27150,Preas-Pháirtí,,,tí
27151,neamhbleach,,neamh,each
27152,gceadófar,g,,ófar
27153,gcuideachtaí,g,,taí
27154,teilchumarsáide,t,,e
27155,fheiceann,,,eann
27156,sócmhainneachta,,,ta
27157,MSEurope,,,e
27158,glútaiméitigh,,,tigh
27159,Meabhairshláinte,,,te
27160,gluaiseachtaí,,,taí
27161,roimh-shealbhadóirí,,ro,í
27162,haitheantas,h,aith,tas
27163,bhunadh,,,adh
27164,Aoisliúnntas,,,tas
27165,friochtaithe,,,aithe
27166,chriosanna,,,anna
27167,polaireatán,,pola,án
27168,haerárthach,h,aer,ach
27169,spiaireacht,,,eacht
27170,príomheilimintí,,príomh,tí
27171,coinnle,,,e
27172,gairneoireachta,,,ta
27173,cúlraí,,cúl,aí
27174,healaíontóir,h,,tóir
27175,iarnród,,iarn,ód
27176,n-éireoidh,n-,,idh
27177,Primera,,,ra
27178,Eagarthóireachta,,,ta
27179,eantar,,,tar
27180,suaithfidh,,,fidh
27181,Cúirteanna,,,eanna
27182,íospartach,,íos,ach
27183,Seanda,,,da
27184,suaiteachta,,,ta
27185,rapóirtéirí,,,í
27186,saotharstad,,,ad
27187,ianmhalartaithe,,,aithe
27188,Éigeantach,,,ach
27189,Freagrach,,,ach
27190,allta,,,ta
27191,caiséad,,,éad
27192,Víosa,,,sa
27193,promhadh,,,mhadh
27194,breacfaidh,,breac,faidh
27195,mhargairín,,,ín
27196,ndeonú,n,,ú
27197,bhféadfidh,bh,,fidh
27198,Breoslaí,,,aí
27199,pluaiseanna,,,eanna
27200,Roimh-Iocanna,,,anna
27201,hiarratasóirí,h,iar,í
27202,Leas-Oifigeach,,,each
27203,Chríostaíthe,,,the
27204,lána,,,na
27205,gortaithe,,,aithe
27206,tSeapáinis,t,,is
27207,Prímh-Bhreitheamh,,,amh
27208,easpaí,,eas,aí
27209,garrán,,gar,án
27210,Taistealaí,,,aí
27211,Chóirithe,,,ithe
27212,heitiltí,h,,tí
27213,iarrataí,,iar,taí
27214,sainiúcháin,,sain,in
27215,corporáideacha,,,eacha
27216,Breac-Dhífhostaíochta,,,ta
27217,ndáileofar,n,dá,far
27218,gcarthanas,g,,as
27219,gcomhlíontar,g,comh,tar
27220,fhorálfar,,,far
27221,Ionchainmheasta,,,ta
27222,déantúsaíocht,,dé,aíocht
27223,t-amsin,t-,am,in
27224,bhforbraíonn,bh,for,aíonn
27225,chomhaontuithe,,,ithe
27226,shiopaí,,,aí
27227,cailleann,,,eann
27228,fo-mhíre,,fo,e
27229,Tabhaigh,,,aigh
27230,cumhra,,,ra
27231,gcleachtóir,g,,tóir
27232,faisnithe,,,ithe
27233,Eischósta,,,ta
27234,gnáthvoltas,,gnáth,tas
27235,urrúsaithe,,ur,aithe
27236,chur-as,,,as
27237,Veisteanna,,,eanna
27238,Rua,,,a
27239,príobháideach,,,each
27240,luíoduíodh,,,íodh
27241,iarla,,iar,a
27242,mhonaraíochta,,,ta
27243,screadaíl,,,aíl
27244,Saoránach,,,ach
27245,gcoistí,g,,tí
27246,táthú,t,,ú
27247,Mahmudiye,,,e
27248,egida,,,da
27249,córais,,,ais
27250,paisin,,,in
27251,quota,,,ta
27252,bharrfheabhsú,,,ú
27253,ofráileadh,,,eadh
27254,réasúin,,réa,in
27255,íšcráin,,,in
27256,fhéadfas,,,fas
27257,Cambóidis,,,is
27258,gcoláistí,g,,tí
27259,thabharfas,,,fas
27260,dalla,,,a
27261,heastáit,h,eas,áit
27262,n-iomláine,n-,,ne
27263,iomasach,,,ach
27264,bhaintrighe,,,e
27265,dócmhainneach,,dó,each
27266,leathrannaigh,,leath,aigh
27267,Peirspictíochtaí,,,taí
27268,neamhábhartha,,neamh,tha
27269,shliotán,,,án
27270,shláin,,,in
27271,Maoise,,,se
27272,d'atharú,d',ath,ú
27273,Comhairligh,,,igh
27274,córasach,,,ach
27275,daltas,,,tas
27276,threise,,,se
27277,nitrigín,,,ín
27278,Miasa,,,sa
27279,Toghann,,,ann
27280,d'Fhoirne,d',,ne
27281,geansaithe,,,aithe
27282,Ionchorpraíonn,,,aíonn
27283,bheochantóirí,,,í
27284,ghabhann,,,ann
27285,Ateacht,,,eacht
27286,síor-bhreoiteacháin,,síor,in
27287,mhion-leasuitheoirí,,,í
27288,contúrthacha,,,acha
27289,dhíhiodráitithe,,,ithe
27290,turraingeach,t,,each
27291,tslabhra,t,,ra
27292,Dhualgais,,,ais
27293,chliseadh,,,eadh
27294,crícheanna,,,eanna
27295,Gnáth-Thromlach,,,ach
27296,thástáil,,,áil
27297,chuairteoirí,,,í
27298,fógartha,,,tha
27299,Kreolernas,,,as
27300,Leathanach,,,ach
27301,ÚMEanna,,,anna
27302,peach,,,each
27303,tras-Rannach,,tras,ach
27304,aimseartha,,,tha
27305,maisíochta,,,ta
27306,léasú,,,ú
27307,bhfiontraí,bh,,traí
27308,díorma,,dí,a
27309,ealaiontóirí,,,í
27310,neacha,,,eacha
27311,comhbhéiseacha,,comh,eacha
27312,iomarcach,,,ach
27313,hOllscoile,h,,e
27314,chaisleáin,,,in
27315,difreálaigh,,,aigh
27316,dtromlach,d,,ach
27317,chumhdaítear,,,ítear
27318,iar-Aontas,,iar,tas
27319,Mharthanaigh,,,aigh
27320,coimisinéir,,,éir
27321,roinnfidh,,ro,fidh
27322,cogaíocht,,,aíocht
27323,sáithithe,,,ithe
27324,chineann,,,eann
27325,leigheasfar,,,far
27326,bána,,,na
27327,trambhealach,,,ach
27328,Féidearthach,,,ach
27329,saor-shíntiúsaire,,,aire
27330,ísealdlúis,,,is
27331,buantaifead,,buan,fead
27332,photaisiam,,,iam
27333,d'inniúlacht,d',in,acht
27334,Caillfidh,,,fidh
27335,measta,,,ta
27336,thairbhiú,,,iú
27337,Shúchán,,,án
27338,Talmhaíochta,,,ta
27339,d'fhóirne,d',,ne
27340,n-eagraíocht,n-,,aíocht
27341,stadanna,,,anna
27342,Eachtraiochta,,,ta
27343,Muin,,,in
27344,Tascanna,,,anna
27345,bhFoghlaimeoirí,bh,,í
27346,luadhfar,,,far
27347,n-idé-eolaíocht,n-,,aíocht
27348,Acetonide,,,e
27349,bpléitear,b,,ear
27350,Macraí,,,aí
27351,EBpoпeйcka,,,a
27352,gunnán,,,án
27353,lámhaibh,,,aibh
27354,Méara,,,ra
27355,rollaithe,,ro,aithe
27356,tháirge,,,e
27357,d'fhorála,d',,a
27358,choibhéis,,,is
27359,nglan-fháltas,n,,tas
27360,Pionóis,,,óis
27361,déanacha,,dé,acha
27362,Deimhníonn,,,íonn
27363,ríse,,,se
27364,t-aghaidh,t-,,aidh
27365,fhorlíontacha,,,acha
27366,áiritheoir,,,eoir
27367,Kadesh-barnea,,,a
27368,bhformheasa,bh,for,sa
27369,bhacáil,,,áil
27370,gCodanna,g,,anna
27371,Shuiteálacha,,,acha
27372,fríde,,,e
27373,Chúl-chuntas,,,tas
27374,faigh,,,aigh
27375,Chúrsaí,,,aí
27376,Mhantáin,,,in
27377,achtúireach,,,each
27378,Doirí,,,í
27379,déanaigí,,dé,igí
27380,spriocanna,,sprioc,anna
27381,diúltaíonn,,,aíonn
27382,urghnamh,,ur,amh
27383,bhusanna,,,anna
27384,Íocaíochtaí,,,taí
27385,bhunúsach,,,ach
27386,mbreithe,m,,ithe
27387,ndeontas,n,,tas
27388,chóimheasa,,,sa
27389,gabhadh,,,adh
27390,chríochnaigh,,,aigh
27391,Pháirceáil,,,áil
27392,Sóivéadach-bhunaithe,,,aithe
27393,comhlipéadaithe,,comh,aithe
27394,Aimsigh,,,igh
27395,íosleas,,íos,eas
27396,fhoth-fholúntais,,,ais
27397,Líontar,,,tar
27398,deora,,,ra
27399,urchóideacha,,ur,eacha
27400,Arm-Chúirte,,,te
27401,européenne,,,ne
27402,fós,,,ós
27403,shásaíonn,,,aíonn
27404,haisghairmeacha,h,ais,eacha
27405,mbaileofaí,m,,aí
27406,fóillíochta,,,ta
27407,n-úsáidtear,n-,,ear
27408,neamhchlaontacht,,neamh,tacht
27409,2-Bealtaine,,,ne
27410,sárthaispeántais,,sár,ais
27411,feicfimid,,,fimid
27412,tiomnaithe,t,,aithe
27413,uathúla,,uath,a
27414,díodraithe,,dí,aithe
27415,díle,,dí,e
27416,gothaí,,,aí
27417,Éiceach,,,each
27418,deacrachta,,dea,ta
27419,chumadóireacht,,,eacht
27420,uiscithe,,,ithe
27421,Dícháiliúcháin,,,in
27422,feidhmiúla,,,a
27423,tortóra,t,,ra
27424,leabharlainne,,,ne
27425,Tiomántóir,,,tóir
27426,dachad,,,ad
27427,suibscríobhaithe,,,aithe
27428,gceimiceán,g,ceimi,eán
27429,bhféadfaí,bh,,aí
27430,Costa,,,ta
27431,Chiontaí,,,taí
27432,ciocróim,,,im
27433,fheiste,,,te
27434,fhaomhadh,,,mhadh
27435,leasaíonn,,leas,aíonn
27436,Postas,,,tas
27437,Dea-fheistithe,,,ithe
27438,dheochanna,,,anna
27439,Toghfaidh,,,faidh
27440,Tollán,,,án
27441,glaonna,,,na
27442,Cathracha,,,acha
27443,monaróir,,mona,óir
27444,díláithriú,,dí,iú
27445,hionchasach,h,ion,ach
27446,chreidiúnach,,,ach
27447,phraghas,,,as
27448,tromchúisí,,,í
27449,Tuircméanastáin,,,in
27450,tiontaigh,t,,aigh
27451,an-suimiúil,,an,úil
27452,dtarmligfear,d,tar,fear
27453,Criosantamaim,,,aim
27454,dialann,,dia,lann
27455,achtaithe,,,aithe
27456,chodanna,,,anna
27457,scrúduithe,,,ithe
27458,dtaitníonna,d,,na
27459,Mhianach,,,ach
27460,shainchomhad,,,ad
27461,Bosca-Comhlánaithe,,,aithe
27462,Justas,,,tas
27463,phróiseálaithe,,,aithe
27464,foirfhleascacha,,fo,acha
27465,hiarratasóiríathbhreithniú,h,iar,iú
27466,Ancona,,,na
27467,ComhairliúchánComhairliúchán,,,án
27468,Feidhme,,,e
27469,Cumadóir,,,adóir
27470,taibhiú,t,,iú
27471,tutocónach,t,,ach
27472,haguisíní,h,,í
27473,chomhshocraíochta,,,ta
27474,22ú,,,ú
27475,Oíche,,,e
27476,Éigeantachta,,,ta
27477,fíorphráinneacha,,fíor,eacha
27478,ionnarbtha,,ion,tha
27479,hathbhreithniú,h,ath,iú
27480,Vienna,,,na
27481,Daonnachtaí,,,taí
27482,Iascaigh,,,aigh
27483,lorgóidh,,,óidh
27484,páipéirí,,,í
27485,seoltóir,,,tóir
27486,Champaí,,,aí
27487,Seachtaine,,,ne
27488,Baruntachta,,,ta
27489,Uisce-frithsheasmhach,,,ach
27490,chláraithe,,,aithe
27491,cordaí,,,aí
27492,Chorcaighe,,,e
27493,caibidlíochta,,,ta
27494,grúpáil,,grúp,áil
27495,dámhachtain,,dá,in
27496,ráithíocht,,,íocht
27497,fhadtéarma,,,a
27498,Chumasú,,,ú
27499,ualachlíne,,,ne
27500,neamhchruinn,,neamh,inn
27501,Toitíní,,,í
27502,treochtaí,,,taí
27503,neamh-rothlach,,neamh,ach
27504,fho-léasaí,,,aí
27505,Gaile,,,e
27506,porthole,,,e
27507,shocrú,,,ú
27508,leagain,,,in
27509,dtopagrafaíocht,d,,grafaíocht
27510,bhfoirmeacha,bh,fo,eacha
27511,ollmhargaí,,oll,aí
27512,d'iontaobhaithe,d',ion,aithe
27513,éagann,,éa,ann
27514,Thoisceanna,,,eanna
27515,dheachleachtais,,,ais
27516,dhíchóimeáil,,,áil
27517,árachas,,,achas
27518,idirghabhála,,idir,a
27519,d'eagraithe,d',,aithe
27520,dhaorfaidh,,,faidh
27521,Reathachtacha,,,acha
27522,t-iarnáil,t-,iar,áil
27523,chruinneoidh,,,idh
27524,oráiste,,,te
27525,tAturnae,t,,e
27526,Bhreitheamh,,,amh
27527,leasú,,leas,ú
27528,mhaoin,,,in
27529,céadfach,,céad,ach
27530,scaipeann,,,eann
27531,Forlíonta,,,ta
27532,Oireann,,,eann
27533,fhochonradh,,,radh
27534,dlíthiúilíocht,,,íocht
27535,Turraichín,,,ín
27536,threisíonn,,,íonn
27537,Bainfear,,,fear
27538,réamhghníomhacha,,réamh,acha
27539,tulipí,t,,í
27540,dearadh,,dea,radh
27541,nua-chomhpháirteach,,nua,each
27542,Anti-duillín,,,ín
27543,bróicéirí,,,í
27544,gcófra,g,,ra
27545,Ceanada,,,da
27546,Nós,,,ós
27547,féin-urraim,,féin,aim
27548,Léas,,,as
27549,navigazione,,,ne
27550,bolscaireachta,,,ta
27551,Reachtaíocht,,,aíocht
27552,prótóin,,,in
27553,súchán,,,án
27554,Comhuaineach,,,each
27555,d'ionchúiseamh,d',ion,amh
27556,beagmhéide,,beag,e
27557,fhiafraitheoir,,,eoir
27558,toimhdean,t,,an
27559,cruthúnacht,,,acht
27560,Chluain,,,in
27561,Feidhmí,,,í
27562,rialaítear,,,ítear
27563,Leanfar,,,far
27564,cnámha,,,a
27565,ghnólachta,,,ta
27566,éalú,,éa,alú
27567,fhoráiltear,,,ear
27568,háitritheoirí,h,,í
27569,bhreiseanna,,,eanna
27570,Troideanna,,,eanna
27571,thuille,,,e
27572,substainteacha,,,eacha
27573,dearthaí,,dea,aí
27574,in-bhithmhillteacht,,in,eacht
27575,Udarais,,,ais
27576,Tarraingeoidh,,,idh
27577,Eilitheoirí,,,í
27578,n-áiritheofar,n-,,far
27579,ard-cruinneas,,ard,eas
27580,códaithe,,,aithe
27581,fealltach,,,ach
27582,murach,,,ach
27583,Alexa,,,a
27584,trasuí,,tras,í
27585,glúnta,,,ta
27586,Urraíocht,,,aíocht
27587,gCaidreamh,g,,amh
27588,Fásadh,,,adh
27589,tInnealtóir,t,,tóir
27590,Sábháilte,,,te
27591,t-uisce-chúrsa,t-,,sa
27592,Saigheada,,,da
27593,cumhacht,,,acht
27594,seolfar,,,far
27595,Béarla,,,a
27596,mánna,,,na
27597,séa,,,a
27598,Gnátháit,,,áit
27599,héis,h,,is
27600,fíorastaíochtaí,,fíor,taí
27601,Tréimhse,,,se
27602,chónra,,,ra
27603,roimh-ráite,,ro,te
27604,Nádúr,,,úr
27605,cleachtfar,,,far
27606,seachtracha,,seacht,acha
27607,d'altramadh,d',,adh
27608,Fianaise,,,se
27609,thuaidh-theas,,,eas
27610,tsubstráit,t,,áit
27611,inteirne,,in,ne
27612,Stóir,,,tóir
27613,sainordú,,sain,ú
27614,ghníomhaithe,,,aithe
27615,Dhochtúirí,,,í
27616,Inteachán,,,achán
27617,cairteacha,,,eacha
27618,iaidín,,,ín
27619,hEaglaise,h,,se
27620,réim,,ré,im
27621,dlisteanacha,,,acha
27622,céimeanna,,,eanna
27623,uachtarlann,,,lann
27624,vacsaíní,,,í
27625,Dramhthrealamh,,,amh
27626,Chaomhnóirí,,,í
27627,eipidéim,,eipi,im
27628,chialluionn,,,nn
27629,foráil,,for,áil
27630,Energia,,,ia
27631,taighdeadh,t,,eadh
27632,hoidhreacht,h,,eacht
27633,lúbchóras,,,as
27634,réadaithe,,réa,aithe
27635,ndeárnadh,n,deá,adh
27636,dlúthú,,,ú
27637,Incháilitheacht,,,eacht
27638,neamhbheirthe,,neamh,the
27639,cruinniú,,,iú
27640,chomhairleach,,,each
27641,Ballapháipéir,,,éir
27642,bhanéigin,,,gin
27643,bhfo-chóimeálacha,bh,fo,acha
27644,25-bliain,,,in
27645,múnlach,,,ach
27646,eisceachtúla,,,a
27647,Siarghabhálach,,,ach
27648,t-lasta,,,ta
27649,Fisetin,,,in
27650,Reina,,,na
27651,gColáiste,g,,te
27652,Feithicleach,,,each
27653,chomaoin,,,in
27654,Conarthach,,,ach
27655,mhonaraigh,,,aigh
27656,Tuaslagtha,,,tha
27657,measúnú,,,ú
27658,Nea-Shlaintiula,,,a
27659,TEFanna,,,anna
27660,n-treoir,,,eoir
27661,nóim,,,im
27662,n-acmhainneacht,n-,,eacht
27663,nødvendigvis,,,is
27664,nialais,,,ais
27665,trófaithe,,,aithe
27666,chostasach,,,ach
27667,Réamhtháirgeadh,,,eadh
27668,honnmhairiú,h,,iú
27669,d'Imeacht,d',,eacht
27670,Ardaítear,,,ítear
27671,Thithe,,,ithe
27672,dlíodóir,,,dóir
27673,nuathionscanta,,nua,ta
27674,Vitae,,,e
27675,hóstaigh,h,,aigh
27676,Mhargadh,,,adh
27677,múinteoireachta,,,ta
27678,Rialtas,,,tas
27679,bhunóidh,,,óidh
27680,tagann,t,,ann
27681,sealbhaíonn,,,aíonn
27682,vitimín,,,ín
27683,mbeadh,m,,eadh
27684,Tíortha,,,tha
27685,soiléireofaí,,so,aí
27686,olltáirgtear,,oll,ear
27687,roghna,,ro,na
27688,Glacfaidh,,,faidh
27689,ranníocaí,,,aí
27690,mhuiníne,,,ne
27691,Formáidí,,,í
27692,chaibidliú,,,iú
27693,Chaomhnú,,,ú
27694,chailleadh,,,eadh
27695,cruinneas,,,eas
27696,máithreachta,,,ta
27697,marcálfaimid,,,aimid
27698,chistiú,,,iú
27699,dhílsiú,,,iú
27700,n-iompórtáil,n-,,áil
27701,tairsigh,t,,igh
27702,shásóidh,,,óidh
27703,Margaí,,,aí
27704,nAitiúil,,,úil
27705,cheiliúrfaidh,,,faidh
27706,sceimlitheoireacht,,,eacht
27707,NGOanna,,,anna
27708,Mhaighdean,,,an
27709,cóireálta,,,ta
27710,chuntasóir,,,óir
27711,sorcóireach,,so,each
27712,suífeadh,,,eadh
27713,Cuimsitheacht,,,eacht
27714,Susta,,,ta
27715,n-athghiniúint,n-,ath,úint
27716,Substaintí,,,tí
27717,veisteanna,,,eanna
27718,scátála,,,a
27719,ghlais,,,ais
27720,amhrastach,,am,ach
27721,sícighníomhacha,,síci,acha
27722,Cruthaitheachta,,,ta
27723,coimeádfar,,,far
27724,naimhde,,,e
27725,foirceannta,,fo,ta
27726,ghaibhniú,,,iú
27727,Taiscéalaíocht,,,aíocht
27728,Comhairlitheach,,,each
27729,ullmhúcháin,,,in
27730,neamhchinnte,,neamh,te
27731,mórchóirí,,mór,í
27732,hAcadamh,h,,amh
27733,Feasachta,,,ta
27734,deacracht,,dea,acht
27735,satailítí,,,ítí
27736,n-iníonacha,n-,in,acha
27737,orgáin,,,in
27738,Demirtaşpaşa,,,a
27739,nionstraimí,,,í
27740,lóisteáladh,,,adh
27741,leithlis,,,is
27742,Tí,,,í
27743,taithí,t,,í
27744,Áitiúla,,,a
27745,ndintí,n,,tí
27746,hiarracht,h,iar,acht
27747,ghearrthéarmach,,,ach
27748,Scortha,,,tha
27749,Míniú,,,iú
27750,fhearann,,,ann
27751,Státrúnaithe,,,aithe
27752,paisineirí,,,í
27753,tuaraisce,t,,e
27754,síceolaíocht,,,aíocht
27755,Measúnú,,,ú
27756,dteimpléad,d,,éad
27757,luasghéaraithe,,,aithe
27758,dtiúchan,d,,chan
27759,Monatóireacht,,,eacht
27760,saothrú,,,ú
27761,Bursa,,,sa
27762,dáiliú,,dá,iú
27763,infreastruchtúr,,in,úr
27764,chinneadha,,,a
27765,lúthchleasa,,,sa
27766,Morris,,,is
27767,Victoria,,,ia
27768,Píolóideachta,,,ta
27769,Ard-luas,,,as
27770,Shínigh,,,igh
27771,bhfoghrúpa,bh,fo,a
27772,Iarphoblacht,,,acht
27773,n-ionsaitheoirí,n-,ion,í
27774,Aeigéach,,,ach
27775,Ceadú,,,ú
27776,nea-bhlocuithe,,,ithe
27777,Fhógra,,,ra
27778,mhuiríneach,,,each
27779,Iontaobhaithe,,,aithe
27780,9adh,,,adh
27781,gcomhthéacsanna,g,comh,anna
27782,d'fhoirshealbhú,d',,ú
27783,cuasaithe,,,aithe
27784,d'iarratasóir,d',iar,óir
27785,Stóráilimid,,,imid
27786,tSlimaráin,t,,in
27787,gaolmhaire,,,aire
27788,cóimeáil,,,áil
27789,MÁleadh,,,eadh
27790,léightear,,,ear
27791,Daltaí,,,taí
27792,Cheadú,,,ú
27793,phlandáil,,,áil
27794,coinsíneacht,,,eacht
27795,Annaidh,,,aidh
27796,Gearrleagan,,,an
27797,sheachadfaidh,,,faidh
27798,thaitníonn,,,íonn
27799,casadh,,,adh
27800,héigeanta,h,,ta
27801,dháilfidh,,,fidh
27802,oileánachas,,,achas
27803,Síolta,,,ta
27804,bpríosúnach,b,,ach
27805,prÃ3iseáil,,,áil
27806,Tamailis,,,is
27807,cheannaíonn,,,aíonn
27808,neamhshieldáilte,,neamh,te
27809,Shóisialaigh,,,aigh
27810,Well-oilte,,,te
27811,choinnibh,,,ibh
27812,tháirgtheoirí,,,í
27813,cúmtha,,,tha
27814,leanbhaí,,,aí
27815,fhaigheann,,,eann
27816,gcoiscfear,g,,fear
27817,an-nádúrtha,,an,tha
27818,Cobra,,,ra
27819,t-eastóscán,t-,eas,án
27820,Coimisinéirí,,,í
27821,táille,t,,e
27822,Ollmhargadh,,,adh
27823,gceilfidh,g,,fidh
27824,pháirtchreidiúint,,,úint
27825,laistíos,,,íos
27826,réamh-úinéireacht,,réamh,eacht
27827,caothúil,,,úil
27828,Riaghaltais,,,ais
27829,Mhúinteoireachta,,,ta
27830,Áireamhán,,,án
27831,Domhnaigh,,,aigh
27832,ghiniúna,,,na
27833,comhthráthacha,,comh,acha
27834,bunscannán,,bun,án
27835,lachtóis,,lacht,óis
27836,réamhchostais,,réamh,ais
27837,tocsacáiriáis,t,,áis
27838,Bád-ní,,,í
27839,spáinne,,,ne
27840,Príomhoide,,,e
27841,damh,,,amh
27842,chomhfhreagracha,,,acha
27843,gCuideachta,g,,ta
27844,Doda-Donchian,,,an
27845,Spriocdháta,,,ta
27846,phollán,,,án
27847,chealla,,,a
27848,an-scaoileadh,,an,eadh
27849,Greamaithe,,,aithe
27850,laghdaítear,,lag,ítear
27851,mírialtachtaí,,mí,taí
27852,siopadóir,,,adóir
27853,fhreagraigh,,,aigh
27854,saineolach,,sain,ach
27855,Straitéiseach,,,each
27856,scaird-tarraingteach,,,each
27857,Dhlínse,,,se
27858,ndéanfaidís,n,dé,idís
27859,Scoláire,,,ire
27860,Alanya,,,a
27861,Barántas,,,tas
27862,comhionannaithe,,comh,aithe
27863,samhraidh,,,aidh
27864,fostuithe,,fo,ithe
27865,fholaíos,,,íos
27866,n-uathúlacht,n-,uath,acht
27867,Mianaigh,,,aigh
27868,clárathóir,,,thóir
27869,scardtaí,,,taí
27870,fhoirne,,,ne
27871,bhforbróir,bh,for,óir
27872,Anuas,,,as
27873,hIniúchadh,h,,adh
27874,co-ionanna,,,anna
27875,Fadhbanna,,,anna
27876,mór-tá,,mór,tá
27877,innéacsanna,,in,anna
27878,eachtraigh,,,aigh
27879,fíoruisce,,fíor,e
27880,plugin,,,gin
27881,Lárchórais,,,ais
27882,Treoin,,,in
27883,Réasúnach,,,ach
27884,neamhchlaontachta,,neamh,ta
27885,Dhíobháil,,,áil
27886,Teicstílí,,,í
27887,fhliú,,,iú
27888,d'ath-árachú,d',ath,ú
27889,dlúsúil,,,úil
27890,Cothromaíochta,,,ta
27891,Indiach,,,ach
27892,mhaoiníonn,,,íonn
27893,Imlitre,,,e
27894,bonnlíne,,,ne
27895,keratosis,,,is
27896,thoirmeascann,,,ann
27897,cothaithigh,,,igh
27898,Ilbhliantúla,,,a
27899,eaglaisí,,,í
27900,Sinn,,,inn
27901,Sonraí,,,aí
27902,acraíocht,,acra,aíocht
27903,optúla,,,a
27904,frithghníomhaíochta,,frith,ta
27905,Fágfaidh,,,faidh
27906,n-aimsítear,n-,,ítear
27907,Casadh,,,adh
27908,gheibheadh,,,eadh
27909,heanga,h,,ga
27910,Thiobrad,,,ad
27911,ranganna,,,anna
27912,feirbthe,,,the
27913,ngnáth-chruinniú,n,gnáth,iú
27914,d'ionghlaoiteacht,d',ion,eacht
27915,Díghalraithe,,,aithe
27916,iontaobhaí,,ion,aí
27917,bhfothionóntán,bh,fo,án
27918,Uimhriú,,,iú
27919,Cheardaíochta,,,ta
27920,gháma,,,a
27921,eitleáin,,,in
27922,theach,,,each
27923,hailtireacht,h,,eacht
27924,chosnaíonn,,,aíonn
27925,shamplach,,,ach
27926,déarcas,,dé,as
27927,Naipcíní,,,í
27928,prátaí,,,taí
27929,genome,,,e
27930,Radaiechta,,,ta
27931,spéir,,,éir
27932,láimhsithe,,,ithe
27933,chomórfar,,,far
27934,fheileann,,,eann
27935,féimhíochta,,,ta
27936,thaispéantar,,,tar
27937,thaibhiú,,,iú
27938,gcásáil,g,,áil
27939,lascaine,,las,ne
27940,Mí,,,í
27941,ríomh-shainaitheantas,,ríomh,tas
27942,Skin,,,in
27943,Macasamhail,,,amhail
27944,draeneála,,,a
27945,gheofaí,,,aí
27946,cuimsitheacha,,,eacha
27947,Seodra,,,ra
27948,ainmhianta,,ain,ta
27949,n-athfhruileofar,n-,ath,far
27950,néata,,,ta
27951,gCathaoirleach,g,,each
27952,bpasanna,b,,anna
27953,theaghlach,,,ach
27954,íochtaraigh,,,aigh
27955,frithsheasmhacht,,frith,acht
27956,mhionna,,,na
27957,fíorúla,,fíor,a
27958,snáithithe,,,ithe
27959,Ceada,,,da
27960,síntí,,,tí
27961,chimiú,,,iú
27962,idir-réigiúnacha,,idir,acha
27963,déanadh,,dé,adh
27964,Cuimsiú,,,iú
27965,Cúiteamh,,,amh
27966,fhearchéilí,,,í
27967,Moistitheachta,,,ta
27968,eaglaise,,,se
27969,mbaile,m,,e
27970,Daichead,,,ad
27971,bhforluíonn,bh,for,íonn
27972,sásaíonn,,,aíonn
27973,Ard-Oideachas,,,achas
27974,fhásúla,,,a
27975,Chríostaí,,,taí
27976,Creathanna,,,anna
27977,ndíoltar,n,dí,tar
27978,mballa,m,,a
27979,Ghnólachtaí,,,taí
27980,corraitheach,,corr,each
27981,thuairiscithe,,,ithe
27982,Cíos,,,íos
27983,gcloítear,g,,ítear
27984,Duais,,,ais
27985,qe,,,e
27986,thoghacháin,,,in
27987,luathoideachais,,luath,ais
27988,spraeálaigh,,,aigh
27989,ealaíontóir,,,tóir
27990,Choca,,,a
27991,chomhdhamhnaí,,,aí
27992,atógála,,,a
27993,bhealadh,,,adh
27994,cúige,,,e
27995,dlioifigeach,,,each
27996,tionóntachta,t,,ta
27997,meitheamh,,,amh
27998,bhfiachscaireanna,bh,fia,eanna
27999,Abrán,,,án
28000,rothaithe,,ro,aithe
28001,bhfoclóir,bh,fo,óir
28002,thú,,,ú
28003,gcraolfar,g,,far
28004,spáinnis,,,is
28005,1ú,,,ú
28006,Críostaithe,,,aithe
28007,Nike,,,e
28008,Ceannaire,,,aire
28009,ardnósach,,ard,ach
28010,bpléidhfeadh,b,,eadh
28011,riachtnais,,,ais
28012,séú,,,ú
28013,cheilfidh,,,fidh
28014,únaeracht,,,acht
28015,d'iasach,d',,ach
28016,chúl-chiste,,,te
28017,phlota,,,ta
28018,fhághfaidh,,,faidh
28019,piseanna,,,eanna
28020,inoibritheacht,,in,eacht
28021,dhligheann,,,eann
28022,fánaí,,,aí
28023,aicéatáite,,,te
28024,scéalaíocht,,,aíocht
28025,chuardach,,,ach
28026,Comhréireachta,,,ta
28027,fhriotú,,,ú
28028,Coiteanna,,,eanna
28029,sonrú,,so,ú
28030,fhoirmíocht,,,íocht
28031,práinní,,,í
28032,fuíollaí,,,aí
28033,Mhileata,,,ta
28034,neamhlomháil,,neamh,áil
28035,bpáirteanna,b,páirt,eanna
28036,Catar,,,tar
28037,skis,,,is
28038,laigheadófar,,,ófar
28039,Clúdaíónn,,,nn
28040,ngluaineacha,n,,eacha
28041,Réigiúnacha,,,acha
28042,tocsainí,t,,í
28043,Bróicéireacht,,,eacht
28044,Vitamin,,,in
28045,Prestige,,,e
28046,Úsáideoirí,,,í
28047,Seirbhis,,,is
28048,n-aistreoidh,n-,ais,idh
28049,ceannann,,ceann,ann
28050,Carraigeacha,,,eacha
28051,lomhálfidh,,,fidh
28052,dóchas,,dó,as
28053,lasc-lascadh,,las,adh
28054,Sonraigh,,,aigh
28055,babóg,,,óg
28056,Heide,,,e
28057,choigeartuithe,,,ithe
28058,inroinnte,,in,te
28059,Fréimhe,,,e
28060,cáipéísí,,,í
28061,coincheapúil,,,úil
28062,tórann,t,,ann
28063,t-aigéad,t-,,éad
28064,comhardúcháin,,comh,in
28065,snáithín,,,ín
28066,Tuigimid,,,imid
28067,chnaipe,,,e
28068,Fótagrafaíocht,,,grafaíocht
28069,d'fhostaíochta,d',,ta
28070,Ordonáis,,,áis
28071,Albanach,,,ach
28072,Stóráil,,,áil
28073,Chomhpháirtithe,,,ithe
28074,Foghlama,,,a
28075,Athstruchtúrú,,,ú
28076,achoimrithe,,,ithe
28077,triantán,,,án
28078,Thaitin,,,in
28079,leasaigh,,leas,aigh
28080,dóthain,,dó,in
28081,huacht,h,,acht
28082,saighead,,,ad
28083,bagraíodh,,,íodh
28084,dhearbhaigh,,,aigh
28085,Láithris,,,is
28086,shamplála,,,a
28087,d'óstáin,d',,in
28088,deighleálta,,,ta
28089,Bhailiú,,,iú
28090,Chontae,,,e
28091,dhroch-úsáideoir,,,eoir
28092,duilleacha,,,eacha
28093,Archive,,,e
28094,dTonnta,d,,ta
28095,éagóir,,éa,óir
28096,cláraitheoir,,,eoir
28097,athchúrsáilte,,ath,te
28098,scrobarnach,,,ach
28099,mheaitseálann,,,lann
28100,ndaingneoidh,n,,idh
28101,carthanas,,,as
28102,addictive,,,e
28103,fhruiligh,,,igh
28104,spéaclaí,,,aí
28105,Ochtú,,,ú
28106,idirthréimhse,,idir,se
28107,meascthóir,,,thóir
28108,lúide,,,e
28109,mótar,,,tar
28110,n-ath-shealbhuíonn,n-,ath,íonn
28111,inniúlachtaí,,in,taí
28112,éascaíocht,,éa,aíocht
28113,líontán,,,án
28114,Breacacháin,,,in
28115,freagróirí,,,í
28116,cnapaireacht,,,eacht
28117,kuna,,,na
28118,chomhoibriú,,,iú
28119,inléirithe,,in,ithe
28120,molaimid,,,aimid
28121,leann,,,eann
28122,noibleagáidí,,,í
28123,aistrítear,,ais,ítear
28124,bhallacín,,,ín
28125,stiúradh,,,radh
28126,ndréacht-treoirlínte,n,,te
28127,cúlra,,cúl,ra
28128,fiachais,,fia,ais
28129,Greann,,,eann
28130,coileach,,,each
28131,earnálach,,,ach
28132,dhearnadh,,,adh
28133,dínte,,dí,te
28134,fhreagra,,,ra
28135,dioplómaí,,,aí
28136,scoithphointí,,,tí
28137,gCurrach,g,,ach
28138,gcosnóidh,g,,óidh
28139,Ard-Srutha,,,tha
28140,soithí,,so,í
28141,cumraíocht,,,aíocht
28142,réabadh,,réa,adh
28143,bhallraíocht,,,aíocht
28144,n-laghdaíonn,,,aíonn
28145,Gearrfaidh,,,faidh
28146,uastréimhse,,uas,se
28147,millte,,,te
28148,Maria,,,ia
28149,d'fhreagracht,d',,acht
28150,Chliste,,,te
28151,d'ionad,d',ion,ad
28152,phléití,,,tí
28153,Iompróidh,,,óidh
28154,siabhránachtaí,,,taí
28155,téamháin,t,,in
28156,taoidmheara,t,,ra
28157,dúnbhásaithe,,dún,aithe
28158,spiorad,,,ad
28159,ró-bhréagra,,ró,ra
28160,ainmneoidh,,ain,idh
28161,Kurgan,,,an
28162,mótartharraingirí,,,í
28163,ngineadh,n,,eadh
28164,muirthimpeallacht,,,acht
28165,struchtúracha,,,acha
28166,adhainteoirí,,,í
28167,sciath-fhoirceannadh,,,adh
28168,cúilíní,,,í
28169,cúcamar,,,amar
28170,éiceachórais,,éicea,ais
28171,chuan,,,an
28172,mearcaigéireachta,,,ta
28173,Failte,,,te
28174,Sonracha,,,acha
28175,heisceachtúil,h,,túil
28176,mholfá,,,fá
28177,Insamhladh,,,adh
28178,ndíola,n,dí,a
28179,seachbhrabúsach,,,ach
28180,comhleasa,,comh,sa
28181,oideolaíochta,,,ta
28182,infheadhmachta,,in,ta
28183,ballasta,,,ta
28184,bealaithe,,,aithe
28185,réadach,,réa,ach
28186,gearrthóir,,gearr,thóir
28187,gcoigeartófar,g,,ófar
28188,tosnaithe,t,,aithe
28189,Cheannach,,,ach
28190,réalachas,,réa,achas
28191,ceisteanna,,,eanna
28192,dtógann,d,,ann
28193,Scaoilte,,,te
28194,aisghníomhaigh,,ais,aigh
28195,t-iniúchóir,t-,in,óir
28196,Bhóithre,,,e
28197,neamhghnáigh,,neamh,igh
28198,d'éagadh,d',éa,adh
28199,Iarraim,,,aim
28200,ionsúfar,,ion,far
28201,aráin,,,in
28202,Siúire,,,ire
28203,loighiciúil,,,úil
28204,dóchasach,,dó,ach
28205,chliniciúil,,,úil
28206,olótach,,,ach
28207,gnáthmhuinisean,,gnáth,sean
28208,sheachtraigh,,,aigh
28209,cinerea,,,a
28210,forlámhas,,for,as
28211,carthanúil,,,úil
28212,Abhainn,,,inn
28213,fotháirgí,,fo,í
28214,oibriúchán,,,án
28215,bhfosadáin,bh,fo,in
28216,t-aosach,t-,,ach
28217,briogáide,,,e
28218,aibhneacha,,,eacha
28219,roghnaíim,,ro,im
28220,aerghunnaí,,aer,aí
28221,Gnéis,,,is
28222,mheilfidh,,,fidh
28223,Fiscalis,,,is
28224,hath-dhíolta,h,ath,ta
28225,Thiocfadh,,,fadh
28226,bitheolaíochta,,bith,ta
28227,chúinse,,,se
28228,meafar,,,far
28229,Sonraíocht,,,aíocht
28230,dtáirge,d,,e
28231,Chiba,,,a
28232,toghlach,t,,ach
28233,mbintiúr,m,bi,úr
28234,ghlúcós,,,ós
28235,feirmeoireacht,,,eacht
28236,ordaíodh,,,íodh
28237,hiompróirí,h,,í
28238,giúiréithe,,,ithe
28239,staraithe,,,aithe
28240,inghnóthaithe,,in,aithe
28241,céad-mheasúnachta,,céad,ta
28242,triompa,,,a
28243,gnóthaithe,,,aithe
28244,d'oibritheoir,d',,eoir
28245,ina,,in,na
28246,gnáthchothromas,,gnáth,as
28247,Junín,,,ín
28248,Phinsean,,,sean
28249,Íocfaidh,,,faidh
28250,Tearmainn,,,inn
28251,pearsantacht,,,tacht
28252,dhochorraithe,,,aithe
28253,bhlianachtóirí,,,í
28254,casann,,,ann
28255,tréidliachta,,tré,ta
28256,láimhdeachas,,,achas
28257,mbrabúis,m,,is
28258,Gairmiúil,,,úil
28259,gheografach,,,ach
28260,Riaráistí,,,tí
28261,bhfochonraitheoirí,bh,fo,í
28262,chuimilteora,,,ra
28263,bhfíoruisce,bh,fíor,e
28264,leanta,,,ta
28265,chleithiúnas,,,únas
28266,dhéanach,,,ach
28267,ionúiline,,ion,ne
28268,Forghabhála,,,a
28269,Leapacha,,,acha
28270,bheagáin,,,in
28271,éindí,,,í
28272,hárachas,h,,achas
28273,hÁrainn,h,,inn
28274,maitheasa,,,sa
28275,Gnóthachain,,,in
28276,sháil,,,áil
28277,mhonaróirí,,,í
28278,ndílsítear,n,dí,ítear
28279,dhinimiciúil,,,úil
28280,Sloinne,,,ne
28281,geallghlacadóireachta,,,ta
28282,nDaonlathaithe,n,,aithe
28283,Beimid,,,imid
28284,deontas,,,tas
28285,Gaeltachtaí,,,taí
28286,fhíor-uisce,,,e
28287,éilliú,,,iú
28288,chlú,,,ú
28289,chloiche,,,e
28290,chlárúchán,,,án
28291,Lónadóireachta,,,ta
28292,tSannaí,t,,aí
28293,uiscedhíonta,,,ta
28294,hÓige,h,,e
28295,Athchóiríonn,,,íonn
28296,Clúdaíonn,,,aíonn
28297,Siúlán,,,án
28298,Ildeontaisí,,,í
28299,phríobháideachas,,,achas
28300,gcó-dhuille,g,,e
28301,sábháilte,,,te
28302,iníoctha,,in,tha
28303,cúláraigh,,cúl,aigh
28304,dheimhniú,,,iú
28305,an-rathúil,,an,úil
28306,Fiú,,,iú
28307,iar-bhainistíochta,,iar,ta
28308,socrú,,so,ú
28309,hAirtea,h,,a
28310,Dúchasach,,,ach
28311,Forghníomhú,,,ú
28312,Cóiréis,,,is
28313,eisiamh,,eisi,amh
28314,heisilteach,h,eisi,each
28315,Soláthróir,,,óir
28316,ghaothscátha,,,tha
28317,Tugain,,,in
28318,choincheapa,,,a
28319,fórsa,,,sa
28320,Samhail,,,amhail
28321,sighníodh,,,íodh
28322,ocsaídithe,,,ithe
28323,D'fhan,D',,an
28324,chríochnós,,,ós
28325,háireamháin,h,,in
28326,CBS-anna,,,anna
28327,scagachán,,,achán
28328,Gnáthchónaithe,,,aithe
28329,úinéir,,,éir
28330,díscaoilte,,dí,te
28331,Cispheile,,,e
28332,Shiúrdáin,,,in
28333,t-uasleas,t-,uas,eas
28334,Ina,,,na
28335,hoibriú,h,,iú
28336,Dóiteáin,,,in
28337,mbailiúchán,m,,án
28338,spriocorgánach,,sprioc,ach
28339,theorann,,,ann
28340,hinstruimide,h,in,e
28341,tréimhsiúlacht,,tré,acht
28342,bhunuigh,,,igh
28343,Nathan,,,an
28344,gcoinnítear,g,,ítear
28345,líne,,,ne
28346,kune,,,ne
28347,chógaisíocht,,,íocht
28348,ard-shlaodachta,,ard,ta
28349,tsiamsa,t,,sa
28350,dreigít,,,ít
28351,mholann,,,lann
28352,Maza,,,a
28353,athiompú,,ath,ú
28354,dtáirgeoirí,d,,í
28355,Sraithe,,,aithe
28356,Fo-Fhillteán,,,eán
28357,toirmeasctha,t,,tha
28358,dámhadh,,dá,mhadh
28359,milliún-móide,,,e
28360,phreaseisiúint,,,úint
28361,ionchláruithe,,ion,ithe
28362,mhífheidhmiú,,,iú
28363,bhínse,,,se
28364,baincéir,,bain,éir
28365,Mhúirín,,,ín
28366,neamh-iníoctha,,neamh,tha
28367,cosúlacht,,,acht
28368,imlitreacha,,im,eacha
28369,cistiú,,,iú
28370,Doirse,,,se
28371,Oiriúntóir,,,tóir
28372,cuntasachta,,,ta
28373,muirearaithe,,,aithe
28374,scair-úinéireachta,,,ta
28375,cleithiúnach,,,ach
28376,leathlómhar,,leath,mhar
28377,phoblachtach,,,ach
28378,Breithiúnais,,,ais
28379,Beannachtaí,,,taí
28380,miocróbach,,,ach
28381,easytake,,eas,e
28382,Teastaíonn,,,aíonn
28383,sóisialacha,,,acha
28384,leataoibh,,,ibh
28385,láithréan,,,an
28386,ráflaí,,,aí
28387,athfheistiú,,ath,iú
28388,Liobarálaithe,,,aithe
28389,siúcra,,,ra
28390,hÁiteanna,h,,eanna
28391,bhruithniúcháin,,,in
28392,n-áirí,n-,,í
28393,margairín,,,ín
28394,gcáil,g,,áil
28395,chunan,,,an
28396,scrúdú,,,ú
28397,n-eitiltí,n-,,tí
28398,hIarratas,h,,tas
28399,próiseálaithe,,,aithe
28400,striapachas,,,achas
28401,gcaora,g,,ra
28402,uisciúcháin,,,in
28403,cáithníní,,,í
28404,fholaítear,,,ítear
28405,bróg,,,óg
28406,Múirín,,,ín
28407,Feitheamh,,,amh
28408,tabhú,t,,ú
28409,cionta,,,ta
28410,n-oibreoidís,n-,,idís
28411,comhaireamh,,comh,amh
28412,tromionsaí,,,aí
28413,Aquilegia,,,ia
28414,Sanxin,,,in
28415,Rialála,,,a
28416,Feasachán,,,achán
28417,fóirstineach,,,each
28418,bráithe,,,ithe
28419,breis,,,is
28420,dtréasan,d,tré,san
28421,geirmeacha,,,eacha
28422,oilithrigh,,,igh
28423,m'iarratas,,,tas
28424,sáraítear,,sár,ítear
28425,Caighdean,,,an
28426,baitící,,,í
28427,nua-bhreise,,nua,se
28428,Radio-Thelegrafaíochta,,,ta
28429,d'fhorghníomhú,d',,ú
28430,Lí,,,í
28431,bharántúil,,,túil
28432,t-aguisín,t-,,ín
28433,thaitin,,,in
28434,saoránach,,,ach
28435,van,,,an
28436,Andáin,,,in
28437,Brúigh-suas,,,as
28438,nIniúchóirí,,,í
28439,Léachtaí,,,taí
28440,cúpláil,,,áil
28441,contabharthach,,,ach
28442,malaiseas,,,eas
28443,déantán,,dé,án
28444,có-ionann,,,ann
28445,t-urraitheoir,t-,ur,eoir
28446,t-ordachán,t-,,achán
28447,Nordacha,,,acha
28448,n-aibíochta,n-,,ta
28449,Punta,,,ta
28450,neisiúint,,,úint
28451,athfhoirgniú,,ath,iú
28452,aicéiteach,,,each
28453,margadh-luach,,,ach
28454,rhabdomyolysis,,,is
28455,idirlinn,,idir,inn
28456,hainmniúchán,h,ain,án
28457,bithbhreoslaí,,bith,aí
28458,Chomhbheartas,,,tas
28459,n-iarrfaidh,n-,iar,faidh
28460,cóta,,,ta
28461,t-iomlán,t-,,án
28462,áitúil,,,túil
28463,phéinteáil,,,áil
28464,chomhleasa,,,sa
28465,Acadamh,,,amh
28466,Ghrinnscrúdú,,,ú
28467,bioráin,,bio,in
28468,feola,,,a
28469,mheasfaimid,,,aimid
28470,Iompraíonn,,,aíonn
28471,moirfeolaíocha,,,a
28472,shíntí,,,tí
28473,imeaglú,,im,ú
28474,tuathúil,t,,úil
28475,olacháin,,,in
28476,stáisiúin,,,in
28477,n-orgán,n-,,gán
28478,gcastacht,g,,tacht
28479,phaiste,,,te
28480,gcríocha,g,,a
28481,dhaingniú,,,iú
28482,faireoga,,,ga
28483,nead,,,ad
28484,bhFrancis,bh,,is
28485,Baba,,,a
28486,shuimiú,,,iú
28487,tácla,t,,a
28488,hidir-inoibritheacht,h,idir,eacht
28489,Diosca,,,a
28490,nochtfí,,,fí
28491,chamomile,,,e
28492,asleagtha,,as,tha
28493,phlanda,,,da
28494,fóraim,,,aim
28495,athbhunaíonn,,ath,aíonn
28496,spíonáin,,,in
28497,aisghabháil,,ais,áil
28498,Slabhra,,,ra
28499,tsoithigh,t,,igh
28500,radio-dheimhniú,,,iú
28501,zirconias,,,as
28502,Leagadh,,,adh
28503,thiomnach,,,ach
28504,Trama,,,a
28505,chomhar-shocraíochtaí,,,taí
28506,choinsíniú,,,iú
28507,Cháipéis,,,is
28508,metalbladeurope,,,e
28509,Stát-tóghta,,,ta
28510,scaoilfí,,,fí
28511,hairleacfar,h,,far
28512,bhFoilseachán,bh,,achán
28513,arbhar-bhithmhillte,,,te
28514,réigiÃonach,,ré,ach
28515,chrua-earraí,,,aí
28516,fáinne,,,ne
28517,Bulaíocht,,,aíocht
28518,sean-chuardach,,sean,ach
28519,huirlisí,h,,í
28520,bhrise,,,se
28521,Faomhadh,,,mhadh
28522,tionóntán,t,,án
28523,Chonamara,,,ra
28524,héileapad,h,,ad
28525,t-allmhaireoir,t-,,eoir
28526,Bhunaigh,,,aigh
28527,Reiligiúin,,,in
28528,cheimiceáin,,,in
28529,ardaitheoirí,,ard,í
28530,poileitiléine,,,ne
28531,Measca,,,a
28532,trasnuithe,,tras,ithe
28533,úrúcháin,,,in
28534,faisnéis-bhunaithe,,,aithe
28535,ghluaistear,,,ear
28536,meánscoileanna,,meán,eanna
28537,dídeanaithe,,dí,aithe
28538,iadsan,,,san
28539,shaor-shealbhairí,,,í
28540,toilleas,t,,eas
28541,Difhostaiochta,,,ta
28542,Phroinsias,,,as
28543,tiomnachtaí,t,,taí
28544,Sásamh,,,amh
28545,Airítear,,,ítear
28546,Beannacht,,,acht
28547,cardashoitheach,,carda,each
28548,n-oibríocht,n-,,íocht
28549,aithinteas,,aith,eas
28550,drámaí,,,aí
28551,Chomhairlí,,,í
28552,Chathaoirleach,,,each
28553,bhanglaidéis,,,is
28554,comhchomhairliúchán,,comh,án
28555,farantóireachta,,,ta
28556,fearas,,fear,as
28557,gcineáil,g,,áil
28558,Réamhcháin,,,in
28559,úsáidí,,,í
28560,huaigheanna,h,,eanna
28561,bpróiseáilfear,b,,fear
28562,stánaithe,,,aithe
28563,chultúr,,,úr
28564,Déanamhais,,,ais
28565,fothaithe,,fo,aithe
28566,leantóir,,,tóir
28567,uisce-chúrsa,,,sa
28568,neamh-stéaróideach,,neamh,óideach
28569,idirearnála,,idir,a
28570,mhonarcha,,,a
28571,saigheada,,,da
28572,bunscoile,,bun,e
28573,úinéara,,,ra
28574,ríomhchuidithe,,ríomh,ithe
28575,Sainmhínigh,,,igh
28576,Chinsireachta,,,ta
28577,thomhaiseann,,,eann
28578,Urranna,,,anna
28579,mionfhaisnéis,,mion,is
28580,Bailithe,,,ithe
28581,shainriachtanais,,,ais
28582,tréithriú,,tré,iú
28583,luteinmhargaidh,,,aidh
28584,íomhánna,,,na
28585,fhearrde,,,e
28586,thuarascálacha,,,acha
28587,saghas,,,as
28588,síneoidh,,,idh
28589,antitumóra,,an,ra
28590,Throttle,,,e
28591,Díreach,,,each
28592,nithiúil,,,úil
28593,Chomhlíonadh,,,adh
28594,theorannú,,,ú
28595,Thomhas,,,as
28596,Meascán,,,án
28597,lánmhéadaithe,,,aithe
28598,clogad,,,ad
28599,laite,,,te
28600,urghabháil,,ur,áil
28601,gearrfar,,gearr,far
28602,ngearánfaidh,n,,faidh
28603,feisteadh,,,eadh
28604,innealltóireachta,,in,ta
28605,deonaí,,,aí
28606,uasmhéadú,,uas,ú
28607,thurgnamh,,,amh
28608,fhaidithe,,,ithe
28609,éasáide,,éa,e
28610,1800adaí,,,aí
28611,thimpiste,,,te
28612,rátúcháin,,,in
28613,Lawn-tírdhreach,,,each
28614,Februa,,,a
28615,denim,,,im
28616,atreisíonn,,,íonn
28617,Sócraitéas,,,as
28618,tionóntacht,t,,tacht
28619,barrainneach,,barr,each
28620,sruthanna,,,anna
28621,gcuóta,g,,ta
28622,biloba,,bi,a
28623,haigéad,h,,éad
28624,Suveren-Gözertepe,,,e
28625,bheachtú,,,ú
28626,caisleán,,,eán
28627,Licorice,,,e
28628,lachtadh,,lacht,adh
28629,Forchoimeádas,,,as
28630,finscéalta,,,ta
28631,Aoisliúntais,,,ais
28632,éisteachta,,,ta
28633,céimiméadar,,,méadar
28634,fuilteacha,,,eacha
28635,SMEanna,,,anna
28636,cluaisín,,,ín
28637,hainmluachanna,h,ain,anna
28638,ngníomhaithe,n,,aithe
28639,printíseachta,,,ta
28640,Cumhachtaithe,,,aithe
28641,míosa,,mí,sa
28642,réamatach,,réa,ach
28643,acetonide,,,e
28644,buan-cháin,,buan,in
28645,dtitfeadh,d,,eadh
28646,pláitíní,,,í
28647,Duterte,,,te
28648,fáilteach,,,each
28649,iontaobhaithe,,ion,aithe
28650,cíortha,,,tha
28651,léireofá,,,fá
28652,seanainmneacha,,sean,eacha
28653,spotsoilse,,,se
28654,Cinnidh,,,idh
28655,máil,,,áil
28656,có-cheanntar,,,tar
28657,hais,h,ais,ais
28658,fhréamh,,,amh
28659,comharbais,,comh,ais
28660,chúramacha,,,acha
28661,stampáladh,,,adh
28662,fíor-annamh,,fíor,amh
28663,beartú,,,ú
28664,Inmheánaí,,,aí
28665,chomhionanna,,,anna
28666,shéidfidh,,,fidh
28667,túdarú,t,,ú
28668,BhreithiĂșnais,,,ais
28669,d'uimhreacha,d',,eacha
28670,dhíbhlocáil,,,áil
28671,Lievre,,,e
28672,gCoiste,g,,te
28673,Fholúis,,,is
28674,gcodarsnacht,g,,acht
28675,impigh,,im,igh
28676,déantúsáin,,dé,in
28677,fhuaimniú,,,iú
28678,mhisean,,,sean
28679,raghaidh,,,aidh
28680,féachana,,,na
28681,thaistealaithe,,,aithe
28682,Chreatlach,,,ach
28683,pháirtiú,,,iú
28684,Fheidhmiú,,,iú
28685,ghnéasach,,,ach
28686,tinnis,t,,is
28687,Albuquerque,,,e
28688,Deirtear,,,ear
28689,dTiúdóireach,d,,each
28690,Níos,,,íos
28691,bronntanais,,,ais
28692,réadtiomnuithe,,réa,ithe
28693,luaithne,,,ne
28694,mionghrádála,,mion,a
28695,sean-alfa,,sean,a
28696,ngairdín,n,,ín
28697,ceirde,,,e
28698,Comórtais,,,ais
28699,Réalachas,,,achas
28700,gcuan,g,,an
28701,neambrí,,,í
28702,fo-uirbeacha,,fo,eacha
28703,sléibhte,,,te
28704,heochracha,h,eo,acha
28705,Cathaoireach,,,each
28706,sraithuimhreacha,,,eacha
28707,mBiorra,m,,ra
28708,Conartha,,,tha
28709,cógaiseoirí,,,í
28710,bhfailleoidh,bh,,idh
28711,moille,,,e
28712,gcoda,g,,da
28713,Chogadh,,,adh
28714,teiripeacha,t,,eacha
28715,mhúnlaithe,,,aithe
28716,cluichire,,,ire
28717,dhéanfidís,,,fidís
28718,Promise,,,se
28719,druilire,,,ire
28720,Alabama,,,a
28721,digiteach,,,each
28722,Cailciam,,,iam
28723,cúiteántas,,,tas
28724,fho-orgain,,,in
28725,Bainistithe,,,ithe
28726,nglactar,n,,tar
28727,Chomhlachaithe,,,aithe
28728,Oibrithe,,,ithe
28729,phurláin,,,in
28730,tionónacht,t,,acht
28731,itheacháin,,,in
28732,shean-ghránáidí,,,í
28733,Luasteorann,,,ann
28734,Theistiméireacht,,,eacht
28735,Aimsitheoir,,,eoir
28736,toircheas,t,,eas
28737,Dada,,,da
28738,uain,,,in
28739,n-iontaoibh,n-,ion,ibh
28740,chreidiúnaithe,,,aithe
28741,díloirgnithe,,dí,ithe
28742,Príobháideacht,,,eacht
28743,gumaí,,,aí
28744,hathnuachan,h,ath,chan
28745,gceannaire,g,ceann,aire
28746,Fiosraithe,,,aithe
28747,Taistealaithe,,,aithe
28748,dhíotchúiseamh,,,amh
28749,bheacha,,,eacha
28750,Bhríde,,,e
28751,céad-mheasúnachtaí,,céad,taí
28752,déthreocha,,dé,a
28753,holaí,h,hola,aí
28754,ardmholadh,,ard,adh
28755,gClásanna,g,,anna
28756,cosaintigh,,,tigh
28757,pictiúrlann,,,lann
28758,theorainneofar,,,far
28759,roiceanna,,ro,eanna
28760,Leithinis,,,is
28761,buiséadú,,,ú
28762,Ciúin,,,in
28763,oinne,,,ne
28764,foréigneach,,for,each
28765,meáthóirí,,,í
28766,fo-éifeachtaí,,fo,taí
28767,Aurora,,,ra
28768,dóthanachta,,dó,ta
28769,verona,,,na
28770,n-eolas,n-,eo,as
28771,múnna,,,na
28772,leithroinnte,,,te
28773,clubanna,,,anna
28774,haerghunna,h,aer,na
28775,ghiorrú,,,ú
28776,Gaeltachta_Tuismitheoir,,,eoir
28777,Inleagtha,,,tha
28778,leas-bhainisteoir,,leas,eoir
28779,lándhípléice,,,e
28780,thiarnas,,,as
28781,Bhriotáineach,,,each
28782,Réaltacht,,,tacht
28783,iarshealbhóra,,iar,ra
28784,dtailte,d,,te
28785,choinbhleacht,,,eacht
28786,comhtháthú,,comh,ú
28787,páirce,,,e
28788,d'uaslódáil,d',uas,áil
28789,Airline,,,ne
28790,Airgeadas,,,as
28791,béilí,,,í
28792,Gearrthaim,,,aim
28793,ciorruithe,,,ithe
28794,an-oscailte,,an,te
28795,dídeanaí,,dí,aí
28796,ndíobháil,n,dí,áil
28797,h-ocáide,h-,,e
28798,nóta,,,ta
28799,alcólacht,,,acht
28800,héidí,h,,í
28801,d'Údaráis,d',,áis
28802,mhéadóidh,,,óidh
28803,macin-bain,,,in
28804,Ídiú,,,iú
28805,modúil,,,úil
28806,bpríomhtháirge,b,príomh,e
28807,Innealtóireachta,,,ta
28808,chomhiomlánú,,,ú
28809,Scáth-Sheansailéir,,,éir
28810,fíorthromchúisí,,fíor,í
28811,forfheidhmiú,,for,iú
28812,Forlíonfar,,,far
28813,Tigara,,,ra
28814,cinntíonn,,cinn,íonn
28815,ghiniúint,,,úint
28816,Ghutha,,,tha
28817,phortach,,,ach
28818,shaorálach,,,ach
28819,aradóireachta,,,ta
28820,Mhuirthead,,,ad
28821,Dúntóirí,,,í
28822,dlí,,,í
28823,bruisealóis,,,óis
28824,scoilcheantar,,,tar
28825,imirceacha,,im,eacha
28826,corr-tháillí,,corr,í
28827,shonróidh,,,óidh
28828,idirghníomhacha,,idir,acha
28829,Reifreann,,,eann
28830,múinte,,,te
28831,reiligí,,,igí
28832,rátáilte,,,te
28833,Aer-Arthaighe,,,e
28834,Da,,,a
28835,onann,,,ann
28836,Luibh,,,ibh
28837,d'Fhórsaí,d',,aí
28838,Ialtóga,,,ga
28839,comhnaitheach,,comh,each
28840,íocfaí,,,aí
28841,ndíorthaítear,n,dí,ítear
28842,shuibscríobhfar,,,far
28843,briseadh,,,eadh
28844,Síneann,,Sín,eann
28845,Mhianadóireacht,,,eacht
28846,measúnuithe,,,ithe
28847,príosúnaigh,,,aigh
28848,Uis,,,is
28849,racaí,,,aí
28850,pheáirtí,,,tí
28851,phaindéim,,,im
28852,spriocdhíriú,,sprioc,iú
28853,Coinníodh,,,íodh
28854,chártaí,,,taí
28855,Scríbhinní,,,í
28856,laidin,,,in
28857,Clear,,,ear
28858,próiseálaim,,,aim
28859,shin,,,in
28860,thíolaca,,,a
28861,teoiricí,t,teo,í
28862,misiúin,,,in
28863,sia,,,ia
28864,mbínse,m,,se
28865,Feidhmiucháin,,,in
28866,mBrasaíl,m,,aíl
28867,fiacha,,fia,acha
28868,Champas,,,as
28869,Ghrúpa,,,a
28870,athghabháil,,ath,áil
28871,thuaidh,,,aidh
28872,Murascaille,,,e
28873,leapacha,,,acha
28874,chomhairleoir,,,eoir
28875,iomaíochais,,,ais
28876,treanáil,,,áil
28877,Éascaíonn,,,aíonn
28878,Dubhghlas,,,as
28879,n-eisceachtaí,n-,,taí
28880,eadrána,,,na
28881,Phacáistíocht,,,íocht
28882,gcomhdaíodh,g,comh,íodh
28883,chéad-las,,,as
28884,trátaí,,,taí
28885,ateangairí,,,í
28886,clúdaítear,,,ítear
28887,sainmhínithe,,sain,ithe
28888,fhónfaidh,,,faidh
28889,Fianáin,,,in
28890,tionscanta,t,,ta
28891,Cúntaisí,,,í
28892,chomhairle,,,e
28893,scuirfe,,,e
28894,Réitigh,,,tigh
28895,Seoltar,,,tar
28896,Fhórsa,,,sa
28897,gcaolú,g,,ú
28898,idirbheartaíochta,,idir,ta
28899,Natatoria,,,ia
28900,Críostaíthe,,,the
28901,gcuirtí,g,,tí
28902,this,,,is
28903,thráthchoda,,,da
28904,gcreidiúnófar,g,,ófar
28905,luacha,,,acha
28906,Atweetáil,,,áil
28907,Toghthóirí,,,í
28908,Foillseofar,,,far
28909,nascfaidh,,,faidh
28910,uiscí,,,í
28911,dheanfaí,,,aí
28912,beathaisnéisí,,beath,í
28913,gcrann,g,,ann
28914,chreathadh,,,adh
28915,míochaine,,mí,ne
28916,harmchúirte,h,,te
28917,gnáth-scaireanna,,gnáth,eanna
28918,Chreidiúnú,,,ú
28919,n-áirithítear,n-,,ítear
28920,bintiúra,,bi,ra
28921,dhíothaithe,,,aithe
28922,folaíonn,,fo,aíonn
28923,trádálacha,,,acha
28924,iarmartacha,,iar,acha
28925,fuála,,,a
28926,shamplaí,,,aí
28927,téachta,t,,ta
28928,seana-leas,,sean,eas
28929,Iomportálanna,,,anna
28930,tabhaithe,t,,aithe
28931,méadófar,,,ófar
28932,cheadúcháin,,,in
28933,heitlíochta,h,,ta
28934,frith-thruailliú,,frith,iú
28935,d'údaraigh,d',,aigh
28936,n-uasghrádú,n-,uas,ú
28937,bheidh,,,idh
28938,Polaitiúla,,,a
28939,toghchánaíochta,t,,ta
28940,móinéir,,,éir
28941,Gnáththeorainn,,,inn
28942,fabraice,,,e
28943,priontáilte,,,te
28944,iontaofachta,,ion,ta
28945,simpliúcháin,,,in
28946,Coinbhinsúin,,,in
28947,neamhchónaitheach,,neamh,each
28948,gcriosanna,g,,anna
28949,táirgeadh,t,,eadh
28950,banphrionsa,,ban,sa
28951,Cóireálacha,,,acha
28952,chónaisceann,,,eann
28953,dhíomhaointis,,,is
28954,Branda,,,da
28955,comhchoistí,,comh,tí
28956,róbaí,,ró,aí
28957,ghnáthchomhalta,,,ta
28958,dailcheantar,,,tar
28959,naimhdeas,,,eas
28960,corparáidí,,,í
28961,d'infheistíochtaí,d',in,taí
28962,Céilí,,,í
28963,Díoltóra,,,ra
28964,Cealla,,,a
28965,siní,,sin,í
28966,Rialachán,,,achán
28967,Réamh-mheas,,,eas
28968,fhadaithe,,,aithe
28969,Maigh,,,aigh
28970,téada,t,,da
28971,mhótaraithe,,,aithe
28972,Bailchríocha,,,a
28973,Cothromóir,,,óir
28974,Fraincise,,,se
28975,gcaindíochtaí,g,,taí
28976,dteagmháil,d,,áil
28977,cógaisíochta,,,ta
28978,Vinnitsa,,,sa
28979,íthiúlacht,,,acht
28980,printísigh,,,igh
28981,uiríslithe,,,ithe
28982,iontais,,ion,ais
28983,lámhoibre,,,e
28984,scéimre,,,e
28985,Bialainne,,,ne
28986,séala,,,a
28987,laethe,,,the
28988,inleasuithe,,in,ithe
28989,Beannaigh,,,aigh
28990,gclárathóir,g,,thóir
28991,glaineachta,,,ta
28992,shape,,,e
28993,mBuiséad,m,,éad
28994,mhíchearta,,,ta
28995,salainn,,,inn
28996,buicéad,,,éad
28997,aiteanta,,,ta
28998,tharla,,,a
28999,choimisinéara,,,ra
29000,fhairsingíonn,,,íonn
29001,altranas,,,as
29002,scuaine,,,ne
29003,chomhlíonfaidh,,,faidh
29004,Aontaí,,,taí
29005,gConclúidí,g,,í
29006,seinn,,sein,inn
29007,69ú,,,ú
29008,mb'ann,m,,ann
29009,comhthiomsú,,comh,ú
29010,Idir-rialtasach,,,ach
29011,chomhleanúnachas,,,achas
29012,fo-shirriamacha,,fo,acha
29013,Bacopa,,,a
29014,Torann,,,ann
29015,Dúntar,,,tar
29016,Fhionlainn,,,inn
29017,ríomhaireacht,,ríomh,eacht
29018,Claruithe,,,ithe
29019,Chloigín,,,ín
29020,thrasnáisiúnta,,,ta
29021,Lancach,,,ach
29022,t-iostán,t-,,án
29023,chonaíonn,,,aíonn
29024,saibhriú,,,iú
29025,cinntréimhse,,cinn,se
29026,Dearthóir,,,thóir
29027,cuideachtaí,,,taí
29028,Bahçe,,,e
29029,t-aireagán,t-,,agán
29030,léasa,,,sa
29031,mBailitheoir,m,,eoir
29032,caolú,,,ú
29033,níochána,,,na
29034,saorálacha,,,acha
29035,cúlghabhálach,,cúl,ach
29036,Díbhinn,,,inn
29037,mhuilleoltoltóir,,,tóir
29038,sreangaithe,,,aithe
29039,Bailte,,,te
29040,ilghnéitheach,,il,each
29041,eagarthóir,,,thóir
29042,neamh-idirdhealaitheach,,neamh,each
29043,cumhnantaí,,,taí
29044,ndíobhála,n,dí,a
29045,Beifear,,,fear
29046,créachtaíodh,,,íodh
29047,gonta,,,ta
29048,ghníomhachta,,,ta
29049,spúnóga,,,ga
29050,míshásta,,mí,ta
29051,bhaineann,,,eann
29052,comhdaithe,,comh,aithe
29053,riochta,,,ta
29054,buachan,,,chan
29055,Chraolacháin,,,in
29056,sÃ3isialta,,,ta
29057,ceistithe,,,ithe
29058,Cás-staidéir,,,éir
29059,Cairde,,,e
29060,Tslmhaiochta,,,ta
29061,Dlítheangeolaí,,,aí
29062,tuairiscí,t,,í
29063,toillte,t,,te
29064,aistríonn,,ais,íonn
29065,neamhthuillmheach,,neamh,each
29066,ghreillí,,,í
29067,Tógaimid,,,aimid
29068,Uamtha,,,tha
29069,Arkansas,,,as
29070,Comhlachais,,,ais
29071,sraitheach,,,each
29072,d'Ambre,d',,e
29073,áititheoirí,,,í
29074,dtoirmeasctar,d,,tar
29075,gaolmhaireacht,,,eacht
29076,Cheannasaithe,,,aithe
29077,shuíomhanna,,,anna
29078,hiomaíocht,h,,aíocht
29079,Dlighfidh,,,fidh
29080,rósach,,ró,ach
29081,Suiteáil,,,áil
29082,silicósis,,,is
29083,Phríomh-Chathrach,,,ach
29084,oibríocht,,,íocht
29085,pinsin,,,in
29086,seiceálaithe,,,aithe
29087,ngrinnscrúdú,n,,ú
29088,Leanfaidh,,,faidh
29089,chomhiomlán,,,án
29090,thraenáil,,,áil
29091,láidriú,,,iú
29092,Phríomhoide,,,e
29093,luadh,,,adh
29094,mheidh,,,idh
29095,coimeádán,,,án
29096,Athdhearbhaigh,,,aigh
29097,bhFionnlann,bh,,lann
29098,carthannach,,,ach
29099,speicis,,,is
29100,Saoistí,,,tí
29101,gnáthchúnamh,,gnáth,amh
29102,vótáluithe,,,ithe
29103,dhífhostú,,,ú
29104,Cleasanna,,,anna
29105,dhlítheanach,,,ach
29106,tSratha,t,,tha
29107,Etelka,,,a
29108,sistéamach,,,ach
29109,d'íocaíocht,d',,aíocht
29110,idirghníomhaithe,,idir,aithe
29111,Frithchalaoise,,,se
29112,XXú,,,ú
29113,mótar-veananna,,,anna
29114,príntíseach,,,each
29115,urraí,,ur,aí
29116,tráchtaí,,,taí
29117,Eitneach,,,each
29118,neachtar,,,tar
29119,Rúipí,,,í
29120,muirí,,,í
29121,déir,,dé,éir
29122,gcuspóirí,g,,í
29123,gníomhais,,,ais
29124,rún-bhallóid,,,óid
29125,hathnuachainte,h,ath,te
29126,botas,,,tas
29127,glanfháltais,,,ais
29128,próitéiní,,,í
29129,mháthairghnóthas,,,as
29130,Gnéas-bréagáin,,,in
29131,Chaomhna,,,na
29132,dhruidte,,,te
29133,t-oileán,t-,,eán
29134,Dumpáil,,,áil
29135,dhá-bhealach,,,ach
29136,Éireannaí,,,aí
29137,trialtar,,,tar
29138,teaghlachais,t,,ais
29139,Trichóille,,,e
29140,ráthóir,,,thóir
29141,Príomh-Oifigeach,,,each
29142,seamhna,,,na
29143,théacla,,,a
29144,iarrthóir,,iar,thóir
29145,Európska,,,a
29146,Rollóirí,,,í
29147,Phluais,,,ais
29148,roghnós,,ro,ós
29149,Pise,,,se
29150,scannáin,,,in
29151,n-aontófar,n-,aon,ófar
29152,Bistrica-Kašina,,,na
29153,giorta,,,ta
29154,Chomhchoiteanna,,,eanna
29155,logaí,,,aí
29156,tiontódh,t,,ódh
29157,féadann,,,ann
29158,ghiorra,,,ra
29159,dháilitheoirí,,,í
29160,Punann,,,ann
29161,fiafraítear,,fia,ítear
29162,thrádálaithe,,,aithe
29163,neamhfhorbartha,,neamh,tha
29164,dhliteanais,,,ais
29165,chostas,,,tas
29166,tairgeadh,t,,eadh
29167,comhlánófar,,comh,ófar
29168,grafóga,,,ga
29169,Athbhliain,,,in
29170,Choire,,,ire
29171,bia-ainmhithe,,bi,ithe
29172,Dáileoga,,,ga
29173,casfaidh,,,faidh
29174,neamhbhrabúsacha,,neamh,acha
29175,Láithreacht,,,eacht
29176,dhealbhais,,,ais
29177,ghlacfaidh,,,faidh
29178,réamh-triomaítear,,réamh,ítear
29179,píolótach,,,ach
29180,Indiana,,,na
29181,pras,,,as
29182,Dhílsithe,,,ithe
29183,ollduaiseanna,,oll,eanna
29184,líníocht,,,íocht
29185,Amelia,,,ia
29186,Modúlach,,,ach
29187,n-éascraíonn,n-,éa,aíonn
29188,Iarnróid,,,óid
29189,líntighe,,,e
29190,ríomhthráchtála,,ríomh,a
29191,tarmligthe,t,tar,the
29192,comhchuideachtaí,,comh,taí
29193,cúlscríbhinn,,cúl,inn
29194,trasnaithe,,tras,aithe
29195,ceadúcháin,,,in
29196,neamhrialtais,,neamh,ais
29197,Ghnéas,,,as
29198,géaracha,,,acha
29199,fusta,,,ta
29200,n-amharcann,n-,am,ann
29201,scoilteann,,,eann
29202,buille,,,e
29203,n-áitreabhacha,n-,,acha
29204,dtrasuitear,d,tras,ear
29205,atástáil,,,áil
29206,bhforaois,bh,for,is
29207,trioblóidí,,,í
29208,Ríomhchláraitheoir,,,eoir
29209,Comhghuaillíochta,,,ta
29210,fhíoraitheoir,,,eoir
29211,lánchríochnaithe,,,aithe
29212,1850idí,,,í
29213,ceannlitreacha,,ceann,eacha
29214,Aithneoidh,,,idh
29215,Athraithe,,,aithe
29216,thoiliúil,,,úil
29217,ghaolta,,,ta
29218,dhiospóid,,,óid
29219,eisceadh,,,eadh
29220,Coinniollacha,,,acha
29221,chorra,,,ra
29222,teiripe,t,,e
29223,bhFo-rolla,bh,,a
29224,tharmligfeas,,,eas
29225,shaoire,,,ire
29226,conarthaí,,,aí
29227,Catalóinis,,,is
29228,Lánráta,,,ta
29229,pholaitiúil,,,úil
29230,Lánroghnacha,,,acha
29231,Shádach,,,ach
29232,deánfar,,deá,far
29233,oilfhoirmeacha,,,eacha
29234,Phlandaí,,,aí
29235,comhlántach,,comh,ach
29236,Eolaíocht-Iarratas,,,tas
29237,irÁtear,,,ear
29238,Gramadóir,,,adóir
29239,lonnaitheoir,,,eoir
29240,húiseanna,h,,eanna
29241,dea-comhlacht,,dea,acht
29242,féinfhostaíochta,,féin,ta
29243,niarrtar,,,tar
29244,Rí,,,í
29245,Áirigh,,,igh
29246,Directive,,,e
29247,nuatheangacha,,nua,acha
29248,Nuala,,,a
29249,volgende,,,e
29250,d'fhágfadh,d',,fadh
29251,nodaireacht,,,eacht
29252,mhion-díoltóirí,,,í
29253,gcaighdeáin,g,,in
29254,Gnáthchéimeanna,,,eanna
29255,Özduran'a,,,a
29256,garáistí,,gar,tí
29257,creidiúnaí,,,aí
29258,Comh-imlonnú,,,ú
29259,Bhíobla,,,a
29260,d'athláimhsiú,d',ath,iú
29261,díothaithe,,dí,aithe
29262,tarchuradóir,t,tar,adóir
29263,ainmliosta,,ain,ta
29264,bhfuaim,bh,,aim
29265,dúshlán,,dú,án
29266,seicheamh,,,amh
29267,thaifeadadh,,,adh
29268,tuile,t,,e
29269,tonnadóirí,t,,í
29270,ocsaigionáití,,,tí
29271,phearsanta,,,ta
29272,mhargadh-luach,,,ach
29273,cothromú,,,ú
29274,comhleanúintí,,comh,tí
29275,ngléas,n,,as
29276,carcanaiginí,,carcana,í
29277,fiachas,,fia,achas
29278,cleachtadh,,,adh
29279,chomharchumann,,,ann
29280,nithe,,,ithe
29281,Phailistín,,,ín
29282,n-pearsantacht,,,tacht
29283,fíorchairde,,fíor,e
29284,Déantúsóirí,,,í
29285,Niamh,,,amh
29286,bhuansannadh,,,adh
29287,aon-lárnach,,aon,ach
29288,Saighdiúirí,,,í
29289,mbarróga,m,barr,ga
29290,fhéin-tógáil,,,áil
29291,híoslodáil,h,íos,áil
29292,buiniscionn,,,nn
29293,fhoghlaim,,,aim
29294,Postálfaidh,,,faidh
29295,chosantóirí,,,í
29296,chaithte,,,te
29297,d'athfheistiú,d',ath,iú
29298,Easpa,,,a
29299,toiliúil,t,,úil
29300,hÍoslainne,h,,ne
29301,bpoitigéirí,b,,í
29302,Ispíní,,,í
29303,bladhmadh,,,adh
29304,míréasúnach,,mí,ach
29305,infheistiú,,in,iú
29306,Sete-Paris,,,is
29307,Ráithiúil,,,úil
29308,caidéalaithe,,,aithe
29309,cholscairtear,,,ear
29310,Míchumas,,,as
29311,phointí,,,tí
29312,dídean,,dí,an
29313,Soláthrófar,,,ófar
29314,lógónna,,,na
29315,achrann,,,ann
29316,dleacht,,,eacht
29317,Éiríodh,,,íodh
29318,ábhartha,,,tha
29319,Yiannakis,,,is
29320,heite,h,,te
29321,cinnteoireacht,,cinn,eacht
29322,Chruinnithe,,,ithe
29323,muinisean,,,sean
29324,réanna,,réa,anna
29325,Pharlaiminteach,,,each
29326,uaireadóirí,,,í
29327,athmhúnlú,,ath,ú
29328,Ráiteas,,,eas
29329,anailísíocht,,ana,íocht
29330,nathracha,,,acha
29331,Cartán,,,án
29332,Tionólfaidh,,,faidh
29333,nGroighealach,n,,ach
29334,fíor-shásta,,fíor,ta
29335,creagach,,,ach
29336,Cuain,,,in
29337,Erdosteine,,,ne
29338,Anubias,,,as
29339,príobháideachas,,,achas
29340,blaincéad,,,éad
29341,soláthartha,,so,tha
29342,tibia,t,,ia
29343,breisiú,,,iú
29344,ndéanamh,n,dé,amh
29345,luas,,,as
29346,chomhpháirteanna,,,eanna
29347,fuílligh,,,igh
29348,Monaróirí,,,í
29349,chaithfeas,,,eas
29350,Spáinn,,,inn
29351,fhócas,,,as
29352,neamh-inbhuanaithe,,neamh,aithe
29353,chorparáideacha,,,eacha
29354,amháin,,am,in
29355,Luath-Óige,,,e
29356,seamanna,,,anna
29357,d'eagraíochtaí,d',,taí
29358,éileamh,,,amh
29359,Tiomnachtaí,,,taí
29360,haghaidh,h,,aidh
29361,phlandála,,,a
29362,idirnascacht,,idir,acht
29363,secrédeachta,,,ta
29364,críonna,,,na
29365,cóineasú,,,ú
29366,chúlghairmfidh,,,fidh
29367,ráille,,,e
29368,cláruithe,,,ithe
29369,bíge,,,e
29370,mí-ábalta,,mí,ta
29371,Marcáil,,,áil
29372,atóg,,,óg
29373,bhfíorláithreach,bh,fíor,each
29374,foscailte,,fo,te
29375,atá'ullamh,,,amh
29376,dhoiciméadacht,,,acht
29377,críochnaíodh,,,íodh
29378,toilú,t,,ú
29379,mbeifar,m,,far
29380,thriailte,,,te
29381,feistí,,,tí
29382,Seandroichead,,,ad
29383,Ilchuspóireach,,,each
29384,Molta,,,ta
29385,cothabhálaí,,,aí
29386,Bronnaimid,,,aimid
29387,dlíthúla,,,a
29388,cógaslainne,,,ne
29389,Rannchuideoidh,,,idh
29390,théama,,,a
29391,droch-shúile,,droch,e
29392,sanna,,,anna
29393,beoga,,,ga
29394,mheasfaí,,,aí
29395,Formhuirear,,,ear
29396,Armán,,,án
29397,slaodacht,,,acht
29398,shochorraithe,,,aithe
29399,Cosain,,,in
29400,gnáthuítear,,gnáth,ítear
29401,Tionóltar,,,tar
29402,díolphointe,,dí,te
29403,Spiorad,,,ad
29404,Seilbhe,,,e
29405,Lámhdhéanta,,,ta
29406,iolraitheoirí,,,í
29407,Comhdaíodh,,,íodh
29408,eolairí,,eo,í
29409,Airtéirigh,,,igh
29410,Míosúil,,,úil
29411,seánra,,,ra
29412,Leithdháileadh,,,eadh
29413,theastáionn,,,nn
29414,sighniú,,,iú
29415,feasacháin,,,in
29416,cogaidh,,,aidh
29417,Shine,,,ne
29418,hainmniúcháin,h,ain,in
29419,hómós,h,,ós
29420,Phreasráitis,,,is
29421,phictiúrlann,,,lann
29422,Cháilithe,,,ithe
29423,mhuirearúcháin,,,in
29424,muirearacha,,,acha
29425,ionrátuithe,,ion,ithe
29426,d'eagrú,d',,ú
29427,áiteanna,,,eanna
29428,Idioma,,,a
29429,aireacht,,,eacht
29430,fundúireachtaí,,,taí
29431,cháis,,,áis
29432,bpríosúin,b,,in
29433,phrionta,,,ta
29434,Paidrín,,,ín
29435,gColáistí,g,,tí
29436,chearta,,,ta
29437,marbhófar,,,ófar
29438,Fheachtais,,,ais
29439,driogairí,,,í
29440,jabroinnteoir,,,eoir
29441,Déileálfar,,,far
29442,mbanchéile,m,ban,e
29443,shlogtar,,,tar
29444,aontóidh,,aon,óidh
29445,Fraincis,,,is
29446,gcinneann,g,cinn,eann
29447,t-aicsean,t-,,sean
29448,dhlúthchomhar,,,mhar
29449,tíotáiniam-cumhdaithe,t,,aithe
29450,gnáthchoigistiú,,gnáth,iú
29451,aibítreach,,,each
29452,Chósta,,,ta
29453,bhfochóras,bh,fo,as
29454,bbcworldservice,,,e
29455,ghrádaithe,,,aithe
29456,Leasúcháin,,,in
29457,Chleachtas,,,tas
29458,milseog,,,eog
29459,t-eisiamh,t-,eisi,amh
29460,míle,,mí,e
29461,múnlaithe,,,aithe
29462,sábhálann,,,lann
29463,bhun-iarratas,,,tas
29464,Iarla,,,a
29465,Coimisínéirí,,,í
29466,hiomaitheoirí,h,,í
29467,cuasach,,,ach
29468,chuideachtain,,,in
29469,mionchruinn,,mion,inn
29470,gCanbhéigeolaíochta,g,,ta
29471,bhéarfaidh,,,faidh
29472,17ú,,,ú
29473,dtaighdeoirí,d,,í
29474,carrchlóis,,,óis
29475,luchtaíonn,,,aíonn
29476,neamhcheangailte,,neamh,te
29477,gcúinse,g,,se
29478,rannpháirtiú,,,iú
29479,dineadh,,,eadh
29480,Buiséad,,,éad
29481,iasachtóirí,,,í
29482,gcionmhaireachta,g,,ta
29483,lachta,,lacht,ta
29484,d'fhoilsiú,d',,iú
29485,cinéiteach,,,each
29486,gcaingin,g,,gin
29487,Préimheanna,,,eanna
29488,bheorach,,,ach
29489,contúirteacha,,,eacha
29490,Tsín,,,ín
29491,Chrysin,,,in
29492,réamhphacáilte,,réamh,te
29493,comhréireacha,,comh,eacha
29494,sraithDa,,,a
29495,Cáilíochtaí,,,taí
29496,tarscaoileadh,t,tar,eadh
29497,ardaitheoir,,ard,eoir
29498,fhichead,,,ad
29499,chómhaoiniú,,,iú
29500,Fostaí,,,taí
29501,rialaigh,,,aigh
29502,suibiachtúla,,,a
29503,toirtíle,t,,e
29504,dheocha,,,a
29505,shíochána,,,na
29506,Sciatháin,,,in
29507,anmBileog,,an,eog
29508,Spraeáil,,,áil
29509,geilitín,,,ín
29510,Ghníomhaíochta,,,ta
29511,trellis,,,is
29512,buanorduithe,,buan,ithe
29513,torthóg,t,,óg
29514,dhíláraithe,,,aithe
29515,Sabhaircín,,,ín
29516,choimhdeach,,,each
29517,caighdeánach,,,ach
29518,Molann,,,lann
29519,déanta,,dé,ta
29520,Íogaireacht,,,eacht
29521,tromghortuithe,,,ithe
29522,volumetrach,,,ach
29523,taibhseach,t,,each
29524,nósimeachta,,,ta
29525,bhfeidhmiúchán,bh,,án
29526,bileoga,,bi,ga
29527,mhairfadh,,,fadh
29528,easnamh,,eas,amh
29529,Leigheasanna,,,anna
29530,cáirde,,,e
29531,diongbháilte,,,te
29532,fhéimheach,,,each
29533,leagacha,,,acha
29534,ghainmheach,,,each
29535,Fálta,,,ta
29536,frámaí,,,aí
29537,dámha,,dá,a
29538,ábalta,,,ta
29539,dtógfadh,d,,fadh
29540,naoidhean,,,an
29541,foraoisí,,for,í
29542,Ciontófar,,,ófar
29543,Trachtála,,,a
29544,fighe,,,e
29545,leithreasaí,,,aí
29546,ionchuimsitheacha,,ion,eacha
29547,gcumhachtaítear,g,,ítear
29548,Airgead,,,ad
29549,ghreamaitheora,,,ra
29550,Aosaithe,,,aithe
29551,chineálcheadú,,,ú
29552,luafadh,,,fadh
29553,chuimhniú,,,iú
29554,lotnaidicídí,,,í
29555,maoin-bhith-dhíghrádaithe,,,aithe
29556,Céibhe,,,e
29557,céad-toghfar,,céad,far
29558,dócmhainneachtaí,,dó,taí
29559,Ghaeltachta,,,ta
29560,brúite,,,te
29561,feirme,,,e
29562,tSualainn,t,,inn
29563,bhuntréimhse,,,se
29564,bparóistí,b,,tí
29565,míonna,,mí,na
29566,fíorúcháin,,fíor,in
29567,tabharfaidh,t,,faidh
29568,uillinn,,,inn
29569,athsheoltóra,,ath,ra
29570,sean-nós,,sean,ós
29571,leagadh,,,adh
29572,mhíonna,,,na
29573,Máire,,,ire
29574,dhoirteann,,,eann
29575,bhfoirse,bh,fo,se
29576,Dlí-Eolaíochta,,,ta
29577,óstán,,,án
29578,itheann,,,eann
29579,post-vótáluithe,,,ithe
29580,forsaí,,for,aí
29581,chreidiúint,,,úint
29582,meitéareolaithe,,,aithe
29583,Phinsin,,,in
29584,ghearrliosta,,,ta
29585,stocáil,,,áil
29586,lia-chleachtóir,,,tóir
29587,t-iompróir,t-,,óir
29588,tuairiscítear,t,,ítear
29589,an-áthas,,an,as
29590,fuasclóidh,,,óidh
29591,cháithníní,,,í
29592,républicain,,ré,in
29593,tuille,t,,e
29594,conraitheoir,,,eoir
29595,Sicile,,,e
29596,inchomórtais,,in,ais
29597,chonarthaigh,,,aigh
29598,fallsa,,,sa
29599,rialaithí,,,í
29600,creidiúnacha,,,acha
29601,meitéareolaíochta,,,ta
29602,Anailíse-Sainchomhartha,,,tha
29603,26adh,,,adh
29604,neamh-mhonaplachta,,neamh,ta
29605,ámharach,,,ach
29606,éilitheoir,,,eoir
29607,n-aiseolas,n-,ais,as
29608,Seachtracha,,,acha
29609,Ardrúnaíocht,,,aíocht
29610,Líníocht,,,íocht
29611,t-ógfhear,t-,,ear
29612,Tacaí,,,aí
29613,formhuirearú,,for,ú
29614,Somáile,,,e
29615,foinsíodh,,fo,íodh
29616,athchomharcaigh,,ath,aigh
29617,luamháin,,,in
29618,graim,,,aim
29619,éisteoirí,,,í
29620,Cúigiú,,,iú
29621,dholáimhsithe,,,ithe
29622,Phóilíneacht,,,eacht
29623,pholaiteoir,,,eoir
29624,IIa,,,a
29625,Maoineofar,,,far
29626,hÚsáideach,h,,each
29627,Carachtar,,,tar
29628,idirlín,,idir,ín
29629,hítimí,h,,í
29630,Armchúirte,,,te
29631,mBuanionadaithe,m,,aithe
29632,Fhoras,,,as
29633,Lochlannach,,,ach
29634,treorach,,,ach
29635,Óipiam,,,iam
29636,príomhtháirgí,,príomh,í
29637,shlabhra,,,ra
29638,Ais,,,is
29639,PortAventura,,,ra
29640,aoileach,,,each
29641,híocaíochta,h,,ta
29642,Saobhadh,,,adh
29643,shaotharlann,,,lann
29644,donn,,,nn
29645,Ceathrachad,,,ad
29646,Tuismitheora,,,ra
29647,bhranda,,,da
29648,nduaiseanna,n,,eanna
29649,roinnteoir,,ro,eoir
29650,thuairiscí,,,í
29651,ghátar,,,tar
29652,n-eispéiris,n-,,is
29653,Ceanglas,,,as
29654,bhaineadh,,,eadh
29655,Lúibíní,,,í
29656,n-iniúchfar,n-,in,far
29657,30adh,,,adh
29658,mhothaíonn,,,aíonn
29659,luighfidh,,,fidh
29660,t-aturnae,t-,,e
29661,hoblagáidí,h,,í
29662,feadánacht,,,acht
29663,threoróidh,,,óidh
29664,bhordáil,,,áil
29665,Teicneolaíochta,,,ta
29666,Eisíoca,,,a
29667,príntíseachta,,,ta
29668,macrairgeadais,,macra,ais
29669,scrúdaíonn,,,aíonn
29670,tháirgeadh,,,eadh
29671,athchaipitliú,,ath,iú
29672,fhaighimid,,,imid
29673,treillis,,,is
29674,treasach,,,ach
29675,anuraidh,,an,aidh
29676,mórthreoirlínte,,mór,te
29677,fásaimid,,,aimid
29678,híocaíocht,h,,aíocht
29679,brunette,,,te
29680,Tosú,,,ú
29681,athéisteachta,,ath,ta
29682,eadar-institiúideach,,,each
29683,leictrealú,,leictrea,alú
29684,meileadh,,,eadh
29685,fhormheas,,,eas
29686,neamhsceidealta,,neamh,ta
29687,cuibheacha,,,eacha
29688,Cruthaíodh,,,íodh
29689,déilealfar,,dé,far
29690,Taitneamh,,,amh
29691,chluichí,,,í
29692,Chuntaois,,,is
29693,Tharmligean,,,an
29694,dtalamh,d,,amh
29695,dhóchúil,,,úil
29696,róchrua,,ró,a
29697,d'fhaighteoir,d',,eoir
29698,céimí,,,í
29699,miondíoltóir,,mion,tóir
29700,dhéimeagrafach,,,ach
29701,phríomhchomórtas,,,tas
29702,Gliogáil,,,áil
29703,cumhach,,,ach
29704,tobac-te,t,,te
29705,tíolacas,t,,as
29706,an-tíre,,an,e
29707,Nílim,,,im
29708,Wanda,,,da
29709,eachtraí,,,traí
29710,fhóillíocht,,,íocht
29711,Scagáin,,,in
29712,saolaíodh,,,íodh
29713,phlandáiltear,,,ear
29714,dumpairí,,,í
29715,Bhallstáit,,,áit
29716,frith-ailse,,frith,se
29717,Tuairisceáin,,,in
29718,Éigeandála,,,a
29719,idirmheánaigh,,idir,aigh
29720,Catalónaigh,,,aigh
29721,pléidhfear,,,fear
29722,múnlaíodh,,,íodh
29723,luasteorainneacha,,,eacha
29724,Muineacháin,,,in
29725,AFCProgramme,,,e
29726,fíneálacha,,,acha
29727,cuntasaíocht,,,aíocht
29728,mile,,,e
29729,t-adamh,t-,,amh
29730,comhchónaitheoraí,,comh,aí
29731,Scania,,,ia
29732,mhór-choda,,,da
29733,thaca,,,a
29734,Feachtais,,,ais
29735,grúpchuideachtaí,,grúp,taí
29736,Pomona,,,na
29737,Mhatánach,,,ach
29738,blonde,,,e
29739,phríomhimeachtaí,,,taí
29740,Saolra,,,ra
29741,buntogra,,bun,ra
29742,comhreofar,,comh,far
29743,jolie,,,e
29744,geallghlacadóir,,,adóir
29745,Príomhthorthaí,,,aí
29746,siad,,,ad
29747,cruinneas-luas,,,as
29748,bintiúraigh,,bi,aigh
29749,torann,t,,ann
29750,Bronntar,,,tar
29751,insealbhú,,in,ú
29752,sreafaí,,,aí
29753,aeriúcháin,,aer,in
29754,dheisiúcháin,,,in
29755,mbainteacht,m,bain,eacht
29756,malairte,,,te
29757,comhárachóir,,comh,óir
29758,linéadaigh,,,aigh
29759,hEochagáin,h,,in
29760,Infheidhme,,,e
29761,torainn,t,,inn
29762,fhomhíre,,,e
29763,táirge,t,,e
29764,gheobhfar,,,far
29765,Soilsiú,,,iú
29766,siompóisiam,,,iam
29767,éiceach,,éicea,each
29768,bPáras,b,,as
29769,radharcra,,,ra
29770,éilitheora,,,ra
29771,Fuaimeoirí,,,í
29772,fuaimeann,,,eann
29773,Bheartais,,,ais
29774,Mhalairtí,,,tí
29775,polagánach,,pola,ach
29776,IVa,,,a
29777,tiomsaíodh,t,,íodh
29778,hEilbhéise,h,,se
29779,shiúcra,,,ra
29780,hionchúiseamh,h,ion,amh
29781,fóntais,,,ais
29782,Babhtaí,,,taí
29783,stalla-cheadúnas,,,únas
29784,Vike,,,e
29785,shíolraí,,,aí
29786,Lamháltas,,,tas
29787,clainn,,,inn
29788,sinsearach,,sin,ach
29789,cíbe,,,e
29790,goilliúint,,,úint
29791,Uasdátú,,,ú
29792,tréigtheoir,,tré,eoir
29793,chúigear,,,ear
29794,Cinneann,,,eann
29795,Bhiotáille,,,e
29796,Choimisiúin,,,in
29797,chéile,,,e
29798,stiÃoradh,,,radh
29799,míchuibhiúla,,mí,a
29800,Zeta,,,ta
29801,phearsa,,,sa
29802,rialachais,,,ais
29803,bhfeadán,bh,,adán
29804,Dámhachtana,,,na
29805,có-nasctha,,,tha
29806,d'fhoraoisí,d',,í
29807,Vótáil,,,áil
29808,forbhreathnú,,for,ú
29809,romhainn,,ro,inn
29810,Scoláirí,,,í
29811,gcealla,g,,a
29812,Dierama,,,a
29813,thugaimid,,,aimid
29814,Cinnteoidh,,,idh
29815,GhaelcholáisteChiarraí,,,aí
29816,comóradh,,,radh
29817,gnáthchúirteanna,,gnáth,eanna
29818,Oibleagáidí,,,í
29819,airgeadú,,,ú
29820,geallghlacadóirí,,,í
29821,hAlpa,h,,a
29822,Leasuachtarán,,,án
29823,Gnótha,,,tha
29824,fálta,,,ta
29825,m4a,,,a
29826,Áitúil,,,túil
29827,Ullmhaigh,,,aigh
29828,geimhreadh,,,eadh
29829,chabhsán,,,án
29830,Forfheidhmiú,,,iú
29831,d'aibhneacha,d',,eacha
29832,díbhordála,,dí,a
29833,tras-datha,,tras,tha
29834,Baincéireachta,,,ta
29835,taithneamhachtaí,t,,taí
29836,phléitear,,,ear
29837,gCáilíochtaí,g,,taí
29838,ghearrann,,,ann
29839,mórdhíoltóir,,mór,tóir
29840,fíneáil-in,,,in
29841,seoltóireacht,,,eacht
29842,práinne,,,ne
29843,Dhíolmhú,,,ú
29844,vaigíní,,,í
29845,uachta,,,ta
29846,héagsúlacht,h,éa,acht
29847,comhréirea,,comh,a
29848,7-giotán,,,án
29849,Liopaí,,,aí
29850,bleachtairí,,,í
29851,státsheirbhíseach,,,each
29852,eistréathadh,,,adh
29853,Immortelle,,,e
29854,thuarascáil,,,áil
29855,Paróistí,,,tí
29856,Ceaptha,,,tha
29857,ghathanna,,,anna
29858,mionnscríbhinn,,mion,inn
29859,hÉigeandála,h,,a
29860,t-innealltóir,t-,in,tóir
29861,gáitéirí,,,í
29862,nGníomhaireacht,n,,eacht
29863,urghéilleadh,,ur,eadh
29864,tIonad,t,,ad
29865,toircheasa,t,,sa
29866,gcuntais,g,,ais
29867,soilsiú,,so,iú
29868,taiscéalaí,t,tais,aí
29869,Cead,,,ad
29870,Tirim,,,im
29871,beann,,,eann
29872,mórchosúlacht,,mór,acht
29873,cruithneachta,,,ta
29874,cumasach,,,ach
29875,chnáimhseachais,,,ais
29876,bhailíochtú,,,ú
29877,Riarfaidh,,,faidh
29878,samplú,,,ú
29879,sceithfidh,,,fidh
29880,beathaisnéis,,beath,is
29881,bogadh,,bog,adh
29882,eisiacht,,eisi,acht
29883,Plaisteach,,,each
29884,monaróra,,mona,ra
29885,cheanglófar,,,ófar
29886,suidhte,,,te
29887,aidiúvaigh,,,aigh
29888,Chéim,,,im
29889,seú,,,ú
29890,iarfhostaí,,iar,taí
29891,stocáireamh,,,amh
29892,gCúl-thaca,g,,a
29893,fuaimeanna,,,eanna
29894,rachmasach,,,ach
29895,Leasuítear,,,ítear
29896,Teas,,,eas
29897,gairis,,,is
29898,Karaman,,,an
29899,Neamhchonarthach,,,ach
29900,salú,,,alú
29901,draenáil,,,áil
29902,Lae,,,e
29903,mbainisteoirí,m,bain,í
29904,Fionlainnis,,,is
29905,réigiÃonacha,,ré,acha
29906,dochlóite,,do,te
29907,Bhearna,,,na
29908,Próisis,,,is
29909,tréigean,,tré,an
29910,múiche,,,e
29911,Gráda,,,da
29912,cuntasóirí,,,í
29913,thosach,,,ach
29914,abhartha,,,tha
29915,grásta,,,ta
29916,Cumhacht,,,acht
29917,céad-huaire,,céad,aire
29918,fhorlíontáin,,,in
29919,mbeirteanna,m,,eanna
29920,dó-san,,dó,san
29921,cabhróidh,,,óidh
29922,Púint,,,úint
29923,t-léine,,,ne
29924,claim,,,aim
29925,fhínéáin,,,in
29926,Teileachumarsáide,,,e
29927,héagumasach,h,éa,ach
29928,speiceas,,,eas
29929,Liúntas,,,tas
29930,shuaithinseach,,,each
29931,Claochlú,,,ú
29932,Babe,,,e
29933,Phríomh-Mhúinteoirí,,,í
29934,díograiseacha,,dí,eacha
29935,móréifeachtaí,,mór,taí
29936,beathú,,beath,ú
29937,breithiúntais,,,ais
29938,carrlocanna,,,anna
29939,mórgáiste,,mór,te
29940,príosúnaithe,,,aithe
29941,ath-éisteachta,,ath,ta
29942,ráthaíocht,,,aíocht
29943,luaíochta,,,ta
29944,ciontóra,,,ra
29945,Innéacsanna,,,anna
29946,poiblíocht,,,íocht
29947,chaibinéad,,,éad
29948,Chorcaigh,,,aigh
29949,Deisiúchán,,,án
29950,Dáileoige,,,e
29951,shócmhainn,,,inn
29952,n-athshuiteáil,n-,ath,áil
29953,brandaí,,,aí
29954,Fortescue,,,e
29955,insoláthartha,,in,tha
29956,volente,,,te
29957,Cóipeáil,,,áil
29958,ndomhan,n,do,an
29959,tSean,t,,an
29960,chréachta,,,ta
29961,gcóras,g,,as
29962,Olltoilleadh,,,eadh
29963,choimisinéir,,,éir
29964,thaisbeánfaidh,,,faidh
29965,hiontach,h,ion,ach
29966,Cobhsaíocht,,,aíocht
29967,Pheitriliam,,,iam
29968,coinníonn,,,íonn
29969,scoilteoir,,,eoir
29970,an-dóchúlacht,,an,acht
29971,Bailíonn,,,íonn
29972,fíor-ábhartha,,fíor,tha
29973,Strapaí,,,aí
29974,tseiceáil,t,,áil
29975,n-impireacht,n-,im,eacht
29976,Geallúint,,,úint
29977,Tuile,,,e
29978,CMTanna,,,anna
29979,iarbhunscoile,,iar,e
29980,hathrú,h,ath,ú
29981,dhreidireacht,,,eacht
29982,gcóireáil,g,,áil
29983,dhá-thoiseach,,,each
29984,bhfaghfar,bh,,far
29985,duairceas,,,eas
29986,Cistí,,,tí
29987,thaistealann,,,lann
29988,robálaithe,,ro,aithe
29989,gCeannáras,g,,as
29990,ghearánaigh,,,aigh
29991,generálta,,,ta
29992,bhfuighfear,bh,,fear
29993,Sceirí,,,í
29994,n-eascraíonn,n-,eas,aíonn
29995,fondúireachtaí,,fo,taí
29996,chéadluaite,,,te
29997,tapáil,t,,áil
29998,héilliú,h,,iú
29999,meitileach,,meiti,each
30000,mála,,,a
30001,imchóiriú,,im,iú
30002,Tecneolaíochta,,,ta
30003,bardasach,,bar,ach
30004,measarthataiseachas,,,achas
30005,chuairte,,,te
30006,fhágálaithe,,,aithe
30007,chíosa,,,sa
30008,analógach,,ana,ach
30009,aimsire,,,ire
30010,Ionadaíochta,,,ta
30011,sheachadtar,,,tar
30012,gcuirfar,g,,far
30013,Nuachtáin,,,in
30014,phellandrene,,,ne
30015,thubaistí,,,tí
30016,shonraíocht,,,aíocht
30017,ríomhthráchtóirí,,ríomh,í
30018,Chobhsaíochta,,,ta
30019,monapóid,,mona,óid
30020,seatnaí,,,aí
30021,ídíonn,,,íonn
30022,lonnaithe,,,aithe
30023,Ionchúiseamh,,,amh
30024,Tiomsaíonn,,,aíonn
30025,Priontáil,,,áil
30026,síneofar,,,far
30027,Ornáideacha,,,eacha
30028,lán,,,án
30029,ghlacaim,,,aim
30030,thoircheas,,,eas
30031,115ú,,,ú
30032,bancánacht,,ban,acht
30033,Tagann,,,ann
30034,chótaí,,,taí
30035,comhla,,comh,a
30036,tuairisceoidh,t,,idh
30037,Priontáilte,,,te
30038,ngarspriocanna,n,gar,anna
30039,Cléireach,,,each
30040,seadacha,,,acha
30041,réitíodh,,ré,íodh
30042,Danmhairgis,,,is
30043,Groighealach,,,ach
30044,ngortaíonn,n,,aíonn
30045,bhunriachtanach,,,ach
30046,dtabharfa,d,,a
30047,Táscairí,,,í
30048,neamhláithrithe,,neamh,ithe
30049,phléisiúr,,,úr
30050,thriomacht,,,acht
30051,In-instealladh,,,adh
30052,cheanacht,,,acht
30053,dóiteáin,,dó,in
30054,scairúinéireachta,,,ta
30055,Gaothán,,,án
30056,ndaonáireamh,n,daon,amh
30057,chomhallfaidh,,,faidh
30058,shuiteálaithe,,,aithe
30059,bóillí,,,í
30060,gníomhachtaithe,,,aithe
30061,Lóiseanna,,,eanna
30062,gcomharbaí,g,comh,aí
30063,feabhsuíodh,,,íodh
30064,aistreoir,,ais,eoir
30065,fóirdheontais,,,ais
30066,d'easportáil,d',eas,áil
30067,Trasteorann,,,ann
30068,Cuideoidh,,,idh
30069,Tástálaí,,,aí
30070,dtrialacha,d,,acha
30071,scannánaíochta,,,ta
30072,tosnuíodh,t,,íodh
30073,Osaka,,,a
30074,folúis,,fo,is
30075,doiléireacht,,do,eacht
30076,aibí,,,í
30077,troideann,,,eann
30078,innealtóireacht,,in,eacht
30079,mharga,,,ga
30080,Cathghrúpa,,,a
30081,stiúrtha,,,tha
30082,gheabhróg,,,óg
30083,cúinsí,,,í
30084,rothaíocht,,ro,aíocht
30085,chomhtharlú,,,ú
30086,príomháit,,príomh,áit
30087,sí,,,í
30088,mónóg,,,óg
30089,Sparán,,,án
30090,ceachtanna,,,anna
30091,t-éagach,t-,éa,ach
30092,gcinntítear,g,cinn,ítear
30093,atairí,,ata,í
30094,Dhán,,,án
30095,tíre,t,,e
30096,n-eispéireas,n-,,eas
30097,chomhoiriúnacht,,,acht
30098,pharlaiminteacha,,,eacha
30099,n-ullmhaithe,n-,,aithe
30100,Zó-eolaíochta,,,ta
30101,chontrapháirte,,,te
30102,glúine-domhain,,,in
30103,bhroinn,,,inn
30104,chruinnithe,,,ithe
30105,Seiceála,,,a
30106,logainmníocht,,,íocht
30107,bunriachtanaí,,bun,aí
30108,comaoin,,,in
30109,thoscaireachtaí,,,taí
30110,fhranncach,,,ach
30111,Ard-urscaoilte,,,te
30112,comhthreomhar,,comh,mhar
30113,dtáirgeann,d,,eann
30114,mhiondíola,,,a
30115,phléascadh,,,adh
30116,Leasathach,,,ach
30117,athshocrú,,ath,ú
30118,stocmhalartán,,,án
30119,Aisiompaithe,,,aithe
30120,hiasachtaí,h,,taí
30121,phobal-bhunaithe,,,aithe
30122,Shonrach,,,ach
30123,Suede,,,e
30124,athlánú,,ath,ú
30125,dtosófaí,d,,ófaí
30126,Portán,,,án
30127,comhlárnacha,,comh,acha
30128,mharaigh,,,aigh
30129,fhéidearthacht,,,acht
30130,n-atharú,n-,ath,ú
30131,Earraigh,,,aigh
30132,sparáin,,,in
30133,réamhroghnú,,réamh,ú
30134,sruth-lín,,,ín
30135,aicéatáit,,,áit
30136,luamhán,,,án
30137,liteartha,,,tha
30138,nAchtanna,,,anna
30139,Deimhniú,,,iú
30140,tArd-Choimisinéir,t,,éir
30141,colláisí,,,í
30142,céibh,,,ibh
30143,bochta,,,ta
30144,imlíne,,im,ne
30145,Aigéin,,,éin
30146,tástáil,t,,áil
30147,Poiblíocht,,,íocht
30148,ríomhairithe,,ríomh,ithe
30149,mhaolaíonn,,,aíonn
30150,árasáin,,,in
30151,Tiománaí,,,aí
30152,n-ionstraimí,n-,ion,í
30153,scoile-uile,,,e
30154,fho-chuideachtain,,,in
30155,mionnóidh,,mion,óidh
30156,cheimiceoir,,,eoir
30157,forcoimeádadh,,for,adh
30158,sea,,,a
30159,dTábla,d,,a
30160,dtionscnóidh,d,,óidh
30161,brícíní,,brí,í
30162,mhúinteoireachta,,,ta
30163,tSaíocht,t,,aíocht
30164,uilleach,,,each
30165,Barrachas,,,achas
30166,céadluaitear,,céad,ear
30167,champas,,,as
30168,miondíola,,mion,a
30169,Aibeán,,,eán
30170,aontós,,aon,ós
30171,Dhiaga,,,ga
30172,beachtaíodh,,,íodh
30173,n-oibríú,n-,,ú
30174,Truaillí,,,í
30175,Foillsiú,,,iú
30176,d'iomlán,d',,án
30177,tsiamsaíocht,t,,aíocht
30178,rópaí,,ró,aí
30179,bhfaighidh,bh,,idh
30180,thapa,,,a
30181,Screamhfhuinneog,,,eog
30182,bogearraí,,bog,aí
30183,Déardaoin,,,in
30184,Cóir-Thrádála,,,a
30185,Grianghrafadóir,,,adóir
30186,thrasloingsiú,,,iú
30187,phríomhoifigí,,,igí
30188,charbán,,,án
30189,príomhlíonra,,príomh,ra
30190,comparáideach,,,each
30191,práinnfhreagartha,,,tha
30192,thairbhigh,,,igh
30193,togha,t,,a
30194,comhréireacht,,comh,eacht
30195,fuinneamh,,,amh
30196,Bealtaine-Meitheamh,,,amh
30197,Chónaithe,,,aithe
30198,shuitear,,,ear
30199,Ilfheidhmeach,,,each
30200,Ollscoileanna,,,eanna
30201,Fhírinne,,,ne
30202,Dlífidh,,,fidh
30203,cúrsaíocht,,,aíocht
30204,Mhairnéalach,,,ach
30205,foraithne,,for,ne
30206,dhineann,,,eann
30207,neamhinniúil,,neamh,úil
30208,nDaoine,n,,ne
30209,múchtar,,,tar
30210,ísealGan,,,an
30211,Dleachta,,,ta
30212,stóranna,,,anna
30213,chose,,,se
30214,dícharbónú,,dí,ú
30215,eisiúna,,eisi,na
30216,Teorann,,,ann
30217,onnmhairithe,,,ithe
30218,gcomhachta,g,comh,ta
30219,muirearuíodh,,,íodh
30220,cáilithí,,,í
30221,achtuítear,,,ítear
30222,Aicmí,,,í
30223,seirbheáladh,,,adh
30224,cheadóidh,,,óidh
30225,stéaróidigh,,,igh
30226,Smaoinigh,,,igh
30227,lóis,,,óis
30228,ghrúpaí,,,aí
30229,Armchúirteanna,,,eanna
30230,postas,,,tas
30231,chreiche,,,e
30232,Anailíseoir,,,eoir
30233,tsuiteáil,t,,áil
30234,Finscéalta,,,ta
30235,n-éiríodh,n-,,íodh
30236,fhiúntas,,,tas
30237,lomháladh,,,adh
30238,teagmhála,t,,a
30239,urlabhra,,ur,ra
30240,ghiosáil,,,áil
30241,beze,,,e
30242,neifritis,,neifri,is
30243,chéadluaidhte,,,te
30244,Feasach,,,ach
30245,feiceáil,,,áil
30246,2012'de,,,e
30247,Eagraíodh,,,íodh
30248,Gaoithe,,,ithe
30249,dílseacht,,dí,eacht
30250,éagothroime,,éa,e
30251,rioscaí,,,aí
30252,Staideanna,,,eanna
30253,iascaire,,,aire
30254,pioraí,,,aí
30255,Bhunú,,,ú
30256,neamhbheacht,,neamh,eacht
30257,séiplínigh,,,igh
30258,chreidmheasa,,,sa
30259,Cartáin,,,in
30260,Faomhaithe,,,aithe
30261,shóisialach,,,ach
30262,faidíodh,,,íodh
30263,Leasachán,,,achán
30264,comhchólachas,,comh,achas
30265,taispeánfaidh,t,tais,faidh
30266,féaraigh,,,aigh
30267,Uinéireacht,,,eacht
30268,n-íoctí,n-,,tí
30269,Sheirbhísí,,,í
30270,bhfad-pléadh,bh,fad,adh
30271,glanadh,,,adh
30272,amaimseartha,,am,tha
30273,Tapaigh,,,aigh
30274,d'fhionnraighe,d',,e
30275,luibheolaíocht,,,aíocht
30276,deontar,,,tar
30277,gCuntasóirí,g,,í
30278,mbannastóras,m,ban,as
30279,Éilítear,,,ítear
30280,easportála,,eas,a
30281,foirgniú,,fo,iú
30282,haerloingseoireacht,h,aer,eacht
30283,bancaerachta,,ban,ta
30284,príomhfhoinse,,príomh,se
30285,uchtáladh,,,adh
30286,Boinn,,,inn
30287,cmcomhoiriúnacht,,,acht
30288,véarsa,,,sa
30289,achomaireachtaí,,,taí
30290,ngníomhacht,n,,acht
30291,mhín-tíriú,,,iú
30292,thalmhaíochta,,,ta
30293,amhrasta,,am,ta
30294,ghlan,,,an
30295,fótachóipeálaithe,,fóta,aithe
30296,mbunstáisiúin,m,bun,in
30297,toghlaigh,t,,aigh
30298,stiúdú,,,ú
30299,tsuaitheantas,t,,tas
30300,Siarra,,,ra
30301,Ráthaíonn,,,aíonn
30302,Eiseofar,,,far
30303,nea-meabhracha,,,acha
30304,Forfheidhmithe,,,ithe
30305,Corparáideach,,,each
30306,Shmutánach,,,ach
30307,biotáille,,bio,e
30308,Dialogue,,,e
30309,fhorceannta,,,ta
30310,Puinseáibis,,,is
30311,data,,,ta
30312,cumfar,,,far
30313,iarmhartacha,,iar,acha
30314,Íoslódála,,,a
30315,ligin,,,gin
30316,iomarca,,,a
30317,féna,,,na
30318,muinisin,,,in
30319,toilleoir,t,,eoir
30320,déphléacsacha,,dé,acha
30321,d'eisiafadh,d',eisi,fadh
30322,iomarcacha,,,acha
30323,préamhaithe,,,aithe
30324,fhiúntach,,,ach
30325,macaibh,,,aibh
30326,thiomáintear,,,ear
30327,clúmhillteach,,,each
30328,Cróitis,,,is
30329,ajoene,,,ne
30330,cuimsí,,,í
30331,crócaí,,,aí
30332,bórach,,,ach
30333,chleachtadh,,,adh
30334,eisitheora,,eisi,ra
30335,Maolíosa,,,sa
30336,Fíbín,,,ín
30337,XenData,,,ta
30338,Scéalta,,,ta
30339,Cibearshlándála,,,a
30340,Snáthoptaice,,,e
30341,dramhtháirgí,,,í
30342,Sannachán,,,achán
30343,lánfhorbartha,,,tha
30344,dronuilleoga,,,ga
30345,Meirgire,,,ire
30346,déanfidh,,dé,fidh
30347,bailíochtaithe,,,aithe
30348,mbíodh,m,,íodh
30349,imza,,im,a
30350,fhoirceannadh,,,adh
30351,d'aicme,d',,e
30352,lava,,,a
30353,oibritheoir,,,eoir
30354,Siní,,,í
30355,Móir,,,óir
30356,coir-phróiseacht,,,eacht
30357,forfheidhmithe,,for,ithe
30358,fráma,,,a
30359,coinbhleachta,,,ta
30360,Thaisce,,,e
30361,chláraíonn,,,aíonn
30362,anailísiú,,ana,iú
30363,uilíocha,,,a
30364,flaithis,,,is
30365,difreach,,,each
30366,d'ardcháilíocht,d',ard,íocht
30367,n-iarrann,n-,iar,ann
30368,seirbheálfaidh,,,faidh
30369,neamhráite,,neamh,te
30370,contrárthacha,,,acha
30371,inchoinneála,,in,a
30372,Ceárd-Oideachais,,,ais
30373,ngnóchain,n,,in
30374,Duilleoga,,,ga
30375,Juan,,,an
30376,aithle,,aith,e
30377,chaillcanais,,,ais
30378,comhréidh,,comh,idh
30379,bhreithiúnas,,,únas
30380,ghnótha,,,tha
30381,boghtach,,bog,ach
30382,rogha,,ro,a
30383,dÃ3iteáin,,,in
30384,allmhairí,,,í
30385,Císte,,,te
30386,ghnáthlae,,,e
30387,Imlíníonn,,,íonn
30388,phunann,,,ann
30389,pianmhar,,,mhar
30390,féiniúlachtaí,,féin,taí
30391,gearrscéalta,,gearr,ta
30392,chraoltóir,,,tóir
30393,bhuailtí,,,tí
30394,Pá-Choibhneasa,,,sa
30395,Crome-plátáilte,,,te
30396,gcinntear,g,cinn,ear
30397,Shealbhóirí,,,í
30398,míchúramach,,mí,ach
30399,chéannacht,,,acht
30400,breithiúntas,,,tas
30401,atharacháin,,ath,in
30402,cómharcanna,,,anna
30403,naimhdigh,,,igh
30404,thráchtóir,,,tóir
30405,Trojan,,,an
30406,giúróir,,,óir
30407,chaidreamh,,,amh
30408,ardtaifigh,,ard,igh
30409,forghéilltí,,for,tí
30410,shonraíochtaí,,,taí
30411,máinlianna,,,anna
30412,Rialacha,,,acha
30413,n-íocann,n-,,ann
30414,nua-cháilithe,,nua,ithe
30415,Uirbeacha,,,eacha
30416,Dhóiteán,,,eán
30417,airgeadaíochta,,,ta
30418,giarbhosca,,,a
30419,Kashtanka,,,a
30420,athfhoirmniú,,ath,iú
30421,infheistíochta,,in,ta
30422,mainnítear,,,ítear
30423,hidirbheartaíocht,h,idir,aíocht
30424,insamhlóir,,in,óir
30425,eisceann,,,eann
30426,gáifí,,,fí
30427,chomhacht,,,acht
30428,cánaithe,,,aithe
30429,bhfágfaidh,bh,,faidh
30430,nuálaíochtaí,,,taí
30431,imreas,,im,eas
30432,brostaithe,,,aithe
30433,bhrionnaíonn,,,aíonn
30434,udroleictreacha,,,eacha
30435,bhfolódh,bh,fo,ódh
30436,bailigh,,,igh
30437,Troim,,,im
30438,aireach,,,each
30439,hinnealtóireachta,h,in,ta
30440,meicnitheiripeacha,,,eacha
30441,mhaisíocht,,,íocht
30442,scoláire,,,ire
30443,neartmhar,,,mhar
30444,milleán,,,eán
30445,Fíorúil,,,úil
30446,Pinsean,,,sean
30447,comhairlí,,comh,í
30448,cuirfe,,,e
30449,lascainiú,,las,iú
30450,ceartaiseacht,,,eacht
30451,caipitiúla,,,a
30452,idirghníomhnú,,idir,ú
30453,barrfheidhmíochta,,barr,ta
30454,fhásach,,,ach
30455,Foilseacháin,,,in
30456,gceannódh,g,ceann,ódh
30457,Trapezia,,,ia
30458,tuairisceáin,t,,in
30459,d'úinéirí,d',,í
30460,t-uaisle,t-,,e
30461,tseolta,t,,ta
30462,cúlchiste,,cúl,te
30463,aeraithe,,aerai,aithe
30464,áitheanna,,,eanna
30465,mharú,,,ú
30466,hionadaíochta,h,ion,ta
30467,mheasúnófar,,,ófar
30468,phreasráiteas,,,eas
30469,maisitheoir,,,eoir
30470,Páipéarachais,,,ais
30471,ngránaigh,n,,aigh
30472,lánchomhréir,,,éir
30473,abhann,,,ann
30474,striapachais,,,ais
30475,bhforbraímid,bh,for,aímid
30476,bhíonn,,,íonn
30477,Trí,,,í
30478,Anóidí,,,í
30479,in-urscaoilte,,in,te
30480,Ceanadach,,,ach
30481,bhforceanntar,bh,for,tar
30482,Tairisceana,,,na
30483,chumhraithe,,,aithe
30484,sparán,,,án
30485,tsocraíocht,t,,aíocht
30486,threorú,,,ú
30487,uathoibritheach,,uath,each
30488,Tre,,,e
30489,ngnólacht,n,,acht
30490,gcoinníollacha,g,,acha
30491,fhostóirí,,,í
30492,Leis,,,is
30493,neamhinbhásach,,neamh,ach
30494,áiríonn,,,íonn
30495,Neamhthoilteanach,,,ach
30496,nua-bhunaithe,,nua,aithe
30497,ndaoine,n,,ne
30498,amh-mhianraí,,am,aí
30499,n-úinéirí,n-,,í
30500,cuntar,,,tar
30501,pheircis,,,is
30502,ordóidh,,,óidh
30503,cainníochtúil,,,túil
30504,mBunreacht,m,,eacht
30505,chomhshocraíochtaí,,,taí
30506,Lizzie,,,e
30507,urlabhraithe,,ur,aithe
30508,banéigean,,ban,an
30509,fionnachtain,,,in
30510,Cruinn,,,inn
30511,lár-fhear,,lár,ear
30512,chluasa,,,sa
30513,céimlaghdaitheach,,,each
30514,fhillteán,,,eán
30515,poileitiléin,,,éin
30516,shníos,,,íos
30517,leachtaithe,,,aithe
30518,n-damáiste,n-,,te
30519,Comhchoistí,,,tí
30520,Scrúdaíonn,,,aíonn
30521,díscríobhadh,,dí,adh
30522,bhunú,,,ú
30523,Díoltóirí,,,í
30524,seachtainiúil,,seacht,úil
30525,caolchúiseach,,,each
30526,struchtúraithe,,,aithe
30527,Agrolin,,,in
30528,ionchódaithe,,ion,aithe
30529,Suimiú,,,iú
30530,bunreachtúla,,bun,a
30531,Tairgsintí,,,tí
30532,tsriain,t,,in
30533,duaischistí,,,tí
30534,hAicmí,h,,í
30535,nglaonna,n,,na
30536,agusCoinnigh,,,igh
30537,shlogtha,,,tha
30538,guerráin,,,in
30539,3Iadh,,,adh
30540,Samhlaíodh,,,íodh
30541,hionsamhlúcháin,h,ion,in
30542,thionscnóidh,,,óidh
30543,bhuaigh,,,aigh
30544,Eifisigh,,,igh
30545,Fraince,,,e
30546,caoraí,,,aí
30547,chomhaltaí,,,taí
30548,Ualaithe,,,aithe
30549,tOibritheoir,t,,eoir
30550,ndílsiú,n,dí,iú
30551,Rangaítear,,,ítear
30552,feadán,,,adán
30553,líomhna,,,na
30554,ceantar,,,tar
30555,Comharsanachta,,,ta
30556,Coiníollacha,,,acha
30557,foraoiseacha,,for,eacha
30558,ndréachtbhuiséad,n,,éad
30559,thabharfar,,,far
30560,tabharfa,t,,a
30561,caighdeánacha,,,acha
30562,le,,,e
30563,chomhroinnte,,,te
30564,mheitibilítí,,,ítí
30565,Slí,,,í
30566,Éiríonn,,,íonn
30567,teicneolaíochta,t,,ta
30568,dídeana,,dí,na
30569,ghuaiseach,,,each
30570,pharlaimintigh,,,tigh
30571,bpríomhréimsí,b,príomh,í
30572,Chaillteanais,,,ais
30573,aleithead,,,ad
30574,Scóir,,,óir
30575,chomhdhúile,,,e
30576,thacaítear,,,ítear
30577,foirgníochta,,fo,ta
30578,comhlán,,comh,án
30579,Metronidazole,,,e
30580,scaifeanna,,,eanna
30581,larionad,,,ad
30582,Sceitseáil,,,áil
30583,Gerben-Jan,,,an
30584,cumais,,,ais
30585,sháraíonn,,,aíonn
30586,dteaghaisí,d,,í
30587,suaitheadh,,,eadh
30588,chréacht,,,acht
30589,Caitheann,,,eann
30590,Lionra,,,ra
30591,canálacha,,,acha
30592,cúirtéiseach,,,each
30593,leantach,,,ach
30594,Coiscthear,,,ear
30595,talmhaí,t,,aí
30596,gceasaíneonna,g,,na
30597,dhréannadh,,,adh
30598,rugadh,,,adh
30599,ortaptach,,orta,ach
30600,deach,,dea,each
30601,dtábla,d,,a
30602,caidmiam,,,iam
30603,Oideachas,,,achas
30604,thuairisceáin,,,in
30605,iostaí,,,taí
30606,aon-uaire,,aon,aire
30607,sharú,,,ú
30608,Phleanáil,,,áil
30609,Seinn,,,inn
30610,nua-trealamh,,nua,amh
30611,Fheadhmannas,,,as
30612,bibí,,bi,í
30613,Ollscoile,,,e
30614,rialacha,,,acha
30615,bpléifidh,b,,fidh
30616,aoischoibhneasta,,,ta
30617,cúlú,,cúl,ú
30618,cheiliúra,,,ra
30619,12ú,,,ú
30620,Chomhéadain,,,in
30621,Áfach,,,ach
30622,phósta,,,ta
30623,Luibheolaíochta,,,ta
30624,Éireann,,,eann
30625,toscaireachtaí,t,,taí
30626,Cille,,,e
30627,n-íoctar,n-,,tar
30628,droimeitigh,,,tigh
30629,dhíolfas,,,fas
30630,ndleacht,n,,eacht
30631,Chruthaigh,,,aigh
30632,Dhámhachtanna,,,anna
30633,mharcáil,,,áil
30634,Iolraigh,,,aigh
30635,breisluach,,,ach
30636,réaltachtaí,,réalt,taí
30637,Dámhachtain,,,in
30638,díchumasaithe,,dí,aithe
30639,Teicneolaithe,,,aithe
30640,modúlóir,,,óir
30641,feasach,,,ach
30642,sainiúlacht,,sain,acht
30643,áirse,,,se
30644,rialú,,,alú
30645,Ghréasán,,,án
30646,tSlándáil,t,,áil
30647,trádálatrádála,,,a
30648,iarratasóra,,iar,ra
30649,roinneacháin,,ro,in
30650,d'iniúcha,d',in,a
30651,bpríomhshuim,b,príomh,im
30652,aonluach,,aon,ach
30653,aiféalaim,,,aim
30654,stopán,,,án
30655,saoránachta,,,ta
30656,rátáil,,,áil
30657,Carghas,,,as
30658,Frithdhópála,,,a
30659,bhfianaítear,bh,fia,ítear
30660,d'ísliú,d',,iú
30661,Seirbheálfar,,,far
30662,ullmhóid,,,óid
30663,cuach,,,ach
30664,Ainneonacha,,,acha
30665,Cionta,,,ta
30666,breathnaíodh,,,íodh
30667,mainneachtain,,,in
30668,infhorfheidhmithe,,in,ithe
30669,dothuaslagtha,,do,tha
30670,faa,,,a
30671,soláthróir,,so,óir
30672,mhoirfeolaíocht,,,aíocht
30673,KIKe,,,e
30674,eisiataigh,,eisi,aigh
30675,Imscrúdaithe,,,aithe
30676,oilithrighigh,,,igh
30677,Chluas,,,as
30678,Grafach,,,ach
30679,chomhchuí,,,í
30680,uainiú,,,iú
30681,blaisteáin,,,in
30682,Leasófar,,,ófar
30683,brabhsáil,,,áil
30684,sionnach,,,ach
30685,dteannta,d,,ta
30686,chathaoirleach,,,each
30687,mbeartánFad,m,,ad
30688,bábóg,,,óg
30689,foilsiú,,fo,iú
30690,chonacthas,,,as
30691,gnéasacha,,,acha
30692,Tholláin,,,in
30693,n-chuimhne,,,ne
30694,Líneach,,,each
30695,thosnóidh,,,óidh
30696,Olltoghcháin,,,in
30697,indibhidiúlaa,,in,a
30698,ginearálaithe,,,aithe
30699,tuileachais,t,,ais
30700,Ríomhairithe,,,ithe
30701,in-íoslódáilte,,in,te
30702,dáileadh,,dá,eadh
30703,custaiméirí,,,í
30704,Trasnálacha,,,acha
30705,n-aistrithe,n-,ais,ithe
30706,criptithe,,cripti,ithe
30707,Viscaria,,,ia
30708,kgale,,,e
30709,Substitiúidí,,,í
30710,stórálfar,,,far
30711,feasta,,,ta
30712,vanilla,,,a
30713,seisean,,,sean
30714,áirithigh,,,igh
30715,forimeallaí,,for,aí
30716,bhfliuchacht,bh,,acht
30717,banaltrú,,ban,ú
30718,Lusca,,,a
30719,iriseora,,,ra
30720,Déileálann,,,lann
30721,Samosa,,,sa
30722,Mhálanna,,,anna
30723,hamhras,h,am,as
30724,Bhealarúis,,,is
30725,n-úinéir,n-,,éir
30726,Brabhsálaí,,,aí
30727,fágaim,,,aim
30728,indíolta,,in,ta
30729,sruthúcháin,,,in
30730,nea-chorpardha,,,a
30731,cinntithe,,cinn,ithe
30732,Riqqa,,,a
30733,sceidealaithe,,,aithe
30734,Airgeadasaithe,,,aithe
30735,tháille,,,e
30736,Dhamhsa,,,sa
30737,hOifige,h,,e
30738,scarbhileoige,,,e
30739,Ceardchumann,,,ann
30740,Dundee,,,e
30741,Achtacháin,,,in
30742,triailfear,,,fear
30743,Buanú,,,ú
30744,Donata,,,ta
30745,Stiúideo-selfie,,,e
30746,Uillinn,,,inn
30747,Rollú,,,ú
30748,glantach,,,ach
30749,hEaghra,h,,ra
30750,Cheannaire,,,aire
30751,maigh,,,aigh
30752,Chonrach,,,ach
30753,Eagrais,,,ais
30754,hathbheochan,h,ath,chan
30755,bhéaloideas,,,eas
30756,díochurtha,,dí,tha
30757,ngealach,n,,ach
30758,oincheapa,,,a
30759,neoinfheadáin,,neo,in
30760,chífear,,,fear
30761,préimheanna,,,eanna
30762,shráideanna,,,eanna
30763,Breatnais-Kona,,,na
30764,nuaí,,nua,aí
30765,phíosa,,,sa
30766,sínte,,,te
30767,gaiste,,,te
30768,seadánach,,,ach
30769,dréacht-treoirlínte,,,te
30770,déantúsóra,,dé,ra
30771,riain,,,in
30772,kWe,,,e
30773,léasaithe,,,aithe
30774,sintéisigh,,sin,igh
30775,Aoisghrúpa,,,a
30776,ngairmithe,n,,ithe
30777,dleathaighe,,,e
30778,d'fhéadfaí,d',,aí
30779,borrdhabhcha,,,a
30780,gcnap-shuim,g,,im
30781,leisce,,,e
30782,phriontáilte,,,te
30783,chreidiúnú,,,ú
30784,cion-roinneacháin,,,in
30785,bhasta,,,ta
30786,comhlíonann,,comh,ann
30787,sativa,,,a
30788,réamh-airgeadaithe,,réamh,aithe
30789,haitheanta,h,aith,ta
30790,tríonóide,,trí,e
30791,marguithe,,,ithe
30792,dhifriúla,,,a
30793,Theicniúil,,,úil
30794,cúltacaire,,cúl,aire
30795,thomhaltóirí,,,í
30796,deonaíonn,,,aíonn
30797,Cinsireachta,,,ta
30798,mhothúcháin,,,in
30799,leBhí,,,í
30800,tighe,t,,e
30801,mórroinn,,mór,inn
30802,Cánachas,,,achas
30803,claochlú,,,ú
30804,hEacnamaíochta,h,,ta
30805,seirbhÁse,,,se
30806,ailíniú,,,iú
30807,Contaetha,,,tha
30808,focheannaitheoir,,fo,eoir
30809,Uasghrádú,,,ú
30810,ardbhainistíochta,,ard,ta
30811,Foilsitheoir,,,eoir
30812,n-íocfaí,n-,,aí
30813,mheán-tuilleamh,,,amh
30814,huathrialach,h,uath,ach
30815,chumainn,,,inn
30816,Neamh-Mharfacha,,,acha
30817,gcontae,g,,e
30818,neamh-réamhphacáilte,,neamh,te
30819,costála,,,a
30820,Kibbe,,,e
30821,mórscála,,mór,a
30822,dáiliúcháin,,dá,in
30823,roghnódh,,ro,ódh
30824,có-líonfidh,,,fidh
30825,dtacaíocht,d,,aíocht
30826,iar-chéile,,iar,e
30827,Tuairiscíodh,,,íodh
30828,phineas,,,eas
30829,scaipfidh,,,fidh
30830,LirDe,,,e
30831,gcomhaontoidh,g,comh,idh
30832,múnlaí,,,aí
30833,féin-mheas,,féin,eas
30834,Speisialtóireacht,,,eacht
30835,cnaipe,,,e
30836,t-áititheoir,t-,,eoir
30837,Caomhantanais,,,ais
30838,cáiteacha,,,eacha
30839,Busanna,,,anna
30840,chuí,,,í
30841,Liobáine,,,ne
30842,Bhrabúis,,,is
30843,Eagfaidh,,,faidh
30844,Nua-dhátheangach,,,ach
30845,héadaí,h,éa,aí
30846,Tuisceana,,,na
30847,Cuimhnighan,,,an
30848,Briseann,,,eann
30849,Giúdach,,,ach
30850,fiontraíochta,,,ta
30851,Brunette,,,te
30852,glacadóra,,,ra
30853,caochadh,,,adh
30854,Eagraí,,,aí
30855,shonrós,,,ós
30856,ant-oifigeach,,an,each
30857,athghairmthe,,ath,the
30858,aicrileach,,,each
30859,criostalach,,,ach
30860,Lurgan,,,an
30861,cineálacha,,,acha
30862,bóithre,,,e
30863,Melanie,,,e
30864,Óstálfaidh,,,faidh
30865,baictéareolaíochta,,,ta
30866,rí-chíosa,,,sa
30867,Diúltú,,,ú
30868,iarrachta,,iar,ta
30869,d'fheidhmeanna,d',,eanna
30870,Phaoraigh,,,aigh
30871,Athlíonann,,,ann
30872,Logála,,,a
30873,seandálaithe,,sean,aithe
30874,Téarmaíochta,,,ta
30875,fhorghabháil,,,áil
30876,mhorgáistiú,,,iú
30877,Bhunreacht,,,eacht
30878,greamaigh,,,aigh
30879,uathoibreacha,,uath,eacha
30880,tosnuithe,t,,ithe
30881,d'beanna,,,eanna
30882,móilíneach,,,each
30883,consalachtaí,,,taí
30884,fhásaí,,,aí
30885,cuairteoirí,,,í
30886,póilíní,,,í
30887,ndianscaoileadh,n,dia,eadh
30888,Neamhrialtachtaí,,,taí
30889,Cheann,,,eann
30890,ghobáin,,,in
30891,bhreacachán,,,achán
30892,ainmní,,ain,í
30893,Samhlaigh,,,aigh
30894,porphyrias,,,as
30895,gnáthinfheisteoirí,,gnáth,í
30896,fáil,,,áil
30897,chlinicí,,,í
30898,caitianmhalartóirí,,,í
30899,phriontála,,,a
30900,Alibaba,,,a
30901,Meastachán,,,achán
30902,Mharasclaigh,,,aigh
30903,ceangla,,,a
30904,labhairtfimid,,,fimid
30905,dtimthriallta,d,,ta
30906,barda-uaire,,bar,aire
30907,thaisciú,,,iú
30908,zeshgenika,,,a
30909,droichead,,,ad
30910,féinfhostaithe,,féin,aithe
30911,ualgais,,,ais
30912,deisiúchán,,,án
30913,ndiúltóidh,n,,óidh
30914,solas-meáchain,,so,in
30915,n-ard-rátaí,n-,ard,taí
30916,Thionóntachtaí,,,taí
30917,gcáilíonn,g,,íonn
30918,chaptaein,,,in
30919,chomhdaigh,,,aigh
30920,ornáideacha,,,eacha
30921,hearraí,h,,aí
30922,dhéagóirí,,,í
30923,calctha,,,tha
30924,gcailltear,g,,ear
30925,dhrámaíochta,,,ta
30926,forlíontáin,,for,in
30927,bóthar-thráchta,,,ta
30928,Mind-Body-Cothú,,,ú
30929,daonáireamh,,daon,amh
30930,ríomhchláraitheoir,,ríomh,eoir
30931,infhálta,,in,ta
30932,clúdaigh,,,aigh
30933,duille,,,e
30934,nochtfaidh,,,faidh
30935,cléirigh,,,igh
30936,ngach,n,,ach
30937,paisean,,,sean
30938,An-tábhachtach,,,ach
30939,Tiomántáin,,,in
30940,dhaonlathas,,,lathas
30941,Bridenstine,,,ne
30942,imní,,im,í
30943,taosráin,t,,in
30944,d'Éireannaigh,d',,aigh
30945,gnáth-chonartha,,gnáth,tha
30946,Cháilíocht,,,íocht
30947,deá-mhéine,,deá,ne
30948,crochairí,,,í
30949,gnáthlínte,,gnáth,te
30950,foillsiú,,fo,iú
30951,bhriseann,,,eann
30952,forléasta,,for,ta
30953,baictéireas,,,eas
30954,Chreathadh,,,adh
30955,eisitheoirí,,eisi,í
30956,Rialúchán,,,án
30957,insileadh,,in,eadh
30958,Cúr,,,úr
30959,príomh-mhodhanna,,príomh,anna
30960,Cimeádfidh,,,fidh
30961,cúisí,,,í
30962,Sitceach,,,each
30963,chlárathóra,,,ra
30964,mbliadhna,m,,na
30965,cháil,,,áil
30966,dhiúscartha,,,tha
30967,comhluach,,comh,ach
30968,Finn,,,inn
30969,Eois,,,is
30970,Aistríonn,,,íonn
30971,micrea-silíní,,,í
30972,Féachfaidh,,,faidh
30973,n-arsa,n-,,sa
30974,idir-institiúideach,,idir,each
30975,uile-aimsire,,uile,ire
30976,tionóntáin,t,,in
30977,gCeadúnas,g,,únas
30978,hallmhuiríodh,h,,íodh
30979,Sakarya,,,a
30980,fhoilseáin,,,in
30981,Úrúcháin,,,in
30982,grúdlanna,,,anna
30983,Leanúnach,,,ach
30984,Neartóidh,,,óidh
30985,charnach,,,ach
30986,Mp4Gain,,,in
30987,Costais,,,ais
30988,seanmóin,,sean,in
30989,dhoirteáil,,,áil
30990,Comhaontú,,,ú
30991,seirbheálfidh,,,fidh
30992,in-athluchtaithe,,in,aithe
30993,an-choitianta,,an,ta
30994,d'oibrithe,d',,ithe
30995,eadrascánaí,,,aí
30996,fuaite,,,te
30997,aktiviziruyutsya,,,a
30998,téigh,t,,igh
30999,Beodhíle,,,e
31000,Áireofar,,,far
31001,optamaithe,,,aithe
31002,domhandú,,do,ú
31003,púróga,,,ga
31004,t-ainmniúchán,t-,ain,án
31005,gnáth-imoibrithe,,gnáth,ithe
31006,dheachtú,,,ú
31007,mbónas,m,,as
31008,bhliainiris,,,is
31009,bordáil,,,áil
31010,luighead,,,ad
31011,Biatas,,,tas
31012,bhriste,,,te
31013,Choimisineura,,,ra
31014,meanmaíocht,,,aíocht
31015,Fhíneálacha,,,acha
31016,próifíle,,,e
31017,comhad,,comh,ad
31018,cuimhin,,,in
31019,flannbhuí,,,í
31020,fabhtach,,,ach
31021,Anála,,,a
31022,Chomhlachta,,,ta
31023,fínnéithe,,,ithe
31024,haontachas,h,aon,achas
31025,marbhuíodh,,,íodh
31026,dearcadh,,dea,adh
31027,Tabharfaimid,,,aimid
31028,Ceimiceach,,,each
31029,osna,,os,na
31030,rathúnas,,,únas
31031,cuardach,,,ach
31032,scian,,,an
31033,Beathaisnéis,,,is
31034,aon-áit,,aon,áit
31035,ard-thaise,,ard,se
31036,bhfreastalóimid,bh,,óimid
31037,buan-cheapa,,buan,a
31038,réasúnaí,,réa,aí
31039,mhírialtachtaí,,,taí
31040,rannchuidiú,,,iú
31041,Bhailiúchán,,,án
31042,déanmhacht,,dé,acht
31043,Volga,,,ga
31044,Uachtarántacht,,,tacht
31045,Tóir,,,óir
31046,Mhargaíocht,,,aíocht
31047,Shoilse,,,se
31048,aspalda,,as,da
31049,bhunúis,,,is
31050,íostréimhse,,íos,se
31051,chomhardú,,,ú
31052,ró-ghnóthach,,ró,ach
31053,mórthaibhseach,,mór,each
31054,shuibscríobhaí,,,aí
31055,thaibheoirí,,,í
31056,Foirfe,,,e
31057,cionúireachtaí,,,taí
31058,dtaispeántar,d,tais,tar
31059,Aoine,,,ne
31060,airgeadasú,,,ú
31061,Anaestéiseach,,,each
31062,karma,,,a
31063,inchúlghairthe,,in,the
31064,mbunliosta,m,bun,ta
31065,Latina,,,na
31066,Yaguluoma,,,a
31067,gCoitinne,g,,ne
31068,ghhairmeálta,,,ta
31069,fachtar,,,tar
31070,tarraingtí,t,tar,tí
31071,scálach,,,ach
31072,póraithe,,,aithe
31073,n-amanna,n-,am,anna
31074,moChursaí,,,aí
31075,príomhoide,,príomh,e
31076,oiriúnú,,oir,ú
31077,aistriúchán,,ais,án
31078,raideog,,,eog
31079,bhfiontraithe,bh,,aithe
31080,mín,,,ín
31081,péintéireachta,,,ta
31082,gcrícheanna,g,,eanna
31083,Super-fóin,,,in
31084,Toghdais,,,ais
31085,oistéapóróis,,oistéa,óis
31086,Fógróir,,,óir
31087,iarscríbhinne,,iar,ne
31088,fireann,,,eann
31089,neamh-inríofa,,neamh,a
31090,bhfaireacháin,bh,,in
31091,transaim,,,aim
31092,chiúin,,,in
31093,Aslonnú,,,ú
31094,mais,,,ais
31095,Tinneas,,,eas
31096,Seansaireachta,,,ta
31097,tSamhail-Scéim,t,,im
31098,fosfáit,,fo,áit
31099,triantáin,,,in
31100,teaghlaigh-urraithe,t,,aithe
31101,chine,,,ne
31102,ndaingneofaí,n,,aí
31103,seirbheáltar,,,tar
31104,mBeirlín,m,,ín
31105,bhfíordheimhniú,bh,fíor,iú
31106,Aer-Arthach,,,ach
31107,Ardteistiméireacht,,,eacht
31108,meabhrach,,,ach
31109,24ú,,,ú
31110,bpíblíne,b,,ne
31111,cairteanna,,,eanna
31112,Nach,,,ach
31113,Liosta,,,ta
31114,tomentosa,t,,sa
31115,laghdúcháin,,lag,in
31116,oleifera,,,ra
31117,Téigh,,,igh
31118,dhóigh,,,igh
31119,staile,,,e
31120,Iarchónaitheoirí,,,í
31121,Fógra,,,ra
31122,gcumarsáidí,g,,í
31123,leithliú,,,iú
31124,olltomhaltas,,oll,tas
31125,phointe,,,te
31126,huaillinn,h,,inn
31127,seanfheistí,,sean,tí
31128,hídiú,h,,iú
31129,bhformheasfaidh,bh,for,faidh
31130,gcruinnis,g,,is
31131,tréleictreach,,tré,each
31132,bpaiste,b,,te
31133,tora,t,,ra
31134,d'fhiosrúchán,d',,án
31135,Tseropedia,,,ia
31136,niúmóine,,,ne
31137,seangáin,,sean,in
31138,Cháin,,,in
31139,Logainmneacha,,,eacha
31140,áthais,,,ais
31141,aontachas,,aon,achas
31142,méadrúcháin,,,in
31143,fhoriomlán,,,án
31144,Slán,,,án
31145,dteachín,d,,ín
31146,féidearthacht,,,acht
31147,Siúlóid,,,óid
31148,il-datha,,il,tha
31149,dtrádálacha,d,,acha
31150,d'Fháil,d',,áil
31151,an-éagsúla,,an,a
31152,iarbhean,,iar,an
31153,fhoilsítear,,,ítear
31154,Comharbas,,,as
31155,Iompraíocht,,,aíocht
31156,bhríomhar,,,mhar
31157,gabhála,,,a
31158,ghluaiseachtaí,,,taí
31159,réadú,,réa,ú
31160,fhuaidirí,,,í
31161,Rejoice,,,e
31162,bpolasaí,b,pola,aí
31163,Leaganacha,,,acha
31164,Úsáidte,,,te
31165,phríomhaí,,,aí
31166,Cothabhála,,,a
31167,hidrodinimiúla,h,,a
31168,líonann,,,ann
31169,meabhlaireachta,,,ta
31170,bpolasaithe,b,pola,aithe
31171,Ionfhabhtuithe,,,ithe
31172,taibhithe,t,,ithe
31173,grúdlann,,,lann
31174,chomhlachtaí,,,taí
31175,Tuairín,,,ín
31176,spásúlachta,,,ta
31177,Droma,,,a
31178,tagtar,t,,tar
31179,toghlacht,t,,acht
31180,fhiaclóra,,,ra
31181,trémhse,,tré,se
31182,urranna,,ur,anna
31183,dtaiscfear,d,tais,fear
31184,Forghníomhaithe,,,aithe
31185,glaca,,,a
31186,chailíní,,,í
31187,mhínigh,,,igh
31188,fíor-domhan,,fíor,an
31189,Coipthe,,,the
31190,eachtrannach,,,ach
31191,substaintí,,,tí
31192,rinne,,,ne
31193,bréagnaitheach,,bréag,each
31194,chothaithigh,,,igh
31195,sclábhaí,,,aí
31196,cábáin,,,in
31197,greimire,,,ire
31198,scaradh,,,radh
31199,nóis,,,óis
31200,uaimheanna,,,eanna
31201,Deintear,,,ear
31202,Ghréithíní,,,í
31203,Bandáil,,,áil
31204,comaitéara,,,ra
31205,rásrianta,,,ta
31206,Saintpaulia,,,ia
31207,bhfreagróir,bh,,óir
31208,príomhúil,,príomh,úil
31209,taighdeoirí,t,,í
31210,bpróiseálaithe,b,,aithe
31211,Turasóireachta,,,ta
31212,Phróiseas,,,eas
31213,Críochnú,,,ú
31214,barróga,,barr,ga
31215,réamhullmhúchán,,réamh,án
31216,oilithreachta,,,ta
31217,Scuirfidh,,,fidh
31218,avalanche,,,e
31219,coinbhinsiúin,,,in
31220,ndísbeagadh,n,dí,adh
31221,rjade,,,e
31222,freagarthacha,,,acha
31223,Díleann,,,eann
31224,Aclaíochta,,,ta
31225,leathnú,,leath,ú
31226,Saotharlann,,,lann
31227,phlean,,,an
31228,ionstruim,,ion,im
31229,achoimreach,,,each
31230,iontráladh,,ion,adh
31231,dteachtaí,d,,taí
31232,teaglaim,t,,aim
31233,athbhrí,,ath,í
31234,hanailísí,h,an,í
31235,cisteanach,,,ach
31236,blossí,,,í
31237,mórthomhaltóirí,,mór,í
31238,náisiúnaithe,,,aithe
31239,Sealadaigh,,,aigh
31240,héigean,h,,an
31241,sealbhódh,,,ódh
31242,aighne,,,ne
31243,gcosnaíonn,g,,aíonn
31244,t-iarfhostaí,t-,iar,taí
31245,himscrúdú,h,im,ú
31246,shiltin,,,in
31247,réamh-mhonarchan,,réamh,chan
31248,gcóiste,g,,te
31249,phionósú,,,ú
31250,réalteolaíocht,,réalt,aíocht
31251,micribhithe,,micri,ithe
31252,braitheann,,,eann
31253,comhshóite,,comh,te
31254,gCanálach,g,,ach
31255,urrúsúcháin,,ur,in
31256,Féir,,,éir
31257,t-amuinisean,t-,am,sean
31258,líonta,,,ta
31259,deighleálfar,,,far
31260,buncháilíocht,,bun,íocht
31261,luann,,,ann
31262,comhthreorannach,,comh,ach
31263,ríthábhachtacha,,,acha
31264,leochaileacha,,,eacha
31265,PORACalifornia,,,ia
31266,heitríte,h,,te
31267,Léasanna,,,anna
31268,inárachaitheacht,,in,eacht
31269,Shreabhadh,,,adh
31270,cliseadh,,,eadh
31271,Eiseoidh,,,idh
31272,mhaisiúcháin,,,in
31273,truncaí,,,aí
31274,éagsúla,,éa,a
31275,yapılan,,,an
31276,verbena,,,na
31277,ngníomhaire,n,,aire
31278,Ceadúnais,,,ais
31279,Tinteán,,,eán
31280,hullmhú,h,,ú
31281,ró-bhrúchóirithe,,ró,ithe
31282,tuairtcharranna,t,,anna
31283,Bitheolaíocht,,,aíocht
31284,éasáidí,,éa,í
31285,struchtúrtha,,,tha
31286,t-óstach,t-,,ach
31287,chistiúcháin,,,in
31288,cithfholcadáin,,,in
31289,Mhaisithe,,,ithe
31290,mí-oiriúnacha,,mí,acha
31291,mbfaighidh,m,,idh
31292,Thairseach,,,each
31293,Léir,,,éir
31294,Mianadóireachta,,,ta
31295,sintéaraithe,,sin,aithe
31296,mhaoirseacht,,,eacht
31297,úsáide,,,e
31298,Freisin,,,in
31299,deimhneach,,,each
31300,snaois,,,is
31301,samhlacha,,,acha
31302,oifigigh,,,igh
31303,bhréagaigh,,,aigh
31304,thógtar,,,tar
31305,cleithiúnas,,,únas
31306,gnáth-ghabháil,,gnáth,áil
31307,mheáchana,,,na
31308,hinchomparáideacht,h,in,eacht
31309,tairbhe,t,,e
31310,thíortha,,,tha
31311,cheapacha,,,acha
31312,Mhistéala,,,a
31313,Pátrúin,,,in
31314,phaistí,,,tí
31315,comhnaí,,comh,aí
31316,iompaíonn,,,aíonn
31317,dhronuilleogach,,,ach
31318,sú,,,ú
31319,thiomnaithe,,,aithe
31320,Céannachta,,,ta
31321,Lárnaigh,,,aigh
31322,léitheora,,,ra
31323,neamh-indóite,,neamh,te
31324,Cruinne,,,ne
31325,cathracha,,,acha
31326,dea-chothaithe,,dea,aithe
31327,Vóta,,,ta
31328,Scríbhneoireacht,,,eacht
31329,Idirthréimhse,,,se
31330,d'iarrthóirí,d',iar,í
31331,n-éagsúlacht,n-,éa,acht
31332,Iar-Bhunscoileanna,,,eanna
31333,chomhthírigh,,,igh
31334,chroí,,,í
31335,Cruthú,,,ú
31336,Fanann,,,ann
31337,Pá-Choibhneasta,,,ta
31338,uisciú,,,iú
31339,Salesmanship-Áititheach,,,each
31340,Iarmhí,,,í
31341,imríonn,,im,íonn
31342,dréachtdhoiciméad,,,éad
31343,infhuascailte,,in,te
31344,leathreasuithe,,leath,ithe
31345,Garbhán,,,án
31346,iallacha,,,acha
31347,banna,,ban,anna
31348,aimplitheoirí,,,í
31349,Séalaí,,,aí
31350,dhlúth-theagmháil,,,áil
31351,Oibríocha,,,a
31352,béime,,,e
31353,iolraithe,,,aithe
31354,Géineolaíocht,,,aíocht
31355,Shoithigh,,,igh
31356,traenála,,,a
31357,dtairgfí,d,,fí
31358,réamhghníomhach,,réamh,ach
31359,lánchinnte,,,te
31360,háirítear,h,,ítear
31361,díbhinne,,dí,ne
31362,croíchaighdeáin,,,in
31363,leithleach,,,each
31364,bhfundúireacht,bh,,eacht
31365,malartóirí,,,í
31366,tumadóirí,t,,í
31367,eallaí,,,aí
31368,portráidí,,,í
31369,eagrais,,,ais
31370,gcionn,g,,nn
31371,Georgia,,,ia
31372,leas-ionadaí,,leas,aí
31373,leanfaimid,,,aimid
31374,corráin,,corr,in
31375,hAghaidh,h,,aidh
31376,ngéillfear,n,,fear
31377,Feithicilí,,,í
31378,Athlonnaíodh,,,íodh
31379,dearg-corcraargach,,dea,ach
31380,phortáin,,,in
31381,inmharthanach,,in,ach
31382,Cumann,,,ann
31383,ceannais,,ceann,ais
31384,arae,,,e
31385,sliogán,,,gán
31386,Saineolaithe,,,aithe
31387,tsifilis,t,,is
31388,ceantála,,,a
31389,eye-teacht,,,eacht
31390,mbaineann,m,bain,eann
31391,Fáltais,,,ais
31392,dhoimhneacht,,,eacht
31393,barántúlachta,,bar,ta
31394,n-athrú,n-,ath,ú
31395,d'údarú,d',,ú
31396,éifeachtaigh,,,aigh
31397,Urrúis,,,is
31398,forais,,for,ais
31399,meánphraghas,,meán,as
31400,daingne,,,ne
31401,phollniú,,,iú
31402,Adhmhaidin,,,in
31403,Aréir,,,éir
31404,deonacháin,,,in
31405,fothaí,,fo,aí
31406,dífhostaíochta,,dí,ta
31407,Faireacháin,,,in
31408,éighníomhacha,,,acha
31409,leagan,,,an
31410,amóinia,,am,ia
31411,póilíneachta,,,ta
31412,stíleanna,,,eanna
31413,deighleoga,,,ga
31414,léarscála,,,a
31415,uiscedhí,,,í
31416,spásbhunaithe,,,aithe
31417,fíorófar,,fíor,ófar
31418,bhforléireofar,bh,for,far
31419,Ceistiú,,,iú
31420,n-íospartaigh,n-,íos,aigh
31421,mb'airgead,m,,ad
31422,thréithe,,,ithe
31423,ireamh,,,amh
31424,Ardóidh,,,óidh
31425,Ath-inúsáidte,,,te
31426,Tailte,,,te
31427,d'ionstruimid,d',ion,imid
31428,Manach,,,ach
31429,teasa,t,,sa
31430,Deargatá,,,tá
31431,Fheidhmithe,,,ithe
31432,Meaisín-Innealra,,,ra
31433,Teastas,,,tas
31434,lamháltais,,,ais
31435,hinfheistíochtaí,h,in,taí
31436,n-eiseoidh,n-,,idh
31437,t-samhradh,t-,,radh
31438,socruítear,,so,ítear
31439,Daon-Phoblacht,,,acht
31440,himscrúdaitheoirí,h,im,í
31441,slánghráin,,,in
31442,acfuinn,,,inn
31443,Mhótarbhealaigh,,,aigh
31444,ilstóracha,,il,acha
31445,teolas,t,teo,as
31446,Forbraíodh,,,íodh
31447,athscrúdaithe,,ath,aithe
31448,d'eagraigh,d',,aigh
31449,comhdhlúthúcháin,,comh,in
31450,comharscéim,,comh,im
31451,neamhshocraíocht,,neamh,aíocht
31452,allmhaireoirí,,,í
31453,cisteáin,,,in
31454,mionteanga,,mion,ga
31455,coimeádtar,,,tar
31456,valerianella,,,a
31457,Banda,,,da
31458,ghlaonn,,,nn
31459,prólaosúla,,,a
31460,chúnta,,,ta
31461,scair-rogha,,,a
31462,ard-íonacht,,ard,acht
31463,Gnóthaí,,,aí
31464,comhréireanna,,comh,eanna
31465,Píopaí,,,aí
31466,Cheannaíochta,,,ta
31467,TSiria,,,ia
31468,loingseoireachta,,,ta
31469,grúpála,,grúp,a
31470,sannadh,,,adh
31471,bhrionnú,,,ú
31472,stáidéir,,,éir
31473,dtacaíonn,d,,aíonn
31474,dlínsí,,,í
31475,Inmheánach,,,ach
31476,ndéileálaimid,n,dé,aimid
31477,an-chabhrach,,an,ach
31478,gearrthóga,,gearr,ga
31479,huaire-a,h,,a
31480,Uirlis,,,is
31481,h-athruithe,h-,ath,ithe
31482,có-aontuithe,,,ithe
31483,dhaingneofar,,,far
31484,fhiacla,,,a
31485,Pluiméireachta,,,ta
31486,delibeMte,,,te
31487,iarmhargaidh,,iar,aidh
31488,Dúin,,,in
31489,n-atharuithe,n-,ath,ithe
31490,Cíosáin,,,in
31491,leanúnach,,,ach
31492,bhfíochán,bh,,án
31493,Cliatháin,,,in
31494,Áise,,,se
31495,tuinseamh-laghdaithe,t,,aithe
31496,faighteora,,,ra
31497,Millteach,,,each
31498,hionad,h,ion,ad
31499,cheadaítear,,,ítear
31500,dtiomsú,d,,ú
31501,ríomhbhailiúcháin,,ríomh,in
31502,Pacáistithe,,,ithe
31503,shainordú,,,ú
31504,lámhachóirí,,,í
31505,Gheata,,,ta
31506,ionraidh,,ion,aidh
31507,Danmhargacha,,,acha
31508,Tionscanta,,,ta
31509,fheidhmeacha,,,eacha
31510,simpliú,,,iú
31511,ríoraí,,,aí
31512,cnámharlaigh,,,aigh
31513,sáraigh,,sár,aigh
31514,thopaicí,,,í
31515,cróluas,,,as
31516,ró-íocaíocht,,ró,aíocht
31517,staire,,,aire
31518,chúrsaí,,,aí
31519,dochaí,,do,aí
31520,Liobáin,,,in
31521,Céadatán,,,án
31522,chomhar,,,mhar
31523,bhforbhia,bh,for,ia
31524,Eolas,,,as
31525,Lonnaithe,,,aithe
31526,scoileannna,,,na
31527,Frithdhrugaí,,,aí
31528,phláinéad,,,éad
31529,haimhrialtachatí,h,,tí
31530,bhfíoras,bh,fíor,as
31531,Stáirse,,,se
31532,réamh-máinliacht,,réamh,acht
31533,Oráiste,,,te
31534,Scornach,,,ach
31535,hárais,h,,ais
31536,breithiúin,,,in
31537,ghealltanas,,,tanas
31538,cíora,,,ra
31539,n-osclófar,n-,os,ófar
31540,maighnéada-optúil,,,túil
31541,Atá,,,tá
31542,Unie,,,e
31543,d'athchóiriú,d',ath,iú
31544,Drochshláinte,,,te
31545,lampaí,,,aí
31546,mBosca,m,,a
31547,Praghas,,,as
31548,mheaisín-inléite,,,te
31549,Insitiúidí,,,í
31550,oiriúniú,,oir,iú
31551,freagra,,,ra
31552,díolphointí,,dí,tí
31553,bainisíochta,,bain,ta
31554,choireacht,,,eacht
31555,príobháideacht,,,eacht
31556,dhigitiú,,,iú
31557,forchuirtar,,for,tar
31558,Coimisiúnú,,,ú
31559,Glibín,,,ín
31560,Dréacht-Phlean,,,an
31561,Comhairlitheacha,,,eacha
31562,bhfógraíocht,bh,,aíocht
31563,meántéarma,,meán,a
31564,sháraítear,,,ítear
31565,Osclaíonn,,,aíonn
31566,Lánfhásta,,,ta
31567,Leachtacha,,,acha
31568,béaltrialach,,,ach
31569,chiontóra,,,ra
31570,pierceable,,,e
31571,gcomhairleoir,g,comh,eoir
31572,n-éilítear,n-,,ítear
31573,ndéanfaí,n,dé,aí
31574,gréithe,,,ithe
31575,dréachtóidh,,,óidh
31576,comhlachas,,comh,achas
31577,bhfithis,bh,,is
31578,inséidte,,in,te
31579,Gnáthchónaitheoirí,,,í
31580,compánaigh,,,aigh
31581,fhrithshóisialta,,,ta
31582,d'fhostaithe,d',,aithe
31583,eite,,,te
31584,roghnúcháin,,ro,in
31585,Litreacha,,,eacha
31586,forceannadh,,for,adh
31587,Cineálacha,,,acha
31588,dé-ceallraí,,dé,aí
31589,Mariella,,,a
31590,fhéimheacht,,,eacht
31591,caithfead-mea,,,a
31592,Vespertilionidae,,,e
31593,bplandálacha,b,,acha
31594,Chostais,,,ais
31595,hÉireaann,h,,ann
31596,Morfeolaíochta,,,ta
31597,dtaifeadtar,d,,tar
31598,aeracmhainneachta,,aera,ta
31599,n-infheistíochtaí,n-,in,taí
31600,Ceannaireachta,,,ta
31601,Aistritheoir,,,eoir
31602,Bologna,,,na
31603,Sainmhíníodh,,,íodh
31604,Phápa,,,a
31605,Forlíontach,,,ach
31606,ógánaigh,,,aigh
31607,Teiripe,,,e
31608,tocsaineolaíochta,t,,ta
31609,nochtaí,,,taí
31610,neamhpháirtí,,neamh,tí
31611,Inscortha,,,tha
31612,luchóg,,,óg
31613,Sóisialaí,,,aí
31614,Cáiníocóirí,,,í
31615,bhraite,,,te
31616,mion-díoltóirí,,mion,í
31617,aeráide,,aer,e
31618,idirthuras,,idir,as
31619,glaníocaíocht,,,aíocht
31620,inscríbhte,,in,te
31621,anabaí,,ana,aí
31622,Luchtaigh,,,aigh
31623,ríomheolaíochta,,ríomh,ta
31624,thinneas,,,eas
31625,dhiúltaíonn,,,aíonn
31626,fheicim,,,im
31627,canóin,,,in
31628,fotheach,,fo,each
31629,rochtain,,ro,in
31630,Thiomnaithe,,,aithe
31631,úsáideora-sonrach,,,ach
31632,bholta,,,ta
31633,thuarascála,,,a
31634,víorasacha,,,acha
31635,n-eiseofar,n-,,far
31636,Eisíonn,,,íonn
31637,arse,,,se
31638,nUrluidhe,,,uidhe
31639,patacháin,,pata,in
31640,dhúblacha,,,acha
31641,ciontaithe,,,aithe
31642,réamhíocaíochta,,réamh,ta
31643,áitreabhacha,,,acha
31644,mótarfheithiclí,,,í
31645,Laetheanta,,,ta
31646,Phearsanta,,,ta
31647,eithní,,,í
31648,gnáth-uaire,,gnáth,aire
31649,cúisín,,,ín
31650,Forbhreathnú,,,ú
31651,Dáileadh,,,eadh
31652,Réamhráiteach,,,each
31653,inniúlachta,,in,ta
31654,olltáirgeadh,,oll,eadh
31655,athdhéantar,,ath,tar
31656,ndréachtrialachán,n,,achán
31657,táirgeoirí,t,,í
31658,liaghacht,,,acht
31659,t-aistear,t-,ais,ear
31660,ngabhálais,n,,ais
31661,margadhluacha,,,acha
31662,ceanglóir,,,óir
31663,chastacht,,,tacht
31664,oibreora,,,ra
31665,amhola,,am,a
31666,eisiltigh,,eisi,tigh
31667,bailithe,,,ithe
31668,Rosslare,,,e
31669,Fhorbróirí,,,í
31670,mBanda,m,,da
31671,Forcháin,,,in
31672,cnapóga,,,ga
31673,glaine,,,ne
31674,d'fhabhraigh,d',,aigh
31675,sáinn,,,inn
31676,éaga,,éa,ga
31677,Clúdaigh,,,aigh
31678,saincomhad,,sain,ad
31679,aisle,,ais,e
31680,d'Iarscríbhin,d',,in
31681,Baintear,,,ear
31682,scriosáin,,,in
31683,Clasaiceach,,,each
31684,speisialtaí,,,taí
31685,fógróirí,,,í
31686,Bealaí,,,aí
31687,caighdeáina,,,na
31688,suathaireacht,,,eacht
31689,Cónaitheoirí,,,í
31690,comhairliúchán,,comh,án
31691,Páirce,,,e
31692,inoibrithe,,in,ithe
31693,sholáthraíonn,,,aíonn
31694,Feabhsóidh,,,óidh
31695,tsaighdiúra,t,,ra
31696,beartais,,,ais
31697,Fho-Shirriaim,,,aim
31698,chógaiseoir,,,eoir
31699,chontrapháirtithe,,,ithe
31700,difriúla,,,a
31701,ionnlaidh,,ion,aidh
31702,monaraithe,,mona,aithe
31703,Tábla,,,a
31704,céilithe,,,ithe
31705,bardach,,bar,ach
31706,shuidhfidh,,,fidh
31707,Céir,,,éir
31708,shísearacha,,,acha
31709,post-oifige,,,e
31710,19adh,,,adh
31711,Luadh,,,adh
31712,t-agallamh,t-,,amh
31713,inchríneacha,,in,eacha
31714,Palais,,,ais
31715,tuataí,t,,taí
31716,dteach,d,,each
31717,críochnaigh,,,aigh
31718,críochnóimid,,,óimid
31719,praiseach,,,each
31720,choigilteoir,,,eoir
31721,Lasmuigh,,,igh
31722,ngéille,n,,e
31723,n-scaoileadh,,,eadh
31724,áisiúlacht,,,acht
31725,creimneacht,,,eacht
31726,Imscrúdúcháin,,,in
31727,Pacáistí,,,tí
31728,snáitheanna,,,eanna
31729,scagtha,,,tha
31730,chothaitheach,,,each
31731,thosú,,,ú
31732,ochtar,,,tar
31733,sceitseáil,,,áil
31734,isdaichead,,,ad
31735,cheannach,,,ach
31736,shuirbhéir,,,éir
31737,tocsaineolaíocht,t,,aíocht
31738,ricerca,,,a
31739,bhféadhfaí,bh,,aí
31740,Fuirmeacha,,,eacha
31741,féindeimhnithe,,féin,ithe
31742,bhun-dréacht,,,acht
31743,Frásaí,,,aí
31744,phríomháit,,,áit
31745,cigireachtaí,,,taí
31746,ciondálacha,,,acha
31747,ambasadóir,,am,adóir
31748,síolrúcháin,,,in
31749,Thrialacha,,,acha
31750,neamhdhlite,,neamh,te
31751,dheontaí,,,taí
31752,an-éagsúil,,an,úil
31753,difear,,,fear
31754,Iolrú,,,ú
31755,lánpháirtíonn,,,íonn
31756,slogtha,,,tha
31757,Nótáiltear,,,ear
31758,ghafa,,,a
31759,puiblíochta,,,ta
31760,ceadanna,,,anna
31761,tIomlán,t,,án
31762,fhruilithe,,,ithe
31763,aerach,,aera,ach
31764,fhaireachán,,,achán
31765,Choláiste,,,te
31766,Trastevere,,,e
31767,Die-réitigh,,,tigh
31768,phríosúnachta,,,ta
31769,mbunaítear,m,bun,ítear
31770,luífidh,,,fidh
31771,hainrianta,h,ain,ta
31772,Shéamuis,,,is
31773,mhillilítear,,,ítear
31774,míorúiltí,,mí,tí
31775,contrapháirtí,,,tí
31776,tiocfidh,t,,fidh
31777,hIontaobhaithe,h,,aithe
31778,Ghlóir,,,óir
31779,bhainne,,,ne
31780,chúitreamh,,,amh
31781,Againn,,,inn
31782,sheachtar,,,tar
31783,naois,,,is
31784,léigheamh,,,amh
31785,mbeatha,m,beath,tha
31786,gcaomhnófar,g,,ófar
31787,ollscoile,,oll,e
31788,Ceapfidh,,,fidh
31789,bPoblacht,b,,acht
31790,hachtachán,h,,achán
31791,bhonn,,,nn
31792,roinn,,ro,inn
31793,bhileog,,,eog
31794,fheidhme,,,e
31795,imreoir,,im,eoir
31796,dumpála,,,a
31797,gleacaíocht,,,aíocht
31798,Urghabháil,,,áil
31799,chineálcheadaithe,,,aithe
31800,Rabhadh,,,adh
31801,athiontrála,,ath,a
31802,uibheacha,,,eacha
31803,cléireach,,,each
31804,eiseoidh,,,idh
31805,sochreidte,,soch,te
31806,neamhthrádála,,neamh,a
31807,Blasta,,,ta
31808,ríochta,,,ta
31809,gealltanais,,,ais
31810,ghlanadh,,,adh
31811,oirfeadh,,oir,eadh
31812,tabharfidh,t,,fidh
31813,Tabharfidh,,,fidh
31814,dlightar,,,tar
31815,Ollúna,,,na
31816,Sin,,,in
31817,d'Eadránaithe,d',,aithe
31818,tosú,t,,ú
31819,Cúltaca,,,a
31820,riospráide,,,e
31821,creidiúintí,,,tí
31822,DéanannBainisteoir,,,eoir
31823,fhorálfaidh,,,faidh
31824,Phéintéireacht,,,eacht
31825,bpluais,b,,ais
31826,Caighdeáin,,,in
31827,spréach,,,ach
31828,hachainíocha,h,,a
31829,sholadaigh,,,aigh
31830,neamhthuartha,,neamh,tha
31831,Rómánach,,,ach
31832,tionslaíocha,t,,a
31833,díobhála,,dí,a
31834,inimirce,,in,e
31835,magairlín,,,ín
31836,dreachtmholta,,,ta
31837,cheannasaithe,,,aithe
31838,bhFostaíocht,bh,,aíocht
31839,ceadúnais,,,ais
31840,breacacháin,,breac,in
31841,iontlaise,,ion,se
31842,mhíchaoithiúlacht,,,acht
31843,craobhscaoileadh,,,eadh
31844,chomhréireacha,,,eacha
31845,aontaobhacha,,aon,acha
31846,soillsiúcháin,,so,in
31847,Príntisigh,,,igh
31848,luibh-bheoir,,,eoir
31849,n-úsáideoirí,n-,,í
31850,malartacha,,,acha
31851,Leigh,,,igh
31852,géagacha,,,acha
31853,úsáideoir,,,eoir
31854,gconsighneacht,g,,eacht
31855,Sistéamach,,,ach
31856,Seamanna,,,anna
31857,chó-aontú,,,ú
31858,Ríontaithe,,,aithe
31859,Múnlú,,,ú
31860,slána,,,na
31861,oibritheora,,,ra
31862,séana,,,na
31863,ocsaídeach,,,each
31864,Cuiteamh,,,amh
31865,Abhcóidí,,,í
31866,ghrinneallacha,,,acha
31867,d'iarmhar,d',iar,mhar
31868,meántréimhseach,,meán,each
31869,fo-chuideachtain,,fo,in
31870,Sláintíochta,,,ta
31871,iasachtaí,,,taí
31872,ceannaireachta,,ceann,ta
31873,Cuiridh,,,idh
31874,inchainníochtúil,,in,túil
31875,Bí,,,í
31876,Phone,,,ne
31877,fhuíollaí,,,aí
31878,bearnaithe,,,aithe
31879,stádais,,,ais
31880,gcónascadh,g,,adh
31881,lámhainn,,,inn
31882,Taighdeoirí,,,í
31883,smachtbhannaí,,,aí
31884,Áite,,,te
31885,bhunriachtanas,,,tanas
31886,naín,,naí,ín
31887,Mótarchánach,,,ach
31888,hardán,h,ard,án
31889,nÍocaíochtaí,,,taí
31890,pharóiste,,,te
31891,shíolta,,,ta
31892,Iomcuim,,,im
31893,phiara,,,ra
31894,radio-thelegrafaíochta,,,ta
31895,Fireannaigh,,,aigh
31896,Réamhlíonfaidh,,,faidh
31897,mhin,,,in
31898,n-aturnaethe,n-,,the
31899,Choigiltis,,,is
31900,machnamhach,,,ach
31901,leaba,,,a
31902,Dlí-Mhuirearacha,,,acha
31903,céirde,,,e
31904,scairshealbhán,,,án
31905,asbhaintear,,as,ear
31906,Rotundine,,,ne
31907,mbardas,m,bar,as
31908,haigéin,h,,éin
31909,Díscaoileadh,,,eadh
31910,gcibearshlándáil,g,,áil
31911,Mhaireachtála,,,a
31912,Tóg,,,óg
31913,Liam,,,iam
31914,Againne,,,ne
31915,nGrúpaí,n,,aí
31916,domhan-ionad,,do,ad
31917,mhinicíochtaí,,,taí
31918,marthanaigh,,,aigh
31919,t-amhras,t-,am,as
31920,fótavoltach,,fóta,ach
31921,gcó-aontú,g,,ú
31922,beagán,,beag,agán
31923,Mallorca,,,a
31924,féadfadh,,,fadh
31925,gcrainn,g,,inn
31926,fearthainne,,fear,ne
31927,fuasclófar,,,ófar
31928,baintear,,bain,ear
31929,neamhthuaimhneachta,,neamh,ta
31930,chomhtháthaíonn,,,aíonn
31931,fheachtas,,,tas
31932,Laoighise,,,se
31933,Bleachtaireachta,,,ta
31934,cheadúnuithe,,,ithe
31935,éistfear,,,fear
31936,bhaintrí,,,í
31937,made,,,e
31938,thúr,,,úr
31939,gcaitear,g,,ear
31940,Ghaeloideachais,,,ais
31941,comhchuibhithe,,comh,ithe
31942,Gear,,,ear
31943,Athchóirigh,,,igh
31944,léifeadh,,,eadh
31945,leas-uachtarán,,leas,án
31946,Tsibéir,,,éir
31947,bPríomh-Chiste,b,,te
31948,Ionsaí,,,aí
31949,gearrthéarma,,gearr,a
31950,chargeable,,,e
31951,Iompórtáil,,,áil
31952,d'fheidmhiú,d',,iú
31953,n-ionchorpraítear,n-,ion,ítear
31954,ghnéithe,,,ithe
31955,Comhalta,,,ta
31956,mbogadh,m,bog,adh
31957,Leaca,,,a
31958,Gairmoiliúna,,,na
31959,sonraíochtaí,,so,taí
31960,chaillteoir,,,eoir
31961,n-easportálfar,n-,eas,far
31962,nílimid,,,imid
31963,iochtarach,,,ach
31964,Grianstad,,,ad
31965,ochta,,,ta
31966,séanfaidh,,,faidh
31967,n-athraíonn,n-,ath,aíonn
31968,riaghaltais,,,ais
31969,shíolchuireadh,,,eadh
31970,ionraithe,,ion,aithe
31971,Fhochoiste,,,te
31972,ndeachaigh,n,dea,aigh
31973,Measfaidh,,,faidh
31974,Tomhaisfear,,,fear
31975,Có-Scoile,,,e
31976,shoghluaisteacht,,,eacht
31977,Flannagáin,,,in
31978,nglaoimid,n,,imid
31979,chumhdaíonn,,,aíonn
31980,ollmhóra,,oll,ra
31981,chiorcad,,,ad
31982,Ionchúisitheora,,,ra
31983,neamhábaltacht,,neamh,tacht
31984,gcéile,g,,e
31985,cuideachta,,,ta
31986,Uisceacha,,,eacha
31987,péireáilte,,,te
31988,íoca,,,a
31989,n-iarratas,n-,iar,tas
31990,Rialcháin,,,in
31991,luach-chomaoin,,,in
31992,shínitheoir,,,eoir
31993,Ceolfhoirne,,,ne
31994,d'oibreoir,d',,eoir
31995,táirgeacht,t,,eacht
31996,gclubanna,g,,anna
31997,mbroinn,m,,inn
31998,gearr-radharcach,,gearr,ach
31999,Dacha,,,acha
32000,braithfidh,,,fidh
32001,saineoidh,,sain,idh
32002,Trealamh,,,amh
32003,Athárachas,,,achas
32004,Ingearach,,,ach
32005,agusscrúdúna,,,na
32006,fhorála,,,a
32007,príomh-áit,,príomh,áit
32008,rangsheomraí,,,aí
32009,Póraitheoirí,,,í
32010,mhóin,,,in
32011,ilphléacsach,,il,ach
32012,Taitneamhachta,,,ta
32013,acastóirí,,,í
32014,úsáidfidh,,,fidh
32015,tógtha,t,,tha
32016,free,,,e
32017,ndréacht-Rialachán,n,,achán
32018,n-gortaithe,n-,,aithe
32019,tuilleamh,t,,amh
32020,Cúnamh,,,amh
32021,crapadh,,,adh
32022,gcomhréiteach,g,comh,each
32023,idir-uirbeacha,,idir,eacha
32024,Uachtaránachta,,,ta
32025,chúinsí,,,í
32026,Trian,,,an
32027,bunaitheoireachta,,bun,ta
32028,boilscithe,,,ithe
32029,mharbhadh,,,adh
32030,dhaonra,,,ra
32031,bhféadfaimis,bh,,imis
32032,leatháin,,leath,in
32033,Marfacha,,,acha
32034,fuilithe,,,ithe
32035,mharcanna,,,anna
32036,táirgí,t,,í
32037,bhualadh,,,adh
32038,ard-ardú,,ard,ú
32039,Aitheantais,,,ais
32040,triomaithe,,,aithe
32041,Teagmhais,,,ais
32042,dhochtúra,,,ra
32043,Ballraíocht,,,aíocht
32044,thapaigh,,,aigh
32045,Péinteáil,,,áil
32046,dámhachtana,,dá,na
32047,shuigh,,,igh
32048,hathghairmeadh,h,ath,eadh
32049,Insiltí,,,tí
32050,t-athrú,t-,ath,ú
32051,héisteachtaí,h,,taí
32052,Isí,,,í
32053,rannóige,,,e
32054,Iarradh,,,radh
32055,Eisítear,,,ítear
32056,A-cháil,,,áil
32057,Rincí,,,í
32058,aran,,,an
32059,iardain,,iar,in
32060,leochailí,,,í
32061,Deisithe-Athchóiriú,,,iú
32062,chuntas,,,tas
32063,íochtar,,,tar
32064,bhroicíní,,,í
32065,mionsaothraithe,,mion,aithe
32066,réaltraí,,réalt,traí
32067,aisteoir,,ais,eoir
32068,easaontais,,eas,ais
32069,seampúnna,,,na
32070,Conbiene,,,ne
32071,nDeachúna,n,,na
32072,athraigh,,ath,aigh
32073,bhfógra,bh,,ra
32074,catalóg,,,óg
32075,feidhmíochtaí,,,taí
32076,forála,,for,a
32077,fulaingeoidh,,,idh
32078,mairnéalaigh,,,aigh
32079,íclainne,,,ne
32080,cuimilte,,,te
32081,chúiseamh,,,amh
32082,sean-Chumann,,sean,ann
32083,mbraithfeadh,m,,eadh
32084,iarchéime,,iar,e
32085,threibh,,,ibh
32086,agallaí,,,aí
32087,mias,,,as
32088,brataithe,,,aithe
32089,céadainmneacha,,céad,eacha
32090,thoibheofar,,,far
32091,bhfuighfar,bh,,far
32092,gunnadóirí,,,í
32093,Pápa,,,a
32094,cailibrí,,,í
32095,teipe,t,,e
32096,n-uireasa,n-,,sa
32097,Ceadúnúcháin,,,in
32098,Afrin,,,in
32099,Idirmhalartaithe,,,aithe
32100,han-chúramach,h,an,ach
32101,gráinne,,,ne
32102,iriseoireachta,,,ta
32103,cupáin,,,in
32104,riochtaithe,,,aithe
32105,binsí,,bi,í
32106,iomaíochta,,,ta
32107,mheasfeadh,,,eadh
32108,Espandere,,,e
32109,leanann,,,ann
32110,cónaitheoirí,,,í
32111,éadroim,,éa,im
32112,eilimintí,,,tí
32113,Eschscholzia,,,ia
32114,thoirmisceann,,,eann
32115,haicme,h,,e
32116,Aerárthaí,,,aí
32117,uirbigh,,,igh
32118,slipéir,,,éir
32119,d'éalaigh,d',éa,aigh
32120,Dréachtbhuiséad,,,éad
32121,óstacha,,,acha
32122,léiríonn,,,íonn
32123,atá,,,tá
32124,Buntáistí,,,tí
32125,fhásóirí,,,í
32126,Gréasáin,,,in
32127,chaingin,,,gin
32128,saorchraolta,,,ta
32129,Deacracht,,,acht
32130,Árasáin,,,in
32131,Pháirliminte,,,te
32132,d'Óglaigh,d',,aigh
32133,nóid,,,óid
32134,ngealltanas,n,,tanas
32135,réamhchoscach,,réamh,ach
32136,urbhacadh,,ur,adh
32137,Theach,,,each
32138,n-údaruíonn,n-,,íonn
32139,híoschaighdeáin,h,íos,in
32140,Binsí,,,í
32141,phionósach,,,ach
32142,cubhad,,,ad
32143,thógas-sa,,,sa
32144,Spraeire,,,ire
32145,Riaghaltaisí,,,í
32146,chómhaoinithe,,,ithe
32147,laghdaitheoirí,,lag,í
32148,Thiarna,,,na
32149,tábhacht,t,,acht
32150,Las,,,as
32151,bhforaoisí,bh,for,í
32152,dúnann,,dún,ann
32153,droch-nuacht,,droch,acht
32154,seacláide,,,e
32155,úisbéicis,,,is
32156,gcuthaím,g,,aím
32157,gciallódh,g,,ódh
32158,Theas,,,eas
32159,scaiptheach,,,each
32160,Ciceáil,,,áil
32161,Tribune,,,ne
32162,neamh-ionannas,,neamh,as
32163,Gnéas,,,as
32164,agentúra,,,ra
32165,eitile,,,e
32166,thacaigh,,,aigh
32167,gcloífidh,g,,fidh
32168,muintearais,,,ais
32169,Deonadh,,,adh
32170,tuisí,t,,í
32171,uaslódáil,,uas,áil
32172,sruthlaigh,,,aigh
32173,duine,,,ne
32174,bialainne,,bi,ne
32175,leasuithighe,,leas,e
32176,Cúlra,,,ra
32177,comhdaíodh,,comh,íodh
32178,háiseanna,h,,eanna
32179,gcógaslann,g,,lann
32180,laghdófaí,,lag,ófaí
32181,luathbhlianta,,luath,ta
32182,Tabharfaidh,,,faidh
32183,scortha,,,tha
32184,bhfeistí,bh,,tí
32185,toibheofar,t,,far
32186,fillteáin,,,in
32187,Laghdófar,,,ófar
32188,iar-chomhchónaitheoir,,iar,eoir
32189,teistithe,t,,ithe
32190,Ama,,,a
32191,athchóiriú,,ath,iú
32192,leiríonn,,,íonn
32193,germline,,,ne
32194,míleithreasú,,mí,ú
32195,Bhéarfaidh,,,faidh
32196,dhebentiúirí,,,í
32197,Uileloscadh,,,adh
32198,meánmhuirear,,meán,ear
32199,catagóir,,,óir
32200,Disciplín,,,ín
32201,dearfach,,dea,ach
32202,Buann,,,ann
32203,n-éileofaí,n-,,aí
32204,toibhiú,t,,iú
32205,cnioglainne,,,ne
32206,urraítear,,ur,ítear
32207,Aontaíonn,,,aíonn
32208,glanacha,,,acha
32209,sean-eire,,sean,ire
32210,frith-glare,,frith,e
32211,bithicíde,,bith,e
32212,Ullmhóidh,,,óidh
32213,dóigh,,dó,igh
32214,cónascaire,,,aire
32215,leasachán,,leas,achán
32216,uathoibreach,,uath,each
32217,thaifead,,,fead
32218,sean-fhostóir,,sean,tóir
32219,Leica,,,a
32220,mhargadhluacha,,,acha
32221,Piolóideachta,,,ta
32222,9Banan,,,an
32223,Fiabhras,,,as
32224,gcoire,g,,ire
32225,Timpeallachtaí,,,taí
32226,chorr-thrádála,,,a
32227,athrú,,ath,ú
32228,gnáth-ceadúnas,,gnáth,únas
32229,siúcra-bhunaithe,,,aithe
32230,réamhfhógra,,réamh,ra
32231,an-áisiúil,,an,úil
32232,n-ainmneoidh,n-,ain,idh
32233,fhianú,,,ú
32234,mhór-dhíoltóirí,,,í
32235,mBannaí,m,,aí
32236,siamsaíocht,,,aíocht
32237,conarthachta,,,ta
32238,frith-sceite,,frith,te
32239,clasaiceach,,,each
32240,bratach,,,ach
32241,phríomhchaiteachas,,,achas
32242,sobhriste,,so,te
32243,ghléasanna,,,anna
32244,Nitida,,,da
32245,Maoiniú,,,iú
32246,sásaithe,,,aithe
32247,scriosadh,,,adh
32248,fhoirinn,,,inn
32249,hIarmhidhe,h,,idhe
32250,chúisitheoir,,,eoir
32251,gcúirtealáiste,g,,te
32252,chaoirigh,,,igh
32253,máthairghnóthas,,,as
32254,shruthú,,,ú
32255,uile-tríthoiseach,,uile,each
32256,Barantas,,,tas
32257,cumtha,,,tha
32258,Ard-Chláraitheora,,,ra
32259,scadán,,,adán
32260,búitileach,,,each
32261,póg,,,óg
32262,dísle,,dí,e
32263,háirithiú,h,,iú
32264,dílse-dheimhneofar,,dí,far
32265,seisiúin,,,in
32266,dé-óid,,dé,óid
32267,chomhuíonn,,,íonn
32268,d'fhoghlaim,d',,aim
32269,Daikin,,,in
32270,sócháin,,,in
32271,cónasctha,,,tha
32272,miondíoltóirí,,mion,í
32273,Hastaíochtaí,,,taí
32274,atharuithe,,ath,ithe
32275,coilíneachtaí,,,taí
32276,mhúnlú,,,ú
32277,comhgáirdeachas,,comh,achas
32278,lianna,,,anna
32279,Estée,,,e
32280,il-oibriú,,il,iú
32281,Ceanglaítear,,,ítear
32282,Feadhmannach,,,ach
32283,n-athbhunaítear,n-,ath,ítear
32284,google,,,e
32285,dhearfach,,,ach
32286,fhoirgniúcháin,,,in
32287,Phaidríní,,,í
32288,Abhann,,,ann
32289,tástálfar,t,,far
32290,geal-líomóid,,,óid
32291,Sahlin,,,in
32292,tharlann,,,lann
32293,oiliúnóir,,,óir
32294,mean,,,an
32295,Táillí,,,í
32296,uile-Aontais,,uile,ais
32297,cur-i-gcoinnibh,,,ibh
32298,Athsheoladh,,,adh
32299,preas,,,eas
32300,Dlúthpháirtíocht,,,íocht
32301,idirthréimhseach,,idir,each
32302,féin,,,éin
32303,in-instealltachta,,in,ta
32304,nea-láithreachta,,,ta
32305,phioblacht,,,acht
32306,Eagraíochta,,,ta
32307,idirdhealuithe,,idir,ithe
32308,n-aimplitheoirí,n-,,í
32309,Dalje,,,e
32310,n-ollúna,n-,oll,na
32311,dhámhachtainí,,,í
32312,scáinte,,,te
32313,dtuairgiúlacht,d,,acht
32314,Aispeiste,,,te
32315,chlóbhualadh,,,adh
32316,Náisiúin,,,in
32317,Mhuirearú,,,ú
32318,luasála,,,a
32319,garbhriachtanais,,gar,ais
32320,Deiseanna,,,eanna
32321,ruga,,,ga
32322,t-onnmhaireoir,t-,,eoir
32323,chlúmhillte,,,te
32324,chuairteadh,,,eadh
32325,thuilte,,,te
32326,Siansa,,,sa
32327,Pointí,,,tí
32328,MacLochlainn,,,inn
32329,luathú,,luath,ú
32330,dúbailte-aghaidh,,dú,aidh
32331,gcothromas,g,,as
32332,Céim,,,im
32333,Físeáin,,,in
32334,Shoghluaisteacht,,,eacht
32335,shonnrós,,,ós
32336,úrnuacht,,,acht
32337,Angela,,,a
32338,Forleagan,,,an
32339,ardchostas,,ard,tas
32340,rónta,,ró,ta
32341,folúsghlantóirí,,fo,í
32342,Kristin,,,in
32343,n-ais,n-,ais,ais
32344,luaidhe-aigéad,,,éad
32345,léiríodh,,,íodh
32346,foilsitheoirí,,fo,í
32347,cinntitheacha,,cinn,eacha
32348,dtaifeadfar,d,,far
32349,fhiosrúcháin,,,in
32350,leamh,,,amh
32351,Breitheamh,,,amh
32352,Lakota,,,ta
32353,d'Eirigh,d',,igh
32354,Caisleán,,,eán
32355,fluaraiseach,,,each
32356,chócheanntar,,,tar
32357,síntiúsóir,,,óir
32358,allmhuireora,,,ra
32359,arabia,,,ia
32360,breacadh,,breac,adh
32361,uimhearthachta,,,ta
32362,coistí,,,tí
32363,seaicéad,,,éad
32364,Azimina,,,na
32365,céadluaidhtear,,céad,ear
32366,dreacht-mhola,,,a
32367,comharthithíochta,,comh,ta
32368,Finasteride,,,e
32369,dathannacha,,,acha
32370,mheaitseáil,,,áil
32371,gCúl-chuntas,g,,tas
32372,cúramach,,,ach
32373,comharsanachta,,comh,ta
32374,uasghráduithe,,uas,ithe
32375,thairisceana,,,na
32376,ticéadaí,t,,aí
32377,ceanncheathrú,,ceann,ú
32378,farraige,,,e
32379,otáiniam,,,iam
32380,iarta,,iar,ta
32381,chorpáin,,,in
32382,polaistiréin,,pola,éin
32383,barántais,,bar,ais
32384,sláinteachas,,,achas
32385,geimhle,,,e
32386,phearsanú,,,ú
32387,radio-rialacha,,,acha
32388,cheannaigh,,,aigh
32389,seasamh,,,amh
32390,eascona,,eas,na
32391,Leictrostatach,,,ach
32392,chibearshlándáil,,,áil
32393,asbhainte,,as,te
32394,thiomáinfidh,,,fidh
32395,incheaptha,,in,tha
32396,gContae,g,,e
32397,d'fheirmeacha,d',,eacha
32398,buanuítear,,buan,ítear
32399,dea-bhunaithe,,dea,aithe
32400,tarraingíodh,t,tar,íodh
32401,Daonchumhachta,,,ta
32402,d'fhostaigh,d',,aigh
32403,tolláin,t,,in
32404,ceada,,,da
32405,hatharuithe,h,ath,ithe
32406,Gníomhaireacht,,,eacht
32407,oiliúnaí,,,aí
32408,mhiotaseolaíocht,,,aíocht
32409,trinsí,,,í
32410,cuimilteoir,,,eoir
32411,gcluas,g,cluas,as
32412,urruitheoir,,ur,eoir
32413,gcampas,g,,as
32414,Amasya,,,a
32415,gairmithe,,,ithe
32416,dTigh,d,,igh
32417,polaitíocht,,pola,íocht
32418,soláthra,,so,ra
32419,dtramanna,d,,anna
32420,Ainmneoidh,,,idh
32421,fhundúireacht,,,eacht
32422,náisiunta,,,ta
32423,d'uachtanna,d',,anna
32424,díhiodráitithe,,dí,ithe
32425,fhéadfaidh,,,faidh
32426,ortaipéideacha,,orta,eacha
32427,Phríomhoidí,,,í
32428,lóchrainn,,,inn
32429,suas,,,as
32430,práinn,,,inn
32431,Sean,,,an
32432,dodhéanta,,do,ta
32433,Uisce,,,e
32434,thionscnaíonn,,,aíonn
32435,idarubicin,,,in
32436,aisíocfaidh,,ais,faidh
32437,lóiseanna,,,eanna
32438,pábhála,,,a
32439,ngairdíní,n,,í
32440,ardchéatadán,,ard,adán
32441,chabhrach,,,ach
32442,banaltranas,,ban,as
32443,n-stampaí,,,aí
32444,Iasachtóir,,,tóir
32445,inchomparáideacha,,in,eacha
32446,dhlífear,,,fear
32447,Dhíriú,,,iú
32448,Teide,,,e
32449,dtonna,d,,na
32450,pop-suas,,,as
32451,dí-ocsairibeanúicléasach,,dí,ach
32452,Bergama,,,a
32453,bídeacha,,,eacha
32454,gcailleann,g,,eann
32455,bhruithniú,,,iú
32456,dteanta,d,,ta
32457,creachach,,,ach
32458,an-chumhachtach,,an,ach
32459,87ú,,,ú
32460,páirliminte,,,te
32461,Réamhchúrsa,,,sa
32462,céad,,,éad
32463,dtoghchán,d,,án
32464,eisreachtúil,,,túil
32465,fhóirdheonú,,,ú
32466,brónach,,,ach
32467,Cluaise,,,se
32468,n-orlach,n-,,ach
32469,so-athraitheacht,,so,eacht
32470,féach,,,ach
32471,ghnóthachain,,,in
32472,bhris,,,is
32473,úinéirí-áititheoirí,,,í
32474,hathlasadh,h,ath,adh
32475,Rachaidh,,,aidh
32476,gcur-in-ionad,g,,ad
32477,Urlabhra,,,ra
32478,seola,,,a
32479,Liostófar,,,ófar
32480,Díscaoiltear,,,ear
32481,moniliasis,,,is
32482,d'idir-inoibritheacht,d',idir,eacht
32483,hoifigiúil,h,,úil
32484,dhianscaoileadh,,,eadh
32485,Maoin,,,in
32486,farraigí,,,igí
32487,síolrú,,,ú
32488,sítheoilte,,,te
32489,riarfar,,,far
32490,mioscais,,,ais
32491,Ullmhófar,,,ófar
32492,lámh-oibrithe,,,ithe
32493,mhadhmadh,,,adh
32494,deascaibh,,dea,aibh
32495,oferta,,,ta
32496,gcumann,g,,ann
32497,Rómhánach,,,ach
32498,cóireálacha,,,acha
32499,urraíodh,,ur,íodh
32500,Vyronas,,,as
32501,Naonúr,,,úr
32502,Geimhridh,,,idh
32503,thrédhearcacha,,,acha
32504,ghainimhe,,,e
32505,t-ainmhí,t-,ain,í
32506,Sparóg,,,óg
32507,údarófar,,,ófar
32508,céannachtaí,,,taí
32509,thríú,,,ú
32510,tsaineolaí,t,,aí
32511,ró-bhréagtha,,ró,tha
32512,léasadh,,,adh
32513,séarach,,,ach
32514,hÁithe,h,,ithe
32515,dhreasú,,,ú
32516,holltonnáiste,h,oll,te
32517,parlaiminte,,,te
32518,príomh-chórais,,príomh,ais
32519,mionsamhlacha,,mion,acha
32520,d'oba,d',,a
32521,Skrupellose,,,se
32522,nua-Ghaeilge,,nua,e
32523,fhéinriartha,,,tha
32524,dhaingne,,,ne
32525,maolaithe,,,aithe
32526,Caomhnú,,,ú
32527,friochtaítear,,,ítear
32528,onn,,,nn
32529,Úis,,,is
32530,Ochta,,,ta
32531,blastáin,,,in
32532,Ullmhaímid,,,aímid
32533,Riaghaltas,,,tas
32534,Gnéaschiapadh,,,adh
32535,thuigeamar,,,eamar
32536,sheiceadúirí,,,í
32537,íortha,,,tha
32538,fosaí,,fo,aí
32539,Fótaileictreach,,,each
32540,pacálta,,,ta
32541,chothromúil,,,úil
32542,leictreonaí,,leictr,aí
32543,cion-roinneadh,,,eadh
32544,coinnítear,,,ítear
32545,Sála,,,a
32546,dleathach,,,ach
32547,mikelondoncan,,,an
32548,charbad,,,ad
32549,chladaithe,,,aithe
32550,mbaintrigh,m,bain,igh
32551,túsoideachas,t,,achas
32552,móire,,,ire
32553,tras-Eorpach,,tras,ach
32554,osnádúrtha,,os,tha
32555,Fáil,,,áil
32556,cuilteáilte,,,te
32557,Aimsiú,,,iú
32558,Líne,,,ne
32559,bhailíochta,,,ta
32560,Adhlactha,,,tha
32561,gcuimsíonn,g,,íonn
32562,doras,,do,as
32563,cipíní,,,í
32564,impí,,im,í
32565,agaibh,,,aibh
32566,bunfheiste,,bun,te
32567,leath-bhliana,,leath,na
32568,Comh-Chomhairle,,,e
32569,abhcóide,,,e
32570,faillitheach,,,each
32571,réigiúnaigh,,ré,aigh
32572,d'iomparthóir,d',,thóir
32573,cónghearradh,,,radh
32574,gcótaí,g,,taí
32575,dílseacháin,,dí,in
32576,Dhearbhaigh,,,aigh
32577,ghnóthaigh,,,aigh
32578,ionadaitheach,,ion,each
32579,n-Amplifitheoirí,n-,,í
32580,Leithdháiltear,,,ear
32581,múineann,,,eann
32582,Bhliantúil,,,túil
32583,Ard-chaighdeánUaireadóirí,,,í
32584,Mhíchumais,,,ais
32585,ainmníonn,,ain,íonn
32586,bhfaraí,bh,,aí
32587,bunmhaoine,,bun,ne
32588,ghnáthchomhaltaí,,,taí
32589,oibiachtaí,,,taí
32590,cumhdaíonn,,,aíonn
32591,dhícháilíocht,,,íocht
32592,ochnú,,,ú
32593,dtairseach,d,,each
32594,dhreach,,,each
32595,Éadain,,,in
32596,d'ath-iomportáil,d',ath,áil
32597,tírshonracha,t,,acha
32598,fachtóirí,,,í
32599,Bhliana,,,na
32600,An-éagsúil,,,úil
32601,Gaolmhar,,,mhar
32602,foláireamh,,fo,amh
32603,géarleanúint,,,úint
32604,beachtas,,,tas
32605,saorbróga,,,ga
32606,Píopa,,,a
32607,Voltais,,,ais
32608,beathadh,,beath,adh
32609,tairgfidh,t,,fidh
32610,Pieta,,,ta
32611,bhithmhaise,,,se
32612,Cú,,,ú
32613,Traenáil,,,áil
32614,Francach,,,ach
32615,huaire,h,,aire
32616,measaimid,,,aimid
32617,dhiúltóidh,,,óidh
32618,dtoghdas,d,,as
32619,coigistíochta,,,ta
32620,Nina,,,na
32621,oidis,,,is
32622,neamh-phóiriúil,,neamh,úil
32623,rejoice,,,e
32624,unsa,,,sa
32625,leitreacha,,,eacha
32626,ghléas,,,as
32627,cheartaigh,,,aigh
32628,Airí,,,í
32629,bhféimheacht,bh,,eacht
32630,Ceannaiochta,,,ta
32631,rúin,,,in
32632,Poirtéir,,,éir
32633,Fhoscríbhinn,,,inn
32634,dubáilte,,,te
32635,Tíre,,,e
32636,cuí-réasúnaithe,,,aithe
32637,dheonadh,,,adh
32638,Deisce,,,e
32639,thoradh,,,radh
32640,thurraingí,,,í
32641,gcomhthoghtar,g,comh,tar
32642,hAois-liúntas,h,,tas
32643,chonnarthach,,,ach
32644,eatán,,,án
32645,Dapsone,,,ne
32646,1950aidí,,,í
32647,scáth-rapóirtéir,,,éir
32648,aontaíonn,,aon,aíonn
32649,dtoghcháin,d,,in
32650,fhoraoiseacht,,,eacht
32651,cláraítear,,,ítear
32652,suim,,,im
32653,airithe,,,ithe
32654,t-iontráil,t-,ion,áil
32655,paiseanta,,,ta
32656,hamanna,h,am,anna
32657,Ard-Chonarthaigh,,,aigh
32658,greamaitheacht,,,eacht
32659,Ghaeilge,,,e
32660,dé-ceamara,,dé,ra
32661,neamhdhóthanacht,,neamh,acht
32662,mhicreascannán,,,án
32663,príomhoibríochtaí,,príomh,taí
32664,contaebhainisteoir,,,eoir
32665,machairí,,,í
32666,díograiseach,,dí,each
32667,deifríocht,,,íocht
32668,tagtha,t,,tha
32669,Rómáin,,,in
32670,Téalainnis,,,is
32671,gréineacha,,,eacha
32672,bhfíor-sconna,bh,fíor,na
32673,rianúil,,,úil
32674,d'fhoras,d',,as
32675,Dréacht-Tuarascáil,,,áil
32676,Casann,,,ann
32677,comhchosúil,,comh,úil
32678,Insitiúdach,,,ach
32679,bactar,,,tar
32680,peitriliaim,,peitri,aim
32681,fheidhmítear,,,ítear
32682,geogebratube,,geo,e
32683,t-áireamh,t-,,amh
32684,fhorchuireas,,,eas
32685,Clogad,,,ad
32686,ordaigh,,,aigh
32687,droch-iarsmaí,,droch,aí
32688,fhriotaíocht,,,aíocht
32689,bhféadtar,bh,,tar
32690,comhleanúnachais,,comh,ais
32691,Bailiú,,,iú
32692,gcáblaí,g,,aí
32693,dumhcha,,,a
32694,feadaíl,,,aíl
32695,carráiste,,,te
32696,Síciatraí,,,traí
32697,aonghutha,,aon,tha
32698,breathnaítear,,,ítear
32699,obháideach,,,each
32700,obráide,,,e
32701,Sortáil,,,áil
32702,dréachtaí,,,taí
32703,manna,,,anna
32704,Ór-plátáilte,,,te
32705,Trialacha,,,acha
32706,Fórsaí,,,aí
32707,difriúil,,,úil
32708,Caighdeánaithe,,,aithe
32709,bearna,,,na
32710,stát-ofthe-ealaíne,,,ne
32711,Mhonatóireachta,,,ta
32712,Oisín,,,ín
32713,sháraitheach,,,each
32714,phríobháidigh,,,igh
32715,Ghréasáin,,,in
32716,Gairmithe,,,ithe
32717,moncaí,,,aí
32718,Dearbhuím,,,ím
32719,coibhéise,,,se
32720,bhuille,,,e
32721,éamais,,éa,ais
32722,Biçerova,,,a
32723,gCeannairí,g,,í
32724,Éagsúlachta,,,ta
32725,urruíocht,,ur,íocht
32726,idirdhealaithe,,idir,aithe
32727,RCS-bhunaithe,,,aithe
32728,neamhthuillte,,neamh,te
32729,trenbolone,,,ne
32730,aturnaetha,,,tha
32731,chailín,,,ín
32732,éiceolaíocha,,,a
32733,artaire,,,aire
32734,taidhleoir,t,,eoir
32735,peitilíní,,,í
32736,sléibhteach,,,each
32737,d'allmhairigh,d',,igh
32738,Fhorbróir,,,óir
32739,athraitheach,,ath,each
32740,foghabháil,,fo,áil
32741,bPáirtithe,b,,ithe
32742,Catagóirí,,,í
32743,sclátaí,,,taí
32744,ríomhstampála,,ríomh,a
32745,éilithe,,,ithe
32746,throscán,,,án
32747,féindhíobháil,,féin,áil
32748,thriú,,,iú
32749,Árd-Scrúdóra,,,ra
32750,gComhghuaillíocht,g,,íocht
32751,Críostaí,,,taí
32752,scríbhte,,,te
32753,fhorchéimnitheacha,,,eacha
32754,Nathanna,,,anna
32755,dhlithiúil,,,úil
32756,Bhraitheann,,,eann
32757,gairdín,,,ín
32758,Ga,,,a
32759,Guairneáin,,,in
32760,dreaptha,,,tha
32761,Brataithe,,,aithe
32762,maille,,,e
32763,Eocairisteach,,,each
32764,tarraingteacht,t,tar,eacht
32765,tuirbín,t,,ín
32766,luíonn,,,íonn
32767,chomharbaí,,,aí
32768,chinneann,,,eann
32769,suaitheantais,,,ais
32770,n-admhófar,n-,,ófar
32771,Siblín,,,ín
32772,nOileáin,,,in
32773,Berlin,,,in
32774,maisiúlacht,,,acht
32775,n-ualachlínte,n-,,te
32776,maighdeana,,,na
32777,Pléifidh,,,fidh
32778,Buanna,,,anna
32779,bhfeictear,bh,,ear
32780,mheasfas,,,fas
32781,ngluaiseachtaí,n,,taí
32782,thosófar,,,ófar
32783,ascnamh,,as,amh
32784,fiosrúcháin,,,in
32785,tsaoránaigh,t,,aigh
32786,Iomarcaíocht,,,aíocht
32787,Státchabhrach,,,ach
32788,dhísbeagadh,,,adh
32789,Bearradh,,,radh
32790,dteastóidh,d,,óidh
32791,hearnálacha,h,,acha
32792,Áiríodh,,,íodh
32793,Thánaisteach,,,each
32794,idirbhearta,,idir,ta
32795,bíoga,,,ga
32796,thráthúlacht,,,acht
32797,measfaidh,,,faidh
32798,haisghairme,h,ais,e
32799,Trádála,,,a
32800,rannpháirtí,,,tí
32801,Seirbia,,,ia
32802,mara,,,ra
32803,gcaorach,g,,ach
32804,breacdhífhostaithe,,breac,aithe
32805,ninniúlachtaí,,,taí
32806,Sverige,,,e
32807,pearsain,,,in
32808,tocsaineacht,t,,eacht
32809,an-vacsaíniú,,an,iú
32810,Sciála,,,a
32811,cothabháil,,,áil
32812,imirceach,,im,each
32813,Cúntóir,,,tóir
32814,uchtála,,,a
32815,t-árthach,t-,,ach
32816,Thoibreacha,,,eacha
32817,Bhrosna,,,na
32818,bhainfeadh,,,eadh
32819,Bhaintreacha,,,eacha
32820,soghonta,,so,ta
32821,Dírímid,,,ímid
32822,Chóireáil,,,áil
32823,dheichiú,,,iú
32824,saibhris,,,is
32825,32ú,,,ú
32826,phain,,,in
32827,ghlas,,,as
32828,dhréacht-fhodhlíthe,,,the
32829,Nuálacha,,,acha
32830,d'intinn,d',in,inn
32831,simplí,,,í
32832,bhrúigh,,,igh
32833,Rangú,,,ú
32834,Conrad,,,ad
32835,Tairgeoirí,,,í
32836,Çukurova,,,a
32837,Dífhostaíochta,,,ta
32838,mór-lochtanna,,mór,anna
32839,Fanfaidh,,,faidh
32840,cúplála,,,a
32841,serie,,,e
32842,mhisin,,,in
32843,neamh-phríomhshrutha,,neamh,tha
32844,Alexandria,,,ia
32845,Tuilte,,,te
32846,bhfíocháin,bh,,in
32847,ghabhtha,,,tha
32848,díobhálaithe,,dí,aithe
32849,n-achtúirí,n-,,í
32850,leochaileacht,,,eacht
32851,choinbhleachtaí,,,taí
32852,truailliú,,,iú
32853,shake,,,e
32854,choigríocha,,,a
32855,suncálta,,,ta
32856,corrfholúntais,,corr,ais
32857,n-aisghairtear,n-,ais,ear
32858,Seachtrach,,,ach
32859,aimhrialtachtaí,,,taí
32860,gabhadáin,,,in
32861,deichniúr,,,úr
32862,ngnóthaí,n,,aí
32863,phortán,,,án
32864,fhorléirú,,,ú
32865,leas,,,eas
32866,himirce,h,im,e
32867,mhórchuidiú,,,iú
32868,an-imní,,an,í
32869,chinnteoireacht,,,eacht
32870,nOileán,,,eán
32871,heangacha,h,,acha
32872,shíleann,,,eann
32873,bputóg,b,,óg
32874,chomhlíontacha,,,acha
32875,oscailtí,,os,tí
32876,Rúnaíocht,,,aíocht
32877,glúcóis,,,óis
32878,Choinbhinsiúin,,,in
32879,mealladh,,,adh
32880,Struchtúrtha,,,tha
32881,Lusaka,,,a
32882,dúntóirí,,dún,í
32883,feadh,,,eadh
32884,ndíospóireacht,n,dí,eacht
32885,dtagann,d,,ann
32886,imirce,,im,e
32887,driotháracha,,,acha
32888,Líníochtaí,,,taí
32889,charrchlóis,,,óis
32890,gcoláiste,g,,te
32891,cheacht,,,eacht
32892,ionbhainte,,ion,te
32893,dheonach,,,ach
32894,dréineanna,,,eanna
32895,Tomhaiste,,,te
32896,aisgabhála,,ais,a
32897,eascraítear,,eas,ítear
32898,neamhurchóideach,,neamh,óideach
32899,tréaslaíochta,,tré,ta
32900,bogha,,bog,a
32901,hAchtacháin,h,,in
32902,obadh,,,adh
32903,asraona,,as,na
32904,imeallacha,,im,acha
32905,pháirt-íocaíocht,,,aíocht
32906,gcarranna,g,,anna
32907,Thráchtála,,,a
32908,tapaidh,t,,aidh
32909,Bun-áiseanna,,,eanna
32910,abhcóidí,,,í
32911,Aerfótagraf,,,graf
32912,Forbairtí,,,tí
32913,recette,,,te
32914,fad-earraí,,fad,aí
32915,phoiblíocht,,,íocht
32916,Iarcríbhinn,,,inn
32917,theastaigh,,,aigh
32918,Radaíocht,,,aíocht
32919,staidéarachtaí,,,taí
32920,silica,,,a
32921,chumhrú,,,ú
32922,bairille,,,e
32923,háitiúil,h,,úil
32924,fiosrú,,,ú
32925,leantóirí,,,í
32926,D'éirigh,D',,igh
32927,Athbheochan,,,chan
32928,ionlomhálta,,ion,ta
32929,iomarcaíochta,,,ta
32930,pataiginí,,pata,í
32931,scála,,,a
32932,comhghabhálach,,comh,ach
32933,chlainn,,,inn
32934,úsáidire,,,ire
32935,biadach,,bi,ach
32936,fainiú,,,iú
32937,ghlactha,,,tha
32938,phinsin,,,in
32939,chorprú,,,ú
32940,adhainfidh,,,fidh
32941,giaranna,,,anna
32942,glacadh,,,adh
32943,lóibí,,,í
32944,chruaiche,,,e
32945,iompórtáiltear,,,ear
32946,geolaíocht,,geo,aíocht
32947,Caillte,,,te
32948,bhraitheann,,,eann
32949,leictreonaigh,,leictr,aigh
32950,Trasfhreagróir,,,óir
32951,Cúramaithe,,,aithe
32952,híogrú,h,,ú
32953,mhadra,,,ra
32954,Masyanya,,,a
32955,cód,,,ód
32956,sprioctheanga,,sprioc,ga
32957,gcúigiú,g,,iú
32958,fhómhar,,,mhar
32959,sreangú,,,ú
32960,idir-chríochach,,idir,ach
32961,samhla,,,a
32962,máistreacht,,,eacht
32963,geichella,,,a
32964,Mircea,,,a
32965,Pamukova,,,a
32966,scéitheadh,,,eadh
32967,sochaithe,,soch,aithe
32968,Ábhartha,,,tha
32969,leochaileachtaí,,,taí
32970,maífidh,,,fidh
32971,shuífear,,,fear
32972,István,,,án
32973,d'ionadú,d',ion,ú
32974,héigeandála,h,,a
32975,buíochas,,,as
32976,teaghmas,t,,as
32977,buan-fhoirinn,,buan,inn
32978,Fiosruithe,,,ithe
32979,seanlínte,,sean,te
32980,Connigh,,,igh
32981,caitheamh,,,amh
32982,chomhoibríocht,,,íocht
32983,oibleagáidí,,,í
32984,spriocghrúpaí,,sprioc,aí
32985,tuismitheoireachta,t,,ta
32986,Saincheisteanna,,,eanna
32987,cuibhe,,,e
32988,údaruithe,,,ithe
32989,aonfhoirmeach,,aon,each
32990,séithe,,,ithe
32991,neamhfhicsean,,neamh,sean
32992,thugaim,,,aim
32993,mhíbhuntáiste,,,te
32994,saothróirí,,,í
32995,d'ochtú,d',,ú
32996,blátholaí,,,aí
32997,gComharsanacht,g,,acht
32998,iomláin,,,in
32999,Cuirim,,,im
33000,suimeanna,,,eanna
33001,iniúchóra,,in,ra
33002,pictiúrchártaí,,,taí
33003,mhearthagartha,,,tha
33004,gnáth-tháscaire,,gnáth,aire
33005,ouí,,,í
33006,líonraí,,,aí
33007,brise,,,se
33008,taca,t,,a
33009,fíorthábhachtach,,fíor,ach
33010,róis,,ró,óis
33011,lán-árachais,,,ais
33012,Déanfidh,,,fidh
33013,Dréacht-doiciméad,,,éad
33014,bhfaightear,bh,,ear
33015,Teileafóin,,,in
33016,dreachtmheastachán,,,achán
33017,pláiníní,,,í
33018,d'earráidí,d',,í
33019,aois,,,is
33020,Cheimiceach,,,each
33021,comhdhiúltú,,comh,ú
33022,trioblóid,,,óid
33023,dhleamhnú,,,ú
33024,comhchuimseacha,,comh,eacha
33025,comhnaithe,,comh,aithe
33026,Sete,,,te
33027,Meantóirí,,,í
33028,d'fheabhsaigh,d',,aigh
33029,gcomhlacht,g,comh,acht
33030,Saiheile,,,e
33031,Trastomhas,,,as
33032,phortaigh,,,aigh
33033,todhchaí,t,,aí
33034,hiompraíochta,h,,ta
33035,Sciáil,,,áil
33036,sainchumas,,sain,as
33037,d'ainmníocht,d',ain,íocht
33038,d'astaíochtaí,d',as,taí
33039,comhdúcháin,,comh,in
33040,lódáil,,,áil
33041,comhábhairáirithe,,comh,ithe
33042,smúdála,,,a
33043,chuimsitheach,,,each
33044,anóid,,an,óid
33045,Vera,,,ra
33046,bharraille,,,e
33047,cuirim,,,im
33048,feabhsaíodh,,,íodh
33049,dhiúscróir,,,óir
33050,caiteachas,,,achas
33051,dírí,,dír,í
33052,aistritheoir,,ais,eoir
33053,tollán,t,,án
33054,Túseagraíocht,,,aíocht
33055,scannán,,,án
33056,gréasaí,,,aí
33057,dancanna,,,anna
33058,cuachta,,,ta
33059,Fachtóirí,,,í
33060,honnmhuiríodh,h,,íodh
33061,Dominique,,,e
33062,Fhóirdheontais,,,ais
33063,dhíochuirfeas,,,eas
33064,fairsingniú,,,iú
33065,chomhairleoidh,,,idh
33066,Reiligiúnach,,,ach
33067,stainse,,,se
33068,ionduchtú,,ion,ú
33069,fuaireamar,,,eamar
33070,ghleann,,,eann
33071,ceannaitheoirí,,ceann,í
33072,uathúil,,uath,úil
33073,cobhsaíocht,,,aíocht
33074,Fheidhmeanna,,,eanna
33075,tionscnadh,t,,adh
33076,chóg,,,óg
33077,thaispeánfar,,,far
33078,Dofheicthe,,,the
33079,chive,,,e
33080,Báis,,,áis
33081,dálais,,dá,ais
33082,Eagla,,,a
33083,d'oibriú,d',,iú
33084,riachtanais,,,ais
33085,grúmaeireachta,,,ta
33086,misneach,,,each
33087,togha-ranna,t,,anna
33088,deoraíochta,,,ta
33089,margú,,,ú
33090,mion-aoise,,mion,se
33091,pearsantaithe,,,aithe
33092,cliniciúil,,,úil
33093,scamallach,,,ach
33094,comhchuraclaim,,comh,aim
33095,n-chuideachta,,,ta
33096,vearnaise,,,se
33097,ndiúscrófar,n,,ófar
33098,Gaeltachta_Luathbhlianta,,,ta
33099,fhíordheimhniú,,,iú
33100,rithe,,,ithe
33101,fodhlí,,fo,í
33102,Sriantachtaí,,,taí
33103,Ruane,,,ne
33104,chomhtháthaithe,,,aithe
33105,fhisiceach,,,each
33106,Chalabrú,,,ú
33107,Bainistíonn,,,íonn
33108,dramhaíola,,,a
33109,Díolta,,,ta
33110,tomhaiseann,t,,eann
33111,fheistis,,,is
33112,Shíciatracha,,,acha
33113,Balúin,,,in
33114,tsaoire,t,,ire
33115,neamhiontaofa,,neamh,a
33116,ghann,,,ann
33117,lainseáil,,,áil
33118,próiseálaí,,,aí
33119,2017airgeadas,,,as
33120,choimisiúnta,,,ta
33121,Gúna,,,na
33122,tháirgiúlacht,,,acht
33123,frithdhúlagráin,,frith,in
33124,Mesopotamia,,,ia
33125,Tóirse,,,se
33126,féachtar,,,tar
33127,dhébheinsi-p-dé-ocsainí,,,í
33128,geallbhruidfar,,,far
33129,fhinnéithe,,,ithe
33130,réamhaisnéis,,réamh,is
33131,Féimheacht,,,eacht
33132,feiceálach,,,ach
33133,mBalcán,m,,án
33134,fhéadtar,,,tar
33135,baincéara,,bain,ra
33136,chothromaithe,,,aithe
33137,gCásanna,g,,anna
33138,síológ,,,óg
33139,theaghais,,,ais
33140,uastáillí,,uas,í
33141,h-Íosa,h-,,sa
33142,sárófaí,,sár,ófaí
33143,Struchtúracha,,,acha
33144,hoibreacha,h,,eacha
33145,Sinsearaí,,,aí
33146,gníomhaire,,,aire
33147,Barántúla,,,a
33148,fhéachfaidh,,,faidh
33149,tógála,t,,a
33150,fhoireann,,,eann
33151,breiseáin,,,in
33152,innealtóireachta,,in,ta
33153,doimhin,,do,in
33154,chinneadh,,,eadh
33155,calabrú,,,ú
33156,Saghsanna,,,anna
33157,Loingis,,,is
33158,chlis,,,is
33159,úsáidfimid,,,fimid
33160,páirtseisiúin,,páirt,in
33161,Bhuaiteoirí,,,í
33162,fhormhuineofar,,,far
33163,tharlóidh,,,óidh
33164,Truailleáin,,,in
33165,seiceáil,,,áil
33166,habhcóide,h,,e
33167,cheapann,,,ann
33168,Stoc-Mhargadh,,,adh
33169,cuartaíocht,,,aíocht
33170,Comhlacht,,,acht
33171,imreoidh,,im,idh
33172,Atlantaigh,,,aigh
33173,toirte,t,,te
33174,bhrú,,,ú
33175,potaireachta,,,ta
33176,Dea-uirlis,,,is
33177,gnáthráta,,gnáth,ta
33178,monarcha-cheannuithe,,mona,ithe
33179,Mantán,,,án
33180,Mhíochaine,,,ne
33181,Tuatha,,,tha
33182,deachúil,,dea,úil
33183,loghfar,,,far
33184,caoin,,,in
33185,garraí,,gar,aí
33186,sruthlíniú,,,iú
33187,imoibríonn,,im,íonn
33188,mhinearáil,,,áil
33189,Comhtháthaithe,,,aithe
33190,craoibhe,,,e
33191,measa,,,sa
33192,bpearsain,b,,in
33193,Seoladh,,,adh
33194,buanna,,buan,anna
33195,dTeicneolaíocht,d,,aíocht
33196,Aiscí,,,í
33197,seachnóidh,,,óidh
33198,thiomsaigh,,,aigh
33199,Ceadaíonn,,,aíonn
33200,ardchríochnaithe,,ard,aithe
33201,chónascfaidh,,,faidh
33202,choilíneacht,,,eacht
33203,Bhriste,,,te
33204,Snáithithe,,,ithe
33205,Seónna,,,na
33206,Meantóireacht,,,eacht
33207,Paitinn,,,inn
33208,seiceadóirí,,,í
33209,haraíonacht,h,,acht
33210,earnáil,,,áil
33211,chlóis,,,óis
33212,dromchla-léine,,,ne
33213,ardvoltas,,ard,tas
33214,ghabháiltaisí,,,í
33215,mBuachaillí,m,,í
33216,Chreata,,,ta
33217,teiteanas,t,,as
33218,leabharlannaithe,,,aithe
33219,dhréacht-leaganacha,,,acha
33220,Iníoctha,,,tha
33221,bhfágann,bh,,ann
33222,maireachtála,,,a
33223,Oireachtais,,,ais
33224,Taoide,,,e
33225,gceathrúin,g,,in
33226,cneasaímid,,,aímid
33227,Dréachtléarscáileanna,,,eanna
33228,Ghleasta,,,ta
33229,Laighnigh,,,igh
33230,Chuntas,,,tas
33231,Hi-chomhoibriú,,,iú
33232,scairteach,,,each
33233,Mhaoinithe,,,ithe
33234,dtrádálaithe,d,,aithe
33235,dTurcach,d,,ach
33236,dhíolta,,,ta
33237,Meabhair-Shláinte,,,te
33238,aon-vóta,,aon,ta
33239,dleathacha,,,acha
33240,cíche,,,e
33241,bhuana,,,na
33242,heictilítear,h,,ítear
33243,conan,,,an
33244,vice,,,e
33245,leigfidh,,,fidh
33246,dhíobhálaithe,,,aithe
33247,Cuspóra,,,ra
33248,Iúda,,,da
33249,Ionad,,,ad
33250,Chorparáide,,,e
33251,ghrúpchuntais,,,ais
33252,parasítí,,para,ítí
33253,sreathanna,,,anna
33254,Cómhaoin,,,in
33255,n-éifeachtaí,n-,,taí
33256,saor-bhealach,,,ach
33257,Siopa,,,a
33258,Choistí,,,tí
33259,dochorraithe,,do,aithe
33260,Úsáideora,,,ra
33261,ndíghalrú,n,dí,ú
33262,seanma,,sean,a
33263,Oí,,,í
33264,cúisíodh,,,íodh
33265,soláthraíonn,,so,aíonn
33266,Beartaíonn,,,aíonn
33267,Beireataisí,,,í
33268,hiondúil,h,ion,úil
33269,fhaigh,,,aigh
33270,frithsheasmhach,,frith,ach
33271,thraenálaí,,,aí
33272,míchumasach,,mí,ach
33273,dréachtsonraíocht,,,aíocht
33274,neamh-iontoghtha,,neamh,tha
33275,Teachta,,,ta
33276,brabúsacha,,,acha
33277,Móra,,,ra
33278,chláraitheora,,,ra
33279,gceartúchán,g,,án
33280,n-iarrfaí,n-,iar,aí
33281,Comhachta,,,ta
33282,bpinsinéir,b,,éir
33283,thighis,,,is
33284,n-samhradh,,,radh
33285,t-ionfhabhtú,t-,ion,ú
33286,frithdhumpála,,frith,a
33287,Bliantúla,,,a
33288,seoda,,,da
33289,uaigneach,,,each
33290,ghoireas,,,eas
33291,ardbhearta,,ard,ta
33292,lúnasa,,,sa
33293,chothromasach,,,ach
33294,ndlúthchomharaíocht,n,,aíocht
33295,phlandálacha,,,acha
33296,thubaiste,,,te
33297,ndliteanais,n,,ais
33298,fluairín,,,ín
33299,réabfaidh,,réa,faidh
33300,aer-faoiseamh,,aer,amh
33301,inmheán,,in,eán
33302,ró-chostasúil,,ró,úil
33303,n-institiúidí,n-,in,í
33304,shlatiascaireacht,,,eacht
33305,comhshocrú,,comh,ú
33306,baill-bunaitheoirí,,,í
33307,Clós,,,ós
33308,tumtha-ola,t,,a
33309,ghabháltas,,,tas
33310,Tobága,,,ga
33311,comhdhéanmhais,,comh,ais
33312,bradach,,,ach
33313,Aoife,,,e
33314,dtrealmhú,d,,ú
33315,frith-mhiocróbach,,frith,ach
33316,Muirearú,,,ú
33317,heolaithe,h,eo,aithe
33318,iomaí,,,aí
33319,frithghníomhartha,,frith,tha
33320,sacraim,,,aim
33321,Scair-shealbhacha,,,acha
33322,Naipcín,,,ín
33323,Buan-Oglaigh,,,aigh
33324,húinéireachta,h,,ta
33325,dtrádála,d,,a
33326,n-ábharóirí,n-,,í
33327,ngilidíní,n,,í
33328,an-aigéad,,an,éad
33329,inchánach,,in,ach
33330,coinsíneachtaí,,,taí
33331,ildaite,,il,te
33332,mbogearraí,m,bog,aí
33333,ghnáthchaitheamh,,,amh
33334,leictreoin,,leictr,in
33335,thrasnaíl,,,aíl
33336,coinneáilsuas,,,as
33337,Reachtaire,,,aire
33338,thuisceanach,,,ach
33339,huathoibríocht,h,uath,íocht
33340,Iltacaíocht,,,aíocht
33341,biteicneolaíochta,,bi,ta
33342,eiseamláirí,,,í
33343,phríobháideach,,,each
33344,Cuardaitheora,,,ra
33345,fiontraí,,,traí
33346,Ghaelscoileanna,,,eanna
33347,roisíní,,ro,í
33348,burgúine,,,ne
33349,cleamhnas,,,as
33350,Liospóin,,,in
33351,comhfhreagraíonn,,comh,aíonn
33352,seoladán,,,adán
33353,Teastóidh,,,óidh
33354,Iontrálfar,,,far
33355,Rangbhunaithe,,,aithe
33356,tosaigh,t,,aigh
33357,shéala,,,a
33358,clóra-alcaileach,,,each
33359,lipéad,,,éad
33360,metode,,,e
33361,bailitheoir,,,eoir
33362,baiste,,,te
33363,spesialta,,,ta
33364,hárscéalta,h,,ta
33365,cruinnithe,,,ithe
33366,Fairisíneach,,,each
33367,Neamhrialtasacha-Eagraíocht,,,aíocht
33368,d'fháltais,d',,ais
33369,mhaire,,,aire
33370,torthaí,t,,aí
33371,léirítear,,,ítear
33372,ghéanna,,,anna
33373,árachuithe,,,ithe
33374,bin,,bi,in
33375,Moldóive,,,e
33376,eascraí,,eas,aí
33377,Iontaobhaí,,,aí
33378,Tomhaiseann,,,eann
33379,hAthghairmtear,h,,ear
33380,cholainn,,,inn
33381,tíorántachta,t,,ta
33382,t-árachóir,t-,,óir
33383,pear,,,ear
33384,sheolta,,,ta
33385,uirthe,,,the
33386,agóideora,,,ra
33387,siltin,,,in
33388,dtollán,d,,án
33389,déileáil,,dé,áil
33390,ilmheán,,il,eán
33391,gCúl-Chiste,g,,te
33392,n-iompórtálann,n-,,lann
33393,Múineadh,,,eadh
33394,ionstadtha,,ion,tha
33395,gclárófaí,g,,ófaí
33396,fhíorthábhachtach,,,ach
33397,dearbháin,,dearbh,in
33398,ríomhaireach,,ríomh,each
33399,ghrádhfinn,,,finn
33400,Brabús-Roinnte,,,te
33401,bheo-acmhainní,,,í
33402,Phríomh-Oifigeach,,,each
33403,ghníomhach,,,ach
33404,huirlis,h,,is
33405,bhreoiteachta,,,ta
33406,athchúrsach,,ath,ach
33407,chumaiscthe,,,the
33408,bhuntáistí,,,tí
33409,cheannaitheora,,,ra
33410,foircinn,,fo,inn
33411,fhanfas,,,fas
33412,caisleáin,,,in
33413,mion-díola,,mion,a
33414,gníomhachtaí,,,taí
33415,Cailíní,,,í
33416,Giúistísí,,,í
33417,inchinn,,in,inn
33418,Otslaivanie,,,e
33419,eadóirsithe,,,ithe
33420,ingearacha,,in,acha
33421,Oibríonn,,,íonn
33422,feinade,,,e
33423,Phátrúnacht,,,acht
33424,Cumas,,,as
33425,ointe,,,te
33426,n-cailín,,,ín
33427,luchtóg,,,óg
33428,cléir,,,éir
33429,choiteann,,,eann
33430,threoraigh,,,aigh
33431,chruithneachtan,,,an
33432,saintréimhse,,sain,se
33433,éifeachtúlachta,,,ta
33434,Comhoibriú,,,iú
33435,baictéireachtaí,,,taí
33436,oirthear,,oir,ear
33437,leantóra,,,ra
33438,Dearbhaíonn,,,aíonn
33439,plúchadh,,,adh
33440,Treoshuíomh-dearfach,,,ach
33441,ilpháirteach,,il,each
33442,Albain,,,in
33443,Mheán,,,eán
33444,Udarásanna,,,anna
33445,Trasalvánacha,,,acha
33446,Nua-aimseartha,,,tha
33447,n-náisiúin,,,in
33448,D'infheisteoirí,D',in,í
33449,coigistithe,,,ithe
33450,Béim,,,im
33451,aireiad,,,ad
33452,aontaitheoir,,aon,eoir
33453,ósta,,,ta
33454,dleathaigh,,,aigh
33455,fhianaithe,,,aithe
33456,chuirfidh,,,fidh
33457,gluaisteáin,,,in
33458,Réigiúnaí,,,aí
33459,Dearthóirí,,,í
33460,an-éasca,,an,a
33461,araile,,,e
33462,chorpraithe,,,aithe
33463,comaoine,,,ne
33464,contae-bhuirgí,,,í
33465,Dheontóra,,,ra
33466,dhroim,,,im
33467,Stocaí,,,aí
33468,Rannpháirtíocht,,,íocht
33469,ligeadh,,,eadh
33470,blianacht,,,acht
33471,Dírítear,,,ítear
33472,Frith-meirge,,,e
33473,chláraitheachta,,,ta
33474,Mháistirphlean,,,an
33475,Regiúnach,,,ach
33476,misean,,,sean
33477,suirí,,,í
33478,Fad,,,ad
33479,Seirbiach,,,ach
33480,bhfiachas,bh,fia,achas
33481,fasach,,,ach
33482,shíoraí,,,aí
33483,slánaithe,,,aithe
33484,Fástar,,,tar
33485,leabhrán,,,án
33486,shoiléire,,,ire
33487,scoradáin,,,in
33488,chomhlíonfas,,,fas
33489,mheáin,,,in
33490,7adh,,,adh
33491,thriaileann,,,eann
33492,Deimhneoidh,,,idh
33493,meiteabópacha,,,acha
33494,cúntóirí,,,í
33495,gcruthnóidh,g,,óidh
33496,foréadan,,for,an
33497,cumarsáide,,,e
33498,d'ialtóga,d',,ga
33499,fhillteach,,,each
33500,Duiche,,,e
33501,ndráma,n,,a
33502,DÓ-bliana,,,na
33503,Clúdaíodh,,,íodh
33504,Jerome,,,e
33505,Amharcléiriú,,,iú
33506,duite,,,te
33507,Snáithín,,,ín
33508,n-uiscebhealaí,n-,,aí
33509,pholláin,,,in
33510,n-iompraíonn,n-,,aíonn
33511,Núicléach,,,ach
33512,gcoisctear,g,,ear
33513,Réir,,,éir
33514,himoibreán,h,im,eán
33515,Scaoiltear,,,ear
33516,dtáthú,d,,ú
33517,ceannaíodh,,ceann,íodh
33518,céanna,,,anna
33519,giniúna,,,na
33520,táirgeachta,t,,ta
33521,seachadfaí,,,aí
33522,Dearbhuithe,,,ithe
33523,buanseasmhacht,,buan,acht
33524,Briathra,,,ra
33525,bhFeisirí,bh,,í
33526,2-ú,,,ú
33527,móid,,,óid
33528,fhreasúra,,,ra
33529,Dheas,,,eas
33530,t-airmheán,t-,,eán
33531,t-amhrán,t-,am,án
33532,theangain,,,in
33533,bhfiosrúchán,bh,,án
33534,mhianach,,,ach
33535,matamaiticiúil,,,úil
33536,Ceoltóir,,,tóir
33537,déanmhachta,,dé,ta
33538,forghníomhaíodh,,for,íodh
33539,chionchúis,,,is
33540,lintéir,,,éir
33541,Breithniú,,,iú
33542,tubaisteach,t,,each
33543,inmheilte,,in,te
33544,Ceanneagraíochtaí,,,taí
33545,ndífhostaithe,n,dí,aithe
33546,cinn,,,inn
33547,réamhdhéanta,,réamh,ta
33548,Tréigthe,,,the
33549,Múineann,,,eann
33550,cónaitheora,,,ra
33551,máchailiú,,,iú
33552,Bun-vóta,,,ta
33553,Mhálta,,,ta
33554,suirbhéirí,,,í
33555,soladach,,so,ach
33556,comhráite,,comh,te
33557,dtraenacha,d,,acha
33558,neamhbhunaithe,,neamh,aithe
33559,neamhchlóthach,,neamh,ach
33560,íocóra,,,ra
33561,Comhaontuithe,,,ithe
33562,chásanna,,,anna
33563,Fiáin,,,in
33564,theistiú,,,iú
33565,shábháil,,,áil
33566,dtabharfaidh,d,,faidh
33567,maolaíonn,,,aíonn
33568,Cáilitheachta,,,ta
33569,Reachtáladh,,,adh
33570,airgeadóir,,,adóir
33571,Treoshuíomh-gníomhach,,,ach
33572,dea-intinn,,dea,inn
33573,pléadáil,,,áil
33574,príobháideacha,,,eacha
33575,bunaíochtaí,,bun,taí
33576,ualach-líne,,,ne
33577,Complachta,,,ta
33578,forlíontaí,,for,taí
33579,phaisinéara,,,ra
33580,Mheiriceánacha,,,acha
33581,Hata,,,ta
33582,orúil,,,úil
33583,Airmheán,,,eán
33584,liteagrafaíochta,,,ta
33585,Brescia,,,ia
33586,8adh,,,adh
33587,for-cháin,,for,in
33588,chuain,,,in
33589,speisialtachtaí,,,taí
33590,Inis,,,is
33591,shaoradh,,,radh
33592,Earsmate,,,te
33593,fuar-rollta,,,ta
33594,meascán,,,án
33595,Ocsaigin,,,gin
33596,glacadóir,,,adóir
33597,ghreann,,,eann
33598,spíonadh,,,adh
33599,Ukraine,,,ne
33600,Oideachais,,,ais
33601,imscrúdaithí,,im,í
33602,fo-choiste,,fo,te
33603,cheartaithe,,,aithe
33604,deoin,,,in
33605,Ceistneoir,,,eoir
33606,Kazakhstan-Iran-Turkmenistan,,,an
33607,Úcráinis,,,is
33608,gcomhscoláirí,g,comh,í
33609,Heilléanach,,,ach
33610,Ghinéive,,,e
33611,shoiléirigh,,,igh
33612,phróiseáil,,,áil
33613,nOibreacha,,,eacha
33614,Toghcháin,,,in
33615,Chomhachta,,,ta
33616,siúcraí,,,aí
33617,chinnidh,,,idh
33618,oirfidh,,oir,fidh
33619,aoisliúntais,,,ais
33620,Voltas,,,tas
33621,tighis,t,,is
33622,mhilseog,,,eog
33623,árthaí,,,aí
33624,Maíonn,,,aíonn
33625,Phleanáilte,,,te
33626,ainmniúchán,,ain,án
33627,fhreagairtí,,,tí
33628,hIarscríbhinn,h,,inn
33629,Phlaistigh,,,tigh
33630,Bainise,,,se
33631,aireachasú,,,ú
33632,míchaoithiúlacht,,mí,acht
33633,Chónaigh,,,aigh
33634,n-éasúintí,n-,éa,tí
33635,comhlachaisí,,comh,í
33636,taiscealaíochta,t,tais,ta
33637,anfhorlann,,an,lann
33638,seachthorthaí,,seacht,aí
33639,páirt-úinéireacht,,páirt,eacht
33640,iomaireach,,,each
33641,bíodh,,,íodh
33642,R-Thairiscintí,,,tí
33643,modhnaíodh,,,íodh
33644,insitiúideacha,,in,eacha
33645,thábhachtach,,,ach
33646,Bróidnéireacht,,,eacht
33647,Mhaoirseachta,,,ta
33648,soláthruíodh,,so,íodh
33649,paisinéir,,,éir
33650,mbéilí,m,,í
33651,chúrsa,,,sa
33652,hatheisiúna,h,ath,na
33653,Bunú,,,ú
33654,éinní,,,í
33655,scrúdófaí,,,ófaí
33656,dhámhachtana,,,na
33657,In-Ardteistiméire,,,ire
33658,tionlacain,t,,in
33659,iompraíochta,,,ta
33660,das,,,as
33661,beithe,,,ithe
33662,tharmligtear,,,ear
33663,ndealraíonn,n,dea,aíonn
33664,ionadaíochta,,ion,ta
33665,atmaisféarach,,,ach
33666,Sealadach,,,ach
33667,charranna,,,anna
33668,cuimhneachán,,,achán
33669,damáistithe,,,ithe
33670,Trathanna,,,anna
33671,Sosa,,,sa
33672,phríomháite,,,te
33673,foriomlána,,for,na
33674,cainníocht,,,íocht
33675,mhodúil,,,úil
33676,tionscantóir,t,,tóir
33677,neamhinniúlach,,neamh,ach
33678,bhfeicfear,bh,,fear
33679,Beicear,,,ear
33680,Freastalóidh,,,óidh
33681,amanna,,am,anna
33682,cócaire,,,aire
33683,athdhúichithe,,ath,ithe
33684,staideanna,,,eanna
33685,nGiúdach,n,,ach
33686,n-altraí,n-,,traí
33687,oblagáide,,,e
33688,pháirtaimseartha,,,tha
33689,híoctha,h,,tha
33690,deontaí,,,taí
33691,mhuirearófaí,,,ófaí
33692,Rothlaithe,,,aithe
33693,n-Oifigeach,n-,,each
33694,Fhiosracht,,,acht
33695,liana,,,na
33696,ionchorpraithe,,ion,aithe
33697,Bhreoslaí,,,aí
33698,dearg-donn,,dea,nn
33699,BBCAfrica,,,a
33700,Bhuan-Ordú,,,ú
33701,idináisiúnta,,,ta
33702,Chorca,,,a
33703,bhfiaclóir,bh,fia,óir
33704,bhfaighteoirí,bh,,í
33705,geoiméadracht,,geo,méadracht
33706,domhain-uisce,,do,e
33707,báisín,,,ín
33708,chomhaontaíonn,,,aíonn
33709,Cleithiúnach,,,ach
33710,Rúndacht,,,acht
33711,ChampionsLeague,,,e
33712,díograiseoirí,,dí,í
33713,oll-lónadóirí,,oll,í
33714,dtabharfadh,d,,fadh
33715,eascanna,,eas,anna
33716,chomharsana,,,na
33717,Deartháireacha,,,eacha
33718,Sreangaithe,,,aithe
33719,chearnógacha,,,acha
33720,féilirí,,,í
33721,d'fhear,d',,ear
33722,pheaca,,,a
33723,mhílaois,,,is
33724,ailse,,,se
33725,múchán,,,án
33726,mhúchadh,,,adh
33727,imigh,,im,igh
33728,an-torthúil,,an,úil
33729,tuáillí,t,,í
33730,t-achuingeoir,t-,,eoir
33731,airgeadraí,,,aí
33732,chéir,,,éir
33733,comhchaighdeáin,,comh,in
33734,plandálacha,,,acha
33735,spásúil,,,úil
33736,achtúire,,,ire
33737,ainmnigh,,ain,igh
33738,ordathacht,,,acht
33739,coinnibh,,,ibh
33740,dúsachtach,,dú,ach
33741,míthaitneamhaí,,mí,aí
33742,chealófar,,,ófar
33743,reachtaigh,,,aigh
33744,Domhanfhad,,,ad
33745,Chairde,,,e
33746,shoilsiú,,,iú
33747,phróiseálaí,,,aí
33748,fheicimid,,,imid
33749,meadh,,,eadh
33750,cumaiscthe,,,the
33751,chomhchineáil,,,áil
33752,Tumasjan,,,an
33753,Séaraigh,,,aigh
33754,gcomhairliúchán,g,comh,án
33755,urramaítear,,ur,ítear
33756,ceannachán,,ceann,achán
33757,Ohaba,,,a
33758,dreapadh,,,adh
33759,she,,,e
33760,Zú,,,ú
33761,longbhriseadh,,,eadh
33762,n-údaraítear,n-,,ítear
33763,piolóin,,,in
33764,láníoctha,,,tha
33765,hathstruchtúrú,h,ath,ú
33766,fholigean,,,an
33767,fáighte,,,te
33768,Comhbhainteacha,,,eacha
33769,grúpaí,,grúp,aí
33770,Ear-Éisteacht,,,eacht
33771,feadfidh,,,fidh
33772,bunachais,,bun,ais
33773,bhítear,,,ítear
33774,uachtaránachta,,,ta
33775,róthe,,ró,the
33776,Póilíneachta,,,ta
33777,sásúil,,,úil
33778,gnáthoibríocht,,gnáth,íocht
33779,neamhdhleathaí,,neamh,aí
33780,Bríonna,,,na
33781,riail-choiníollacha,,,acha
33782,Doiciméad,,,éad
33783,eachma,,,a
33784,teorantóirí,t,teo,í
33785,idirscartha,,idir,tha
33786,Seanad,,,ad
33787,Meaitseáil,,,áil
33788,éadain,,éa,in
33789,toirmiscthe,t,,the
33790,nGleann,n,,eann
33791,roimh-íoctha,,ro,tha
33792,críonnacht,,,acht
33793,fheabhsaitheoir,,,eoir
33794,inbhuanaitheacht,,in,eacht
33795,sínitheoirí,,,í
33796,béim,,,im
33797,Eoghain,,,in
33798,drumadóir,,,adóir
33799,sin,,,in
33800,buan-oifigeach,,buan,each
33801,neamhdhliteanach,,neamh,ach
33802,Eachtrach,,,ach
33803,athdhéanta,,ath,ta
33804,Traidisiúin,,,in
33805,caighdeáin,,,in
33806,gafa,,,a
33807,bhille,,,e
33808,hurscaoileadh,h,ur,eadh
33809,naonúr,,,úr
33810,tharaifí,,,fí
33811,Nokia,,,ia
33812,lom-ainneoin,,,in
33813,mbainistí,m,bain,tí
33814,gcuirfidh,g,,fidh
33815,Céadchéime,,,e
33816,aischéimnithí,,ais,í
33817,breoiteachta,,,ta
33818,sruth-líonta,,,ta
33819,chiontós,,,ós
33820,beoir,,,eoir
33821,aiséirithe,,ais,ithe
33822,hathdhéanamh,h,ath,amh
33823,nionadaithe,,,aithe
33824,toghroinn,t,,inn
33825,gradaim,,,aim
33826,comhairleach,,comh,each
33827,ard-threoraithe,,ard,aithe
33828,chomhdaítear,,,ítear
33829,ndearbhaíonn,n,dea,aíonn
33830,n-aiscí,n-,ais,í
33831,Ealaíochta,,,ta
33832,reachtas,,,tas
33833,gearrfhanachta,,gearr,ta
33834,colscarthaí,,,aí
33835,Beinin,,,in
33836,sealaithe,,,aithe
33837,neamhréitithe,,neamh,ithe
33838,Picteilíneach,,,each
33839,n-aistreofaí,n-,ais,aí
33840,dheireanacha,,,acha
33841,bhunaithe,,,aithe
33842,tséis,t,,is
33843,Gleann,,,eann
33844,ligfí,,,fí
33845,gránaigh,,,aigh
33846,príomh-mhatán,,príomh,án
33847,Mana,,,na
33848,deacrachtaí,,dea,taí
33849,fáis,,,áis
33850,n-acne,n-,,ne
33851,mbreis,m,,is
33852,idir-inoibritheacht,,idir,eacht
33853,Natalia,,,ia
33854,héigeartú,h,,ú
33855,X-ghathaithe,,,aithe
33856,fógraíocht,,,aíocht
33857,tuatha,t,,tha
33858,uasiarracht,,uas,acht
33859,frithshóisialta,,frith,ta
33860,postvótaí,,,taí
33861,lascainte,,las,te
33862,PhrÁobháideach,,,each
33863,thuillteanais,,,ais
33864,fhormhuiniú,,,iú
33865,coibhneasta,,,ta
33866,laghdóidh,,lag,óidh
33867,thabharfadh,,,fadh
33868,choinbhleactaí,,,taí
33869,sainchomhairliúcháin,,sain,in
33870,acmhainní,,,í
33871,Taithí,,,í
33872,h-earnála,h-,,a
33873,soghluaisteachta,,so,ta
33874,easláine,,eas,ne
33875,Pléitear,,,ear
33876,cataláití,,,tí
33877,slánaíonn,,,aíonn
33878,truflais,,,ais
33879,Treoracha,,,acha
33880,Foodie,,,e
33881,Aibhsithe,,,ithe
33882,Foirmiú,,,iú
33883,oiliúnóirí,,,í
33884,phríomhfhreagracht,,,acht
33885,carachtar,,,tar
33886,Incháilithe,,,ithe
33887,monaróirí,,mona,í
33888,astaíochta,,as,ta
33889,clogtha,,,tha
33890,hiontaoibh,h,ion,ibh
33891,saighdeoir,,,eoir
33892,tairní,t,,í
33893,fheiceáil,,,áil
33894,barrchaighdeáin,,barr,in
33895,comhairliúcháin,,comh,in
33896,Bunúsacha,,,acha
33897,lebileog,,,eog
33898,Chlarúcháin,,,in
33899,bháis,,,áis
33900,neamh-aibidh,,neamh,idh
33901,tomhasfar,t,,far
33902,sholúbthachta,,,ta
33903,aonchineálach,,aon,ach
33904,Cobhsaíochta,,,ta
33905,Clochartaigh,,,aigh
33906,Luchta,,,ta
33907,gcúirteanna,g,,eanna
33908,déan,,dé,an
33909,D'athdhearbhaigh,D',ath,aigh
33910,gnáthamh,,gnáth,amh
33911,Chríocha,,,a
33912,aibíocht,,,íocht
33913,fíteashláintíochta,,,ta
33914,n-dáil,n-,dá,áil
33915,earnáilsonracha,,,acha
33916,hairgeadasú,h,,ú
33917,aerárthach,,aer,ach
33918,tonnáiste,t,,te
33919,roghnóir,,ro,óir
33920,ngnátháit,n,gnáth,áit
33921,athróga,,ath,ga
33922,Cuimseoidh,,,idh
33923,n-éileofar,n-,,far
33924,Miondíoltóirí,,,í
33925,muiceola,,,a
33926,gconnradh,g,,radh
33927,cóghléasadh,,,adh
33928,Chiallaigh,,,aigh
33929,ghníomhairí,,,í
33930,oscailte,,os,te
33931,stoidiaca-Ailse,,,se
33932,Bhile,,,e
33933,mótarfheithicle,,,e
33934,cheadúnaisí,,,í
33935,páirteacha,,páirt,eacha
33936,adúradh,,,radh
33937,d'aistrigh,d',ais,igh
33938,pictiúrlainne,,,ne
33939,t-aois-liúntas,t-,,tas
33940,cathrach,,,ach
33941,Chomhairleoirí,,,í
33942,Trodaithe,,,aithe
33943,soinneáin,,so,in
33944,measctha,,,tha
33945,dánta,,dá,ta
33946,sheola,,,a
33947,Cumhra,,,ra
33948,n-cine,,,ne
33949,dtolláin,d,,in
33950,Oiliúna,,,na
33951,Reachta,,,ta
33952,ve,,,e
33953,cheoltóirí,,,í
33954,dtrealamh,d,,amh
33955,gheobhfaí,,,aí
33956,Rain,,,in
33957,próisis,,,is
33958,FPEanna,,,anna
33959,ath-láimhseoirí,,ath,í
33960,Folláine,,,ne
33961,t-éagumas,t-,éa,as
33962,gcónaíonn,g,,aíonn
33963,fo-rialach,,fo,ach
33964,tromchúise,,,se
33965,aiséirí,,ais,í
33966,réitithe,,ré,ithe
33967,srian,,,an
33968,Scipeáil,,,áil
33969,biabhóige,,bi,e
33970,Bannaí,,,aí
33971,cheannathóir,,,thóir
33972,Comhnaithe,,,aithe
33973,fhollasghnéitheacht,,,eacht
33974,táblaí,t,,aí
33975,forordófar,,for,ófar
33976,scóltach,,,ach
33977,trasnánach,,tras,ach
33978,iniúchadh,,in,adh
33979,bullaÁochta,,,ta
33980,gcléireach,g,,each
33981,chó-líona,,,na
33982,thoscaireacht,,,eacht
33983,FrithChalaoise,,,se
33984,uathrochtaithe,,uath,aithe
33985,thrian,,,an
33986,urrúsanna,,ur,anna
33987,topaicí,t,,í
33988,style,,,e
33989,ró-mhúnlú,,ró,ú
33990,tseirbhísí,t,,í
33991,ghnáth-cheadúnas,,,únas
33992,drochriaracháin,,droch,in
33993,ardinniúlacht,,ard,acht
33994,fiadhúlra,,fia,ra
33995,chailliúint,,,úint
33996,fochuideachtain,,fo,in
33997,ardluais,,ard,ais
33998,honnmhairí,h,,í
33999,Sibhialtach,,,ach
34000,n-rogha,,,a
34001,fhéinchlárú,,,ú
34002,smeach-sceana,,,na
34003,comhthoiliú,,comh,iú
34004,Léiriú,,,iú
34005,mór-chaighdeán,,mór,eán
34006,gcomhtháthú,g,comh,ú
34007,omhstádas,,,as
34008,macrachothaitheach,,macra,each
34009,pictiúr-gailearaí,,,aí
34010,Saor-bhearnaí,,,aí
34011,Leave,,,e
34012,Ríomhiris,,,is
34013,dílamhálfaidh,,dí,faidh
34014,Gníomhú,,,ú
34015,Cheartchreidmheach,,,each
34016,Comhlíontachta,,,ta
34017,d'ath-chinneadh,d',ath,eadh
34018,bhlaistithe,,,ithe
34019,Bhflaitheas,,,eas
34020,gComhchoiste,g,,te
34021,claiseanna,,,eanna
34022,ngaireas,n,,eas
34023,dlúthchuideachta,,,ta
34024,d'oirfea,d',oir,a
34025,dhlíchóras,,,as
34026,Corantaigh,,,aigh
34027,Aspromonte,,,te
34028,muilleoga,,,ga
34029,ullamhóid,,,óid
34030,Rúiseach,,,each
34031,gcomhachtanna,g,comh,anna
34032,iolracha,,,acha
34033,fhéinmheasúnaithe,,,aithe
34034,phrofa,,,a
34035,d'iarmhéidí,d',iar,í
34036,eachtraíochta,,,ta
34037,rudaí,,,aí
34038,taispeántas,t,tais,tas
34039,Frith-duillín,,,ín
34040,phostálann,,,lann
34041,príobháideachais,,,ais
34042,anabalacha,,ana,acha
34043,chealú,,,alú
34044,shainchruinniú,,,iú
34045,hEisiúna,h,,na
34046,cluaineadóir,,,adóir
34047,Gortaíodh,,,íodh
34048,Gniomhaire,,,aire
34049,cinnteoireachta,,cinn,ta
34050,amharclannaíochta,,am,ta
34051,shainithe,,,ithe
34052,príomhbhuntáiste,,príomh,te
34053,Ceanglais,,,ais
34054,zú,,,ú
34055,neamhtheasctha,,neamh,tha
34056,Gníomhaíochta,,,ta
34057,foilsíonn,,fo,íonn
34058,Pramipexole,,,e
34059,hillocks-bacainní,h,il,í
34060,Thairiscintí,,,tí
34061,Ghluaiseacht,,,eacht
34062,bhfolóidh,bh,fo,óidh
34063,picteilíní,,,í
34064,leachtú,,,ú
34065,faitíos,,,íos
34066,Uaireanta,,,ta
34067,dleathúil,,,úil
34068,frithgheiniúnach,,frith,ach
34069,scéalta,,,ta
34070,Airleacain,,,in
34071,n-úsáidfeadh,n-,,eadh
34072,Ard-iontaofacht,,,acht
34073,insiltí,,in,tí
34074,líthigh,,,igh
34075,d'fhíneáil,d',,áil
34076,bhfostaíochta,bh,fo,ta
34077,n-éilíonn,n-,,íonn
34078,neamhdhofheicthe,,neamh,the
34079,Milis,,,is
34080,leabaidh,,,aidh
34081,bhannastóras,,,as
34082,habairte,h,,te
34083,fheidhmiúlacht,,,acht
34084,allmhairíochta,,,ta
34085,rithtear,,,ear
34086,íocaíochtanna,,,anna
34087,d'fhéadfadhNí,d',,í
34088,Kamasutra,,,ra
34089,fhaigtear,,,ear
34090,Blonde,,,e
34091,ghárdadh,,,adh
34092,dí-armála,,dí,a
34093,dóchúlacht,,dó,acht
34094,armtha,,,tha
34095,mhéadaigh,,,aigh
34096,neamh-oibrithe,,neamh,ithe
34097,bhun-Rialachán,,,achán
34098,Déileálaithe,,,aithe
34099,shuíonn,,,íonn
34100,aerála,,aer,a
34101,lÃoide,,,e
34102,réamhthuairimí,,réamh,í
34103,heaglaisí,h,,í
34104,leantar,,,tar
34105,Ainéimiméadar,,,méadar
34106,gluaisteán,,,eán
34107,Chinn,,,inn
34108,tArd-Aighne,t,,ne
34109,coiligh,,,igh
34110,mínitheach,,mín,each
34111,Cíoch-Scrúdaithe,,,aithe
34112,oidhreachtaí,,,taí
34113,féin-dhéanta,,féin,ta
34114,n-bainise,,,se
34115,ndiúltaí,n,,taí
34116,ghaolmhaireacht,,,eacht
34117,Ba,,,a
34118,Bailecheanntar,,,tar
34119,teileafónaíochta,t,,ta
34120,Ampat,,,pat
34121,uiscíéitéiseach,,,each
34122,shaoránach,,,ach
34123,chánacha,,,acha
34124,smaoinímid,,,ímid
34125,síntiúsach,,,ach
34126,cáinmheasa,,,sa
34127,dhíthiomnacht,,,acht
34128,chorraitheach,,,each
34129,ghéarú,,,ú
34130,gceachtar,g,,tar
34131,deaslámhacht,,dea,acht
34132,sprinkle,,,e
34133,súile,,,e
34134,chúlstiúrthóir,,,thóir
34135,cumhdófar,,,ófar
34136,suífear,,,fear
34137,fíorsholúbthacht,,fíor,acht
34138,n-aisíocfaí,n-,ais,aí
34139,ceartchreidmheacha,,,eacha
34140,Chlárathacht,,,acht
34141,díthe,,dí,the
34142,ceannaitheoir,,ceann,eoir
34143,mhótar,,,tar
34144,shainchumais,,,ais
34145,iomlan,,,an
34146,aslonnaithe,,as,aithe
34147,meáníocaíochtaí,,meán,taí
34148,Brúigh,,,igh
34149,sócmhainn,,,inn
34150,hAbhcóide,h,,e
34151,Iompraíochta,,,ta
34152,Tíolacas,,,as
34153,ceanglaítear,,,ítear
34154,odniesienie,,,e
34155,dhamáiste,,,te
34156,coisíní,,,í
34157,buaileann,,,eann
34158,ilúsáide,,il,e
34159,Dénártha,,,tha
34160,hionchorpruíodh,h,ion,íodh
34161,scardaidh,,,aidh
34162,dúblaigh,,dú,aigh
34163,Deichiú,,,iú
34164,Aiteamhail,,,amhail
34165,ardaítear,,ard,ítear
34166,calóracha,,,acha
34167,seachtainí,,seacht,í
34168,éistfar,,,far
34169,thabhú,,,ú
34170,Vildagliptin,,,in
34171,Treallamh,,,amh
34172,díolúintí,,dí,tí
34173,plátáilte,,,te
34174,mhaistreán,,,eán
34175,Taifeadann,,,ann
34176,Aireofar,,,far
34177,Cláróidh,,,óidh
34178,Plandaí,,,aí
34179,chomhairliúchán,,,án
34180,gcúlghairfear,g,cúl,fear
34181,catalógú,,,ú
34182,mbean,m,,an
34183,comórfaidh,,,faidh
34184,Orduithe,,,ithe
34185,píopaithe,,,aithe
34186,Teanga,,,ga
34187,géireanna,,,eanna
34188,Dronuilleogán,,,gán
34189,chur-ar-cíos,,,íos
34190,hArd-Fheise,h,,se
34191,cosmaiteoirí,,,í
34192,tionólfaidh,t,,faidh
34193,Domhanleithead,,,ad
34194,fineáil,,,áil
34195,dícháilithe,,dí,ithe
34196,Phacáiste,,,te
34197,sratú,,,ú
34198,dhíchóimeálann,,,lann
34199,chompordacha,,,acha
34200,Clódóireachta,,,ta
34201,cothaíonn,,,aíonn
34202,caibidlíodh,,,íodh
34203,hiomlánminicíocht,h,,íocht
34204,gcéanna,g,,anna
34205,Meáin,,,in
34206,cosáin,,,in
34207,chruithneacht,,,eacht
34208,riaradh,,,radh
34209,Socraítear,,,ítear
34210,deonachán,,,achán
34211,bhfeachtais,bh,,ais
34212,d'airgeadraí,d',,aí
34213,Fógartha,,,tha
34214,minice,,,e
34215,bhreabhadh,,,adh
34216,Chéibh,,,ibh
34217,anacrach,,ana,ach
34218,iad,,,ad
34219,Comhlíonadh,,,adh
34220,Tuaithe,,,aithe
34221,Zoya,,,a
34222,neamhchoipthe,,neamh,the
34223,aithis,,aith,is
34224,chásáil,,,áil
34225,cionn-teasa,,,sa
34226,coilíní,,,í
34227,tunaileoireacht,t,,eacht
34228,chaora,,,ra
34229,bhúnú,,,ú
34230,ngnáthóga,n,gnáth,ga
34231,talamh,t,,amh
34232,gnáth-dhleachta,,gnáth,ta
34233,comhchuibheas,,comh,eas
34234,tsármhaitheas,t,,eas
34235,aithne,,aith,ne
34236,dtosaítear,d,,ítear
34237,othabháil,,,áil
34238,bhaincéir,,,éir
34239,cuimsitheacht,,,eacht
34240,réamhíoctha,,réamh,tha
34241,meaisíniam,,,iam
34242,roimhráite,,ro,te
34243,Sarnaritan,,,an
34244,spás-ciallmhar,,,mhar
34245,croí,,,í
34246,tograí,t,,aí
34247,noise,,,se
34248,foirceanntar,,fo,tar
34249,Iascaireacht,,,eacht
34250,ubh-múnlaithe,,,aithe
34251,Sceitimíní,,,í
34252,neamhshiméadracha,,neamh,acha
34253,athshuiteáil,,ath,áil
34254,chúil,,,úil
34255,Meánoirthear,,,ear
34256,phlaisteacha,,,eacha
34257,gcéadóir,g,céad,adóir
34258,darach,,,ach
34259,dhílse-dheimhniú,,,iú
34260,rukkola,,,a
34261,tropaireacht,,,eacht
34262,lánroghnach,,,ach
34263,sciathán,,,án
34264,Beatha,,,tha
34265,pé'ca,,,a
34266,lorgaíonn,,,aíonn
34267,Léargas,,,as
34268,Threorú,,,ú
34269,urasaíodh,,ur,íodh
34270,Saigheadeochracha,,,acha
34271,tumadóireachta,t,,ta
34272,Ranníocaíochtaí,,,taí
34273,thoirmiscfidh,,,fidh
34274,luachmhar,,,mhar
34275,d'Adana,d',,na
34276,cáipéise,,,se
34277,ainsealach,,ain,ach
34278,súncála,,,a
34279,Ghaeltacht,,,tacht
34280,Iúpatar,,,tar
34281,hiomportáil,h,,áil
34282,ghabann,,,ann
34283,Gadaíochta,,,ta
34284,shóga,,,ga
34285,Cúrsaí,,,aí
34286,leictreoinna,,leictr,na
34287,d'oibrí,d',,í
34288,crapáin,,,in
34289,Fruilcheannaigh,,,aigh
34290,fhoclóir,,,óir
34291,bheagán,,,agán
34292,teallaigh,t,,aigh
34293,Fostú,,,ú
34294,dtíolacadh,d,,adh
34295,1830í,,,í
34296,cuntasioncaim,,,aim
34297,comhfhreagras,,comh,as
34298,saber-fiaclacha,,,acha
34299,réiteofaí,,ré,aí
34300,bheathúnais,,,ais
34301,chlogad,,,ad
34302,haisíocaíocht,h,ais,aíocht
34303,ríchíos,,,íos
34304,PrÃ3iseáil,,,áil
34305,beorach,,,ach
34306,Oifigí,,,igí
34307,glasraí,,glas,aí
34308,déimeagrafach,,dé,ach
34309,crainnigh,,,igh
34310,d'olaicídí,d',,í
34311,eirigh,,,igh
34312,callaireachta,,,ta
34313,sároidh,,sár,idh
34314,gharchomharsanacht,,,acht
34315,ceadúnach,,,ach
34316,réamhíoca,,réamh,a
34317,uaigneas,,,eas
34318,mí-shástachta,,mí,ta
34319,drochíde,,droch,e
34320,Soláthraítear,,,ítear
34321,D'fhoilsigh,D',,igh
34322,phraghsanna,,,anna
34323,phléadálacha,,,acha
34324,ceardchumann,,,ann
34325,cháilmheas,,,eas
34326,threalamh,,,amh
34327,inmhuirearaithe,,in,aithe
34328,scuaba,,,a
34329,Santa,,,ta
34330,Praghsanna,,,anna
34331,n-inchinn,n-,in,inn
34332,hiniúchóireachta,h,in,ta
34333,bhForálacha,bh,,acha
34334,dea-fheachtas,,dea,tas
34335,fhreagharthacht,,,acht
34336,chontae-bhainisteoir,,,eoir
34337,tsárú,t,,ú
34338,gnáthfheidhmiú,,gnáth,iú
34339,Batıkent-Sincan,,,an
34340,dréachtaithe,,,aithe
34341,seachnófaí,,,ófaí
34342,dócmhainneacha,,dó,eacha
34343,forfheidhmiúchán,,for,án
34344,Zyban,,,an
34345,Rialtaisí,,,í
34346,achosnódh,,,ódh
34347,dhúchais,,,ais
34348,Luain,,,in
34349,ríthábhachtach,,,ach
34350,Hipirtheannas,,,as
34351,modhnaithe,,,aithe
34352,dáilítear,,dá,ítear
34353,tsaothróra,t,,ra
34354,seanlíne,,sean,ne
34355,Iontaobhas,,,as
34356,fuaimiúla,,,a
34357,duillíní,,,í
34358,comheagras,,comh,as
34359,doimhne,,do,ne
34360,draeineacha,,,eacha
34361,n-aistrítear,n-,ais,ítear
34362,dteastaíonn,d,,aíonn
34363,threoracha,,,acha
34364,Athárachais,,,ais
34365,chomhluchta,,,ta
34366,coire,,,ire
34367,fhorlíontach,,,ach
34368,mhéadaíonn,,,aíonn
34369,lonchúiseamh,,,amh
34370,an-luaineach,,an,each
34371,ghearrthéarma,,,a
34372,déanach-aibithe,,dé,ithe
34373,neamhdhóthaineach,,neamh,each
34374,undemandingairde,,,e
34375,chrann,,,ann
34376,d'eascoin,d',eas,in
34377,tomhaltóra,t,,ra
34378,t-iar-cheannaire,t-,iar,aire
34379,chónaitheach,,,each
34380,bprátaí,b,,taí
34381,díghineachta,,dí,ta
34382,Leasuithe,,,ithe
34383,mionscrúduíodh,,mion,íodh
34384,pointeoir,,,eoir
34385,Eisceadh,,,eadh
34386,sruthóidh,,,óidh
34387,héasáide,h,éa,e
34388,gcóir,g,,óir
34389,onnmhairiúcháin,,,in
34390,Torthaí,,,aí
34391,costasach,,,ach
34392,Foinse,,,se
34393,puntáiste,,,te
34394,cheada,,,da
34395,chlasaiceach,,,each
34396,Téamh,,,amh
34397,practure,,,e
34398,ionchorprú,,ion,ú
34399,n-áiritear,n-,,ear
34400,Réamhimeachtaí,,,taí
34401,aon-imreoir,,aon,eoir
34402,neamhchonarthacha,,neamh,acha
34403,shonraítear,,,ítear
34404,rialaitheoir,,,eoir
34405,gcláróidh,g,,óidh
34406,taoidmhear,t,,ear
34407,pacáistíocht,,,íocht
34408,Coireanna,,,eanna
34409,déantóra,,dé,ra
34410,Aillte,,,te
34411,radaighníomhach,,rada,ach
34412,neamhthéaracha,,neamh,acha
34413,sconna-ualach,,,ach
34414,inimircigh,,in,igh
34415,ceartaithe,,,aithe
34416,Lochtanna,,,anna
34417,Dahlias,,,as
34418,feidhmeannaigh,,,aigh
34419,Irene,,,ne
34420,gcontaebhuirgí,g,,í
34421,Róimhe,,,e
34422,hasbhainte,h,as,te
34423,lomhálta,,,ta
34424,muilneoirí,,,í
34425,faobhraithe,,,aithe
34426,caomhantais,,,ais
34427,gcnáimhseach,g,,each
34428,stráice,,,e
34429,mhi-abaltachta,,,ta
34430,dhúthracht,,,acht
34431,sheachadaigh,,,aigh
34432,foilseachán,,fo,achán
34433,fhíonchaora,,,ra
34434,wichtige,,,e
34435,yuan,,,an
34436,Cruinnithe,,,ithe
34437,dtimpeallachtaí,d,,taí
34438,Páirceáil,,,áil
34439,Cistiúchán,,,án
34440,innealtóirí,,in,í
34441,Comórtha,,,tha
34442,Scannán,,,án
34443,éagsúlaithe,,éa,aithe
34444,chinntíonn,,,íonn
34445,olltoghchán,,oll,án
34446,fhreagróidh,,,óidh
34447,eisctear,,,ear
34448,Han,,,an
34449,cúiteamh,,,amh
34450,sreafa,,,a
34451,septoriosis,,,is
34452,bhfeachtas,bh,,tas
34453,ionstraimí,,ion,í
34454,chomhreamh,,,amh
34455,sheacht,,,eacht
34456,seastar,,,tar
34457,cuimsitheach,,,each
34458,dedhroim,,,im
34459,eisíontais,,,ais
34460,uathrialaitheach,,uath,each
34461,fionraí,,,aí
34462,bhreitheamh,,,amh
34463,mhéada,,,da
34464,Ceadanna,,,anna
34465,todóg,t,,óg
34466,easanálú,,eas,ú
34467,iontráil,,ion,áil
34468,fhíosrú,,,ú
34469,Staire,,,aire
34470,lagaithe,,lag,aithe
34471,chrosadh,,,adh
34472,náisiúntacht,,,tacht
34473,Forais,,,ais
34474,thromchúiseach,,,each
34475,lomhálfar,,,far
34476,chabhraíonn,,,aíonn
34477,neamh-chomhleanúnacha,,neamh,acha
34478,ullmhachta,,,ta
34479,theastuigh,,,igh
34480,gclogad,g,,ad
34481,doimhneacht,,do,eacht
34482,líomatáistí,,,tí
34483,thíos,,,íos
34484,Oibrímidne,,,ne
34485,dobhar-shaothraithe,,do,aithe
34486,ordós,,,ós
34487,Melanotaenia,,,ia
34488,Rialuithe,,,ithe
34489,tréthurais,,tré,ais
34490,hiascaigh,h,,aigh
34491,t-iarmhar,t-,iar,mhar
34492,aerchonsighneachta,,aer,ta
34493,galú,,,alú
34494,ilchultúrtha,,il,tha
34495,dhícháiliú,,,iú
34496,maise,,,se
34497,eitilte,,,te
34498,ardcháilithe,,ard,ithe
34499,féinchuimilte,,féin,te
34500,bhfanfadh,bh,,fadh
34501,Dhéabhlóidithe,,,ithe
34502,tEolaire,t,,aire
34503,Baiscíris,,,is
34504,chistíonn,,,íonn
34505,barr-dhroim-dhriogtha,,barr,tha
34506,bhunúcháin,,,in
34507,Éiceolaíocht,,,aíocht
34508,pionsáil,,,áil
34509,chúl-scríobhadh,,,adh
34510,Achoimre,,,e
34511,conganta,,,ta
34512,eiséatadh,,,adh
34513,Anti-ailse,,,se
34514,Mamaigh,,,aigh
34515,cuntasach,,,ach
34516,Saoráide,,,e
34517,Reatha,,,tha
34518,Briotanach,,,ach
34519,chomhchoiteann,,,eann
34520,Tuairisce,,,e
34521,bhfo-bheartán,bh,fo,án
34522,formheasta,,for,ta
34523,Tharaifí,,,fí
34524,atweetálacha,,,acha
34525,bhailíocht,,,íocht
34526,Zúnna,,,na
34527,luathcháin,,luath,in
34528,hoscailtí,h,os,tí
34529,braonta,,,ta
34530,lám-oibrithe,,,ithe
34531,Chonganta,,,ta
34532,n-imeoidh,n-,im,idh
34533,feistiúcháin,,,in
34534,barántas,,bar,tas
34535,fíodóireacht,,,eacht
34536,ruaimnithe,,,ithe
34537,eiseamláireach,,,each
34538,eantrópachta,,,ta
34539,hinniúlachtaí,h,in,taí
34540,hasn't-aois-a-giotán,h,as,án
34541,lachtós,,lacht,ós
34542,Úinéir,,,éir
34543,déantóireacht,,dé,eacht
34544,hithreach,h,,each
34545,fíorthromchúiseacha,,fíor,eacha
34546,heagraithe,h,,aithe
34547,Pharlaiminte,,,te
34548,éigin,,,gin
34549,príomh-mholtaí,,príomh,taí
34550,Menemen-Manisa,,,sa
34551,bhagróidh,,,óidh
34552,cónraí,,,aí
34553,seasamhach,,,ach
34554,síológa,,,ga
34555,shíolaigh,,,aigh
34556,chomhluach,,,ach
34557,imtharraingteach,,im,each
34558,dáileoga,,dá,ga
34559,agranamaí,,,aí
34560,bpacálfar,b,,far
34561,profaí,,,aí
34562,shilíní,,,í
34563,anabaíocht,,ana,aíocht
34564,ríchíosa,,,sa
34565,fochomhadlann,,fo,lann
34566,daonlathach,,daon,lathach
34567,luachana,,,na
34568,Thaiscéalaíocht,,,aíocht
34569,simplithe,,,ithe
34570,n-aithreacha,n-,aith,eacha
34571,Fochéimithe,,,ithe
34572,micreaphróiseála,,,a
34573,Chatagóir,,,óir
34574,príomhlimistéir,,príomh,éir
34575,cheanglais,,,ais
34576,baintrighe,,bain,e
34577,gcoireanna,g,,eanna
34578,Oirbheartaíochta,,,ta
34579,fho-dhlí,,,í
34580,seirbheálaí,,,aí
34581,uachtarach,,,ach
34582,maslú,,,ú
34583,Blianta,,,ta
34584,Dhuine,,,ne
34585,Mhanntáin,,,in
34586,dTithe,d,,ithe
34587,imeoidh,,im,idh
34588,rombóideach,,ro,óideach
34589,údaraíonn,,,aíonn
34590,Deis,,,is
34591,péinteáladh,,,adh
34592,seamú,,,ú
34593,tháirgí,,,í
34594,mhórbhealach,,,ach
34595,craolta,,,ta
34596,portach,,,ach
34597,múnóg,,,óg
34598,léiriúcháin,,,in
34599,leathnaíodh,,leath,íodh
34600,d'fho-dhlí,d',,í
34601,so-ghalaithe,,so,aithe
34602,suirbhéir,,,éir
34603,critéir,,,éir
34604,tréscaoilteach,,tré,each
34605,26ú,,,ú
34606,Chreat-Chinneadh,,,eadh
34607,chothú,,,ú
34608,Fhoráil,,,áil
34609,charbónaithe,,,aithe
34610,slisní,,,í
34611,uigeachtaí,,,taí
34612,digiteacha,,,eacha
34613,Pea,,,a
34614,Kansas,,,as
34615,2015-year,,,ear
34616,Séamas,,,as
34617,feithiclí,,,í
34618,húdaruítear,h,,ítear
34619,taiscastacht,t,tais,tacht
34620,bhealaí,,,aí
34621,créamtha,,,tha
34622,bhruitíneach,,,each
34623,faighneoga,,,ga
34624,doscriosta,,do,ta
34625,Bambú,,,ú
34626,Básanna,,,anna
34627,Óstán,,,án
34628,Chibearshlándáil,,,áil
34629,radaíochta,,rada,ta
34630,Rialtóir,,,tóir
34631,PvP-cathanna,,,anna
34632,éis,,,is
34633,stórais,,,ais
34634,dheanamh,,,amh
34635,Bullaitín,,,ín
34636,fhoirfiú,,,iú
34637,Chó-choiste,,,te
34638,an-soiléir,,an,éir
34639,comhpháirtíocht,,comh,íocht
34640,Monaplachta,,,ta
34641,Chosa,,,sa
34642,tórainn,t,,inn
34643,dtuga,d,,ga
34644,leasmhara,,leas,ra
34645,Ionadaí,,,aí
34646,láithreacht,,,eacht
34647,cianchonradh,,,radh
34648,páirtithe,,páirt,ithe
34649,laistigh,,,tigh
34650,Chláraithe,,,aithe
34651,achtaíodh,,,íodh
34652,Portráidí,,,í
34653,síceolaí,,,aí
34654,gcorprú,g,,ú
34655,Bealach,,,ach
34656,maoirseoireacht,,,eacht
34657,aondiachas,,aon,achas
34658,éa,,,a
34659,chéad,,,éad
34660,Zumma,,,a
34661,Ilghneitheacha,,,eacha
34662,fáltais,,,ais
34663,suntasach,,,ach
34664,críochnófar,,,ófar
34665,neamh-in-athnuaite,,neamh,te
34666,teorannach,t,teo,ach
34667,mbainfaidh,m,bain,faidh
34668,d'uisce,d',,e
34669,mháistreásaí,,,aí
34670,tarrthála,t,tar,a
34671,aonaracha,,aon,acha
34672,tseanchoróinchíosa,t,,sa
34673,talúntais,t,,ais
34674,Bandırma,,,a
34675,othrais,,,ais
34676,ghinearálta,,,ta
34677,Riteach,,,each
34678,rionnuithe,,,ithe
34679,hAthchumrú,h,,ú
34680,imfhálófar,,im,ófar
34681,Sínise,,Sín,se
34682,cuimsímid,,,ímid
34683,inárachuithe,,in,ithe
34684,ghnéas,,,as
34685,brócailí,,,í
34686,gcainníocht,g,,íocht
34687,cóstaí,,,taí
34688,faoi-uacht,,,acht
34689,bhfeabhas,bh,,as
34690,Narach,,,ach
34691,Cláraítear,,,ítear
34692,coimhdeacht,,,eacht
34693,ceadúnaithe,,,aithe
34694,Sealbhaíochta,,,ta
34695,úrnua,,,a
34696,orgánaigh,,,aigh
34697,doxorubicin,,do,in
34698,phríomhdhéileálaithe,,,aithe
34699,Géineolaíochta,,,ta
34700,eolas,,eo,as
34701,exe,,,e
34702,Leáigh,,,igh
34703,phearsain,,,in
34704,clóbhuailte,,,te
34705,minceanna,,,eanna
34706,Páras,,,as
34707,t-aontas,t-,aon,tas
34708,t-iomaíochas,t-,,as
34709,dhéileálann,,,lann
34710,roghnaítear,,ro,ítear
34711,mionéagsúlachtaí,,mion,taí
34712,bliana,,,na
34713,iarphríomhoifigeach,,iar,each
34714,Mhór-Iarnród,,,ód
34715,choicíos,,,íos
34716,Trína,,,na
34717,Chíos,,,íos
34718,gar-suas,,gar,as
34719,aimsithe,,,ithe
34720,anfa,,an,a
34721,Herrera,,,ra
34722,cúltacairí,,cúl,í
34723,spioradáltacht,,,tacht
34724,Tascfhórsa,,,sa
34725,ghealbhruthacha,,,acha
34726,Cístí,,,tí
34727,rolladh,,ro,adh
34728,sainspiorad,,sain,ad
34729,hArd-ChÃoirte,h,,te
34730,seachadann,,,ann
34731,tuismitheoir,t,,eoir
34732,cheadúnúcháin,,,in
34733,ró-dhaingean,,ró,an
34734,gcruinnithe,g,,ithe
34735,chothromas,,,as
34736,leigheasanna,,,anna
34737,príobháidiú,,,iú
34738,ordachán,,,achán
34739,Péire,,,ire
34740,bhfianaise,bh,fia,se
34741,n-allmhairiú,n-,,iú
34742,cuícháilithe,,,ithe
34743,Reiligí,,,igí
34744,Shóisialach,,,ach
34745,Srí,,,í
34746,barúla,,bar,a
34747,slabhrúil,,,úil
34748,pleanáil,,,áil
34749,Rianta,,,ta
34750,phíolótaí,,,taí
34751,Dapiran,,,an
34752,inchuardaithe,,in,aithe
34753,clúmhach,,,ach
34754,cránach,,,ach
34755,chuisniú,,,iú
34756,Cheadle,,,e
34757,bheartaithe,,,aithe
34758,Clemente,,,te
34759,gceantar,g,,tar
34760,cruaiche,,,e
34761,cáipéisíochta,,,ta
34762,bhfachtóir,bh,,tóir
34763,comhchlaonta,,comh,ta
34764,Thosaigh,,,aigh
34765,cliceálann,,,lann
34766,treas-théarma,,,a
34767,inríofa,,in,a
34768,chlóbhuailte,,,te
34769,ghníomhartha,,,tha
34770,TSín,,,ín
34771,bealach,,,ach
34772,taitheacach,t,,ach
34773,bhfuigheadh,bh,,eadh
34774,Clóchomhar,,,mhar
34775,dtochras,d,,as
34776,cloigtheach,,,each
34777,Reifrinn,,,inn
34778,Breathnach,,,ach
34779,bheathadh,,,adh
34780,réamatóideach,,réa,óideach
34781,ghuais,,,ais
34782,n-eirighe,n-,,e
34783,Fo-aicme,,,e
34784,Diuitethe,,,the
34785,íogaireacht,,,eacht
34786,Hiba,,,a
34787,chonaicteaghlach,,,ach
34788,ulóige,,,e
34789,dtuairteanna,d,,eanna
34790,comhchomhairliúcháin,,comh,in
34791,soláthraímid,,so,aímid
34792,srianadh,,,adh
34793,Fionnlainne,,,ne
34794,fiailín,,fia,ín
34795,saoráide,,,e
34796,saighdiúra,,,ra
34797,Wagga,,,ga
34798,dí-cháilíochta,,dí,ta
34799,pheileadóirí,,,í
34800,taiscthe,t,tais,the
34801,Feabhsaithe,,,aithe
34802,Theorannú,,,ú
34803,Chumadóireacht,,,eacht
34804,cnuasmhuinisin,,,in
34805,leithdháiltí,,,tí
34806,éalainge,,éa,e
34807,dlí-thairgthe,,,the
34808,tanaithe,t,,aithe
34809,fhisiciúil,,,úil
34810,chladach,,,ach
34811,eachtas,,,tas
34812,Póilíneacht,,,eacht
34813,Leas-Phríomhaire,,,aire
34814,coimhlinte,,,te
34815,Dúshlán,,,án
34816,chuntasíochta,,,ta
34817,atosú,,,ú
34818,Margú,,,ú
34819,príomhoidí,,príomh,í
34820,dháiliú,,,iú
34821,zóiteicniúla,,zói,a
34822,ligule,,,e
34823,Lamapí,,,í
34824,breithiÃonais,,,ais
34825,Inláimhsithe,,,ithe
34826,Deonach,,,ach
34827,e-Coláiste,,,te
34828,fheirmeoireacht,,,eacht
34829,Din,,,in
34830,saorálach,,,ach
34831,críochnuithe,,,ithe
34832,fochonradh,,fo,radh
34833,d'ardáin,d',ard,in
34834,dathúcháin,,,in
34835,méaróg,,,óg
34836,Ceadunais,,,ais
34837,Teachtfaidh,,,faidh
34838,d'uimhriú,d',,iú
34839,doirteadh,,do,eadh
34840,Creidtear,,,ear
34841,reáchtálfar,,,far
34842,Brabhsálaithe,,,aithe
34843,congarach,,,ach
34844,chomparáide,,,e
34845,Rannacha,,,acha
34846,mBascach,m,,ach
34847,Chomharsanachta,,,ta
34848,brandála,,,a
34849,úsáidfear,,,fear
34850,leabaithe,,,aithe
34851,Pasanna,,,anna
34852,eadránaí,,,aí
34853,ainmneacha,,ain,eacha
34854,leaisteacha,,,eacha
34855,cumhachtacha,,,acha
34856,Pannaí,,,aí
34857,sluachistiú,,,iú
34858,bhfuiltear,bh,,ear
34859,misteachas,,,achas
34860,athfhostú,,ath,ú
34861,Bunscolaíocht,,,aíocht
34862,phthisis,,,is
34863,Déan,,,an
34864,séadchomhartha,,,tha
34865,Díbhunú,,,ú
34866,diaspóra,,dia,ra
34867,againne,,,ne
34868,láithrithe,,,ithe
34869,dahlias,,,as
34870,dlistineach,,,each
34871,pita,,,ta
34872,Tionóntaí,,,taí
34873,amaideach,,am,each
34874,Úra,,,ra
34875,tuaslagthacht,t,,acht
34876,ndéantoireachta,n,dé,ta
34877,bith-tatú,,bith,ú
34878,comhréireachta,,comh,ta
34879,Míréasúnta,,,ta
34880,greamachán,,,achán
34881,astú,,as,ú
34882,mhear,,,ear
34883,treimhse,,,se
34884,Eisiafar,,,far
34885,JobBridge,,,e
34886,bhfhéadtar,bh,,tar
34887,Toghlach,,,ach
34888,trianach,,,ach
34889,inainmnithe,,in,ithe
34890,mbacfadh,m,,fadh
34891,Ceallraí,,,aí
34892,Foclóirí,,,í
34893,hoideachas,h,,achas
34894,ndálaí,n,dá,aí
34895,íochtarach,,,ach
34896,Dúchas,,,as
34897,bhlaian,,,an
34898,neamhrialtasacha,,neamh,acha
34899,Íomhánna,,,na
34900,fhóntais,,,ais
34901,freastalóidh,,,óidh
34902,Door-stopalláin,,,in
34903,spreagtar,,,tar
34904,Fófáit,,,áit
34905,Tras-scríofa,,,a
34906,Phróifíle,,,e
34907,dtarraiceoidh,d,tar,idh
34908,measúnaítear,,,ítear
34909,dtuilleadh,d,,eadh
34910,rúnaidhe,,,aidhe
34911,n-abartar,n-,,tar
34912,Alexandra,,,ra
34913,acadúil-saotharlainne,,,ne
34914,conraithe,,,aithe
34915,fiuchúil,,,úil
34916,d'athfhruiliú,d',ath,iú
34917,Dhíospóireachtaí,,,taí
34918,biatas,,bi,tas
34919,chuirfadh,,,fadh
34920,mBreatimeacht,m,,eacht
34921,haimhrialtachtaí,h,,taí
34922,réamhaíocht,,réamh,aíocht
34923,dheascaibh,,,aibh
34924,bhallaí,,,aí
34925,fhorchoimeádas,,,as
34926,buamadóir,,,adóir
34927,dornán,,do,án
34928,ciorclán,,,án
34929,bhforghéilleadh,bh,for,eadh
34930,chosmaideacha,,,eacha
34931,tearcfheidhmíochta,t,,ta
34932,Dáibhíolla,,,a
34933,múchtóir,,,tóir
34934,chomhlachas,,,achas
34935,neamhghnóthach,,neamh,ach
34936,liopaí,,,aí
34937,Klim,,,im
34938,baintreacha,,bain,eacha
34939,Rásaíocht,,,aíocht
34940,n-ionróirí,n-,ion,í
34941,sheachtainí,,,í
34942,ionadaíocha,,ion,a
34943,ceirdeanna,,,eanna
34944,Rúisis,,,is
34945,fóinteach,,,each
34946,nGaeltacht,n,,tacht
34947,stiúrú,,,ú
34948,ráithe,,,ithe
34949,eagrú,,,ú
34950,ndiarsmaí,n,dia,aí
34951,ngnáthdhlí,n,gnáth,í
34952,feirmeoir,,,eoir
34953,ndíbhinní,n,dí,í
34954,scátháin,,,in
34955,fhaibhriú,,,iú
34956,ilchineálach,,il,ach
34957,gcuideofaí,g,,aí
34958,feicthe,,,the
34959,cáipéisí,,,í
34960,lascainí,,las,í
34961,corrthoghcháin,,corr,in
34962,dochoiscthe,,do,the
34963,bhfaighin,bh,,in
34964,Feasacht,,,acht
34965,soiléir,,so,éir
34966,chainteoirí,,,í
34967,teimpléad,t,,éad
34968,gcúigear,g,,ear
34969,fo-speisialtachta,,fo,ta
34970,Dea-chleachtas,,,tas
34971,Bardasacha,,,acha
34972,t-agallóir,t-,,óir
34973,fhromhann,,,ann
34974,phacáistiú,,,iú
34975,struchtúrach,,,ach
34976,buainte,,,te
34977,Moxie,,,e
34978,Dolcáin,,,in
34979,cáipéis,,,is
34980,fhéachana,,,na
34981,scaire,,,aire
34982,aicmiúcháin,,,in
34983,tsléibhe,t,,e
34984,mata,,,ta
34985,Gözertepe,,,e
34986,forthromaíodh,,for,íodh
34987,huas-sciliú,h,uas,iú
34988,dhéanfaidh,,,faidh
34989,thiomnóir,,,óir
34990,saoirsithe,,,ithe
34991,dhíolmhadh,,,mhadh
34992,Tréimhseacháin,,,in
34993,dáileoir,,dá,eoir
34994,dhiúltuíonn,,,íonn
34995,n-eagras,n-,,as
34996,teoranta,t,teo,ta
34997,huasrátaí,h,uas,taí
34998,íomhraigh,,,aigh
34999,príomhthástáil,,príomh,áil
35000,treoirthréimhse,,,se
35001,bpróiseáil,b,,áil
35002,iarscaoilte,,iar,te
35003,draoi-bhunaithe,,,aithe
35004,gnáthfháinne,,gnáth,ne
35005,Breoite,,,te
35006,Teorainn,,,inn
35007,hacmhainn,h,,inn
35008,gcoimeádfadh,g,,fadh
35009,úcta,,,ta
35010,handa,h,an,da
35011,dí-luchtú,,dí,ú
35012,straitéiseacha,,,eacha
35013,chuimhníonn,,,íonn
35014,hinfheistiú,h,in,iú
35015,gcéatadáin,g,,in
35016,bainise,,bain,se
35017,sonraigh,,so,aigh
35018,trúpa,,,a
35019,dearbhaítear,,dearbh,ítear
35020,iolruithe,,,ithe
35021,mór-athchóirithe,,mór,ithe
35022,Aidiachtaí,,,taí
35023,breathnóir,,,óir
35024,hiomarcaíochtaí,h,,taí
35025,ampelopsis,,am,is
35026,díonmhar,,dí,mhar
35027,Chúba,,,a
35028,Jiade,,,e
35029,díobarta,,dí,ta
35030,Bunchéim,,,im
35031,ghléasra,,,ra
35032,gnáth-thomhaltóir,,gnáth,tóir
35033,poileistear,,,ear
35034,réidh-mheascadh,,ré,adh
35035,fístaifeadadh,,fís,adh
35036,pholastriostalach,,,ach
35037,Scrúduithe,,,ithe
35038,stelae,,,e
35039,Miotalach,,,ach
35040,smailc-bhia,,,ia
35041,dhéantar,,,tar
35042,ordaithe,,,aithe
35043,dazzle,,,e
35044,printéir,,,éir
35045,speisialtóir,,,tóir
35046,buamáil,,,áil
35047,duais,,,ais
35048,dheilbhín,,,ín
35049,Bhliantiúla,,,a
35050,speisialaithe,,,aithe
35051,Fearais,,,ais
35052,cheadúnais,,,ais
35053,Créachtaithe,,,aithe
35054,Neamh-Idirnáisiúnta,,,ta
35055,Gníomhóidh,,,óidh
35056,Táscaire,,,aire
35057,bheathú,,,ú
35058,buideuladh,,,adh
35059,shubstainteach,,,each
35060,lochtach,,,ach
35061,gcloíonn,g,,íonn
35062,chúiseanna,,,eanna
35063,trasuite,,tras,te
35064,neamh-chruach,,neamh,ach
35065,Ranníocacha,,,acha
35066,chláruithe,,,ithe
35067,Chionn,,,nn
35068,dréachtófar,,,ófar
35069,féimheacht,,,eacht
35070,t-ae,t-,,e
35071,éiginnteacht,,,eacht
35072,Seaimpíní,,,í
35073,Vitimíní,,,í
35074,thriailfeas,,,eas
35075,eacnmaíocha,,,a
35076,Chomhaontuithe,,,ithe
35077,Carnegie,,,e
35078,chleithúnaí,,,aí
35079,Conrach,,,ach
35080,theascadh,,,adh
35081,an-difriúil,,an,úil
35082,Séalaítear,,,ítear
35083,dheonaíonn,,,aíonn
35084,aisdúichiú,,ais,iú
35085,ceartÃocháin,,,in
35086,chríche,,,e
35087,Mórdhíoltóir,,,tóir
35088,leithleacha,,,eacha
35089,gnáthanailísiú,,gnáth,iú
35090,chleachtann,,,ann
35091,t-onnmhairiú,t-,,iú
35092,lúibín,,,ín
35093,slánchoimeádta,,,ta
35094,blianachtaí,,,taí
35095,aistreora,,ais,ra
35096,éileofar,,,far
35097,neamhghnáithe,,neamh,ithe
35098,grúpsheirbhísí,,grúp,í
35099,comhdháil,,comh,áil
35100,Amaitéarach,,,ach
35101,toilithe,t,,ithe
35102,phléifear,,,fear
35103,Dána,,,na
35104,Díthreabhaigh,,,aigh
35105,Idirpharlaiminteach,,,each
35106,tíreolaíochtaí,t,,taí
35107,fhiseolaíocha,,,a
35108,luasaire,,,aire
35109,ginéarálta,,,ta
35110,osclófar,,os,ófar
35111,mianracha,,,acha
35112,chúiseofar,,,far
35113,ruaimniú,,,iú
35114,lónadóireachta,,,ta
35115,cháilíonn,,,íonn
35116,d'fhorálacha,d',,acha
35117,t-ochtú,t-,,ú
35118,Uchtála,,,a
35119,Corpoideachas,,,achas
35120,Sasanach,,,ach
35121,dtosófar,d,,ófar
35122,bhrainse,,,se
35123,hArrachtáin,h,,in
35124,sealbhóra,,,ra
35125,glaoite,,,te
35126,Mharthain,,,in
35127,Tábhachtach,,,ach
35128,dtoghfar,d,,far
35129,trambhealaigh,,,aigh
35130,gnóthachan,,,chan
35131,Ríomhthráchtáil,,,áil
35132,chomhlíonfar,,,far
35133,uiscebhealaí,,,aí
35134,roghnaíonn,,ro,aíonn
35135,mhorgáistí,,,tí
35136,antaibheathacha,,anta,acha
35137,ndéarfaidh,n,dé,faidh
35138,díluchtaítear,,dí,ítear
35139,n-cód,,,ód
35140,bothaithe,,,aithe
35141,treoirlintí,,,tí
35142,codanna,,,anna
35143,chlóite,,,te
35144,chomhdhaonnach,,,ach
35145,hormóin,h,,in
35146,Tuíre,,,e
35147,Aontacht,,,tacht
35148,Plána,,,na
35149,cothrománacha,,,acha
35150,patrúin,,,in
35151,sealbhóidh,,,óidh
35152,ionchorpraítear,,ion,ítear
35153,coscán,,,án
35154,bhreithneofar,,,far
35155,dhualgas,,,as
35156,eisceacht,,,eacht
35157,fholéas,,,as
35158,dheallrathach,,,ach
35159,tsaibhris,t,,is
35160,radaisteachta,,rada,ta
35161,scéimeanna,,,eanna
35162,d'eisiamh,d',eisi,amh
35163,avatar,,,tar
35164,Aisíocfaimid,,,aimid
35165,íostach,,íos,ach
35166,komorke,,,e
35167,Glasbhealach,,,ach
35168,cruthnaíodh,,,íodh
35169,liostálta,,,ta
35170,Briotanacha,,,acha
35171,iompraíonn,,,aíonn
35172,hidirnascaire,h,idir,aire
35173,Gaeltachta,,,ta
35174,tSeanad,t,,ad
35175,sheachtainiúil,,,úil
35176,brúidiúil,,,úil
35177,feithidí,,,í
35178,ilghnéitheacht,,il,eacht
35179,Dhíor-Ranníoctha,,,tha
35180,idirghníomhaíochta,,idir,ta
35181,dealbhóireachta,,dea,ta
35182,Luibheacha,,,eacha
35183,tuismitheora,t,,ra
35184,hordúil,h,,úil
35185,Tuariscí,,,í
35186,chomhlánaíonn,,,aíonn
35187,athchóirithe,,ath,ithe
35188,dtuarascáil,d,,áil
35189,Ãodaráis,,,áis
35190,Eachtraí,,,traí
35191,neamhchinnteachta,,neamh,ta
35192,bhfónfaidh,bh,,faidh
35193,Cheanadacha,,,acha
35194,d'idirghuí,d',idir,í
35195,beirithe,,,ithe
35196,gCeannaireacht,g,,eacht
35197,éisteacht,,,eacht
35198,bhéarfadh,,,fadh
35199,osclaíonn,,os,aíonn
35200,maítear,,,ítear
35201,Tan,,,an
35202,múirín,,,ín
35203,tAonach,t,,ach
35204,gnáthóga,,gnáth,ga
35205,dea-mhéin,,dea,éin
35206,imrítear,,im,ítear
35207,phóir,,,óir
35208,Luacháil,,,áil
35209,steiriúil,,,úil
35210,déanfaimid,,dé,aimid
35211,Rannpháirtithe,,,ithe
35212,greannmhar,,,mhar
35213,Chomhaontú,,,ú
35214,foghlaimíodh,,fo,íodh
35215,Meascadh,,,adh
35216,Phrasíocaíochtaí,,,taí
35217,Chanáracha,,,acha
35218,chúlra,,,ra
35219,dho-aistrithe,,,ithe
35220,Beartaítear,,,ítear
35221,choiteanna,,,eanna
35222,substainteach,,,each
35223,bhlastáin,,,in
35224,Beathú,,,ú
35225,Mheitheamh,,,amh
35226,Speicis,,,is
35227,Soghluaiseachta,,,ta
35228,Dianchúrsa,,,sa
35229,athrófar,,ath,ófar
35230,bith-dhílse,,bith,se
35231,t-úinéir,t-,,éir
35232,toghaidhe,t,,aidhe
35233,tocsaineachta,t,,ta
35234,Ghleoite,,,te
35235,Indianapolis,,,is
35236,Fheadhmannach,,,ach
35237,sintéis,,sin,is
35238,Múinteoireachta,,,ta
35239,bhrainsí,,,í
35240,Frith-Geimhridh,,,idh
35241,Kalkandere,,,e
35242,Modheolaíocht,,,aíocht
35243,gleann,,,eann
35244,dhialann,,,lann
35245,Cuartú,,,ú
35246,Spyera,,,ra
35247,biotáillí,,bio,í
35248,trí-réalta,,trí,ta
35249,d'fhochuideachta,d',,ta
35250,chliceáil,,,áil
35251,feifeach,,,each
35252,chomhdhéantar,,,tar
35253,gluaiseadh,,,eadh
35254,scartáladh,,,adh
35255,bhianna,,,anna
35256,neamh-scagach,,neamh,ach
35257,peacach,,,ach
35258,turcaí,t,,aí
35259,cuimsíonn,,,íonn
35260,súiliam,,,iam
35261,hÍocaíochta,h,,ta
35262,Sábhadh,,,adh
35263,dín,,dí,ín
35264,ardtréas,,ard,as
35265,Iriseoireacht,,,eacht
35266,lárnaí,,lár,aí
35267,saoránaigh,,,aigh
35268,bhformáidí,bh,for,í
35269,fo-shirriam,,fo,iam
35270,airgeadteoranta,,,ta
35271,chlasta,,,ta
35272,Choitinn,,,inn
35273,anailíseoirí,,ana,í
35274,dréachtghníomhartha,,,tha
35275,Rothaíochta,,,ta
35276,formhéadú,,for,ú
35277,Ionadaíocht,,,aíocht
35278,Déantóirí,,,í
35279,scáthú,,,ú
35280,coinneoimid,,,imid
35281,bhfoilseacháin,bh,fo,in
35282,Europeana,,,na
35283,teangacha,t,,acha
35284,riaracháin,,,in
35285,rachadh,,,adh
35286,gidh,,,idh
35287,bhogann,,,ann
35288,comhéifeachta,,comh,ta
35289,d'adhmad,d',,ad
35290,aíochtaí,,,taí
35291,fréimhe,,,e
35292,fhreagarthach,,,ach
35293,léirithe,,,ithe
35294,forcoimeádtar,,for,tar
35295,ndéan,n,dé,an
35296,ie,,,e
35297,mórdhíobháil,,mór,áil
35298,comhdhlúthadán,,comh,adán
35299,barr-chaighdeán,,barr,eán
35300,measúnóimid,,,óimid
35301,mhodhnaithe,,,aithe
35302,mórfhéin,,mór,éin
35303,Réiteora,,,ra
35304,Polaiteicnice,,,e
35305,cheanglas,,,as
35306,fadtéarma,,fad,a
35307,nDáil,n,,áil
35308,t-iris,t-,,is
35309,chontaebhuirgí,,,í
35310,d'fhógra,d',,ra
35311,Neansaí,,,aí
35312,Tratha,,,tha
35313,ciallmhaire,,,aire
35314,banda,,ban,da
35315,geoprofilí,,geo,í
35316,Fragaria,,,ia
35317,cruafháiscthe,,,the
35318,eitpheile,,,e
35319,tiontú,t,,ú
35320,socruíodh,,so,íodh
35321,Eachtracha,,,acha
35322,aonán,,aon,án
35323,clinicí,,,í
35324,Ionstraimí,,,í
35325,Casta,,,ta
35326,Idir-fuaraithe,,,aithe
35327,athshonrú,,ath,ú
35328,Carráistí,,,tí
35329,Ríomhchuidithe,,,ithe
35330,shocróidh,,,óidh
35331,Tástáil,,,áil
35332,n-almsach,n-,,ach
35333,léarscáileanna,,,eanna
35334,dheoidh,,,idh
35335,rófhada,,ró,da
35336,Lú,,,ú
35337,iniúchtóireachta,,in,ta
35338,daingneán,,,eán
35339,Bavaria,,,ia
35340,lánGhaeilge,,,e
35341,treisithe,,,ithe
35342,léireofaí,,,aí
35343,Londan,,,an
35344,Shane,,,ne
35345,comhthionóntaí,,comh,taí
35346,phraiticiúil,,,úil
35347,bonn,,,nn
35348,Tionólfar,,,far
35349,dhiagnóiseacha,,,eacha
35350,mhionaoiseach,,,each
35351,leathnuíonn,,leath,íonn
35352,éifeach,,,each
35353,gaolmhar,,,mhar
35354,deontacha,,,acha
35355,tséalaithe,t,,aithe
35356,mhonarófar,,,ófar
35357,chonclúidí,,,í
35358,gcónaitheoirí,g,,í
35359,dTíortha,d,,tha
35360,gceadúnaithe,g,,aithe
35361,slándála,,,a
35362,ghnóthairí,,,í
35363,fhreagródh,,,ódh
35364,acne,,,ne
35365,iar-dhíolacháin,,iar,in
35366,Camscéimeanna,,,eanna
35367,nea-chláruithe,,,ithe
35368,Ã3na,,,na
35369,Cúba,,,a
35370,Bunscoile,,,e
35371,atheaspórtála,,ath,a
35372,iongnais,,ion,ais
35373,Çavuşdere,,,e
35374,Chartúin,,,in
35375,éighníomhach,,,ach
35376,Béilí,,,í
35377,gha,,,a
35378,dosháruithe,,do,ithe
35379,faisnéis,,,is
35380,dtaisbeánfar,d,tais,far
35381,clúdaithe,,,aithe
35382,míliúgram,,mí,gram
35383,ionann,,ion,ann
35384,Tomhaltas,,,tas
35385,Gníomhaíochtaí,,,taí
35386,bréaga,,bréag,ga
35387,tras-líonta,,tras,ta
35388,bpaisinéir,b,,éir
35389,Iniúchtaí,,,taí
35390,Eaglaisí,,,í
35391,Eibhear,,,ear
35392,Áiritheoidh,,,idh
35393,Iarrataisí,,,í
35394,hathshruthlú,h,ath,ú
35395,chorainn,,,inn
35396,ithreach,,,each
35397,dtairiscintí,d,,tí
35398,Ultach-Albanacha,,,acha
35399,athdhearadh,,ath,radh
35400,inléite,,in,te
35401,Mianadóireacht,,,eacht
35402,gCoimisiúin,g,,in
35403,bhreithiúna,,,na
35404,Rianú,,,ú
35405,malairtí,,,tí
35406,d'iontaobhaí,d',ion,aí
35407,beitilte,,,te
35408,uimhreach,,,each
35409,chuirfeas,,,eas
35410,hiascaireachta,h,,ta
35411,coisteolaíochta,,,ta
35412,Dílseofar,,,far
35413,d'fhuinneamh,d',,amh
35414,chuideoidh,,,idh
35415,fhadtéarmacha,,,acha
35416,dtógfaidh,d,,faidh
35417,iiadh,,,adh
35418,íoladhradh,,,radh
35419,gCruinniú,g,,iú
35420,Ríomhfhoglama,,,a
35421,scoite,,,te
35422,fuadach,,,ach
35423,bhfionrófar,bh,,ófar
35424,aontán,,aon,án
35425,d'imoibriú,d',im,iú
35426,colgáin,,,in
35427,héabhlóid,h,éa,óid
35428,Bulletin,,,in
35429,rialálfar,,,far
35430,eitneacha,,,eacha
35431,athnuachana,,ath,na
35432,taraife,t,tar,e
35433,coimirceach,,,each
35434,Tírdhreach,,,each
35435,cheangánú,,,ú
35436,andreas,,an,eas
35437,breisfhoghlama,,,a
35438,Árd-achadh,,,adh
35439,faisnítear,,,ítear
35440,árach,,,ach
35441,cothromaithe,,,aithe
35442,n-úsáideann,n-,,eann
35443,fhaighfear,,,fear
35444,ghnothú,,,ú
35445,cóiriúla,,,a
35446,Fiachais,,,ais
35447,Sara,,,ra
35448,póga,,,ga
35449,gcomparadóir,g,,adóir
35450,n-soithigh,,,igh
35451,cheann-dhá-trí,,,í
35452,Príomh-Innealtóir,,,tóir
35453,noiméad,,,éad
35454,TSCanna,,,anna
35455,Ardpháirtí,,,tí
35456,aosú,,,ú
35457,fostóra,,fo,ra
35458,modha,,,a
35459,gconradh,g,,radh
35460,bithmhaise,,bith,se
35461,Chuntasaíochta,,,ta
35462,féileacán,,,acán
35463,hathraithe,h,ath,aithe
35464,Kabatas,,,tas
35465,pheata,,,ta
35466,Ceanglófar,,,ófar
35467,ghualainn,,,inn
35468,ghnáthchónaithe,,,aithe
35469,Deirithe,,,ithe
35470,céimithe,,,ithe
35471,Agóidí,,,í
35472,bhfoireann,bh,fo,eann
35473,anailíse,,ana,se
35474,Conablach,,,ach
35475,sofheisce,,so,e
35476,fiestas,,,tas
35477,contaethe,,,the
35478,shíntiúsí,,,í
35479,chugainn,,,inn
35480,Ráthaíocht,,,aíocht
35481,Comhionanna,,,anna
35482,shuimiúil,,,úil
35483,Spárálfar,,,far
35484,dtarla,d,tar,a
35485,domhandaithe,,do,aithe
35486,earcófar,,,ófar
35487,Bunreacht,,,eacht
35488,tairgfear,t,,fear
35489,infheadhma,,in,a
35490,mBardas,m,,as
35491,ardú,,ard,ú
35492,Na,,,a
35493,bhrionnaithe,,,aithe
35494,thobhach,,,ach
35495,creideann,,,eann
35496,ardeaglais,,ard,ais
35497,inchothaitheacht,,in,eacht
35498,admhóidh,,,óidh
35499,Coinneáil,,,áil
35500,maicreacnamaíocht,,,aíocht
35501,shrianadh,,,adh
35502,thriailfidh,,,fidh
35503,Socraigh,,,aigh
35504,gclárófí,g,,fí
35505,scriúire,,,ire
35506,uirbeacha,,,eacha
35507,sainmhíníonn,,sain,íonn
35508,teanta,t,,ta
35509,gcruinniú,g,,iú
35510,phost-vótáluithe,,,ithe
35511,Comhaltais,,,ais
35512,dhoiciméadaithe,,,aithe
35513,marcáladh,,,adh
35514,d'aithinmhiú,d',aith,iú
35515,t-aonú,t-,aon,ú
35516,bhlocáil,,,áil
35517,sráidbhailte,,,te
35518,Lánúin,,,in
35519,ghnólacht,,,acht
35520,leathshlí,,leath,í
35521,Fásfaidh,,,faidh
35522,heolairí,h,eo,í
35523,Deirfiúr,,,úr
35524,nglaca,n,,a
35525,gairneoireacht,,,eacht
35526,mhí-ordúil,,,úil
35527,Intuaslagtha,,,tha
35528,rádala,,,a
35529,Seza,,,a
35530,oifigiúil,,,úil
35531,curse,,,se
35532,brionnú,,,ú
35533,Samplaí,,,aí
35534,dlúthaithe,,,aithe
35535,sóúla,,,a
35536,nInnealtóirí,,,í
35537,Láithriú,,,iú
35538,Corrthrádáil,,,áil
35539,dheontaisí,,,í
35540,fungais,,,ais
35541,gearrthéarmach,,gearr,ach
35542,Ain,,,in
35543,Tamim,,,im
35544,Dugthailte,,,te
35545,mórdhámhachtainí,,mór,í
35546,tógainte,t,,te
35547,ciníochas,,,as
35548,scannánú,,,ú
35549,chompáirteanna,,,eanna
35550,gComhtháthú,g,,ú
35551,Arasında,,,da
35552,náisiú,,,iú
35553,poipín,,,ín
35554,bhforfheidhmeofar,bh,for,far
35555,t-ionadaí,t-,ion,aí
35556,cathaoireacha,,,eacha
35557,chomhchaibidlíocht,,,íocht
35558,dréacht,,,acht
35559,comhlachtú,,comh,ú
35560,heasportáil,h,eas,áil
35561,ghéarchéime,,,e
35562,sheachtú,,,ú
35563,gcoimeádán,g,,án
35564,scartálfar,,,far
35565,iar-úinéirí,,iar,í
35566,saíocht,,,aíocht
35567,Ainmliosta,,,ta
35568,Fhóir,,,óir
35569,Tógfar,,,far
35570,Éilithe,,,ithe
35571,Dlíthairgthe,,,the
35572,toirtiúla,t,,a
35573,Tarchuirtear,,,ear
35574,monarchacheannuithe,,mona,ithe
35575,phlásán,,,án
35576,iví,,,í
35577,Deabha-chabhra,,,ra
35578,milliúin,,,in
35579,Ghloiní,,,í
35580,Kurelce,,,e
35581,iomaitheoirí,,,í
35582,micreachreidmheasa,,,sa
35583,shnámha,,,a
35584,comhlántacha,,comh,acha
35585,Biminis,,,is
35586,Beachtais,,,ais
35587,fillte,,,te
35588,n-airgeadraí,n-,,aí
35589,so-léighte,,so,te
35590,hidirghabháil,h,idir,áil
35591,hAlban,h,,an
35592,Oibríochtaí,,,taí
35593,Eagarthóirí,,,í
35594,colainne,,,ne
35595,créachta,,,ta
35596,Mealóg,,,óg
35597,cóin,,,in
35598,faomhaithe,,,aithe
35599,bhfianán,bh,fia,án
35600,ionchorparuithe,,ion,ithe
35601,có-choiste,,,te
35602,Rezin,,,in
35603,Mhuineacháin,,,in
35604,folóidh,,fo,óidh
35605,meabhrúcháin,,,in
35606,truaillitheoirí,,,í
35607,tseachadta,t,,ta
35608,margadhphraghas,,,as
35609,bpolaitíocht,b,pola,íocht
35610,fothorthaí,,fo,aí
35611,ceanáin,,,in
35612,mbraighdeanas,m,,as
35613,éifeachtacht,,,tacht
35614,Chomhghuaillíocht,,,íocht
35615,inaimhdeach,,in,each
35616,heipitíteas,h,eipi,íteas
35617,Glaoite,,,te
35618,dtapóidh,d,,óidh
35619,cuidithe,,,ithe
35620,míchumasaithe,,mí,aithe
35621,drólannach,,,ach
35622,Chanaigh,,,aigh
35623,teorannuithe,t,teo,ithe
35624,coicísiúil,,,úil
35625,Stáisiúin,,,in
35626,Samara,,,ra
35627,aiféala,,,a
35628,Rialaigh,,,aigh
35629,píolótaí,,,taí
35630,hoibritheoirí,h,,í
35631,modhnuithe,,,ithe
35632,roghnóireacht,,ro,eacht
35633,chomhlach,,,ach
35634,cháinmheasa,,,sa
35635,lánúinéireacht,,,eacht
35636,caife,,,e
35637,aerchruthaithe,,aer,aithe
35638,bhfoghlaim,bh,fo,aim
35639,súnna,,,na
35640,chumhacht-chumhacht,,,acht
35641,Creidmheas,,,eas
35642,doshannta,,do,ta
35643,Idirbhearta,,,ta
35644,n-irisí,n-,,í
35645,d'fhaireachán,d',,achán
35646,an-spreagúil,,an,úil
35647,tarraicire,t,tar,ire
35648,sonráítear,,so,ítear
35649,aeterna,,,na
35650,Gaeilge,,,e
35651,mbuicéad,m,,éad
35652,fruiliú,,,iú
35653,chuspóra,,,ra
35654,glacadóirí,,,í
35655,dearbhófar,,dearbh,ófar
35656,mí-éifeachtach,,mí,ach
35657,chothromú,,,ú
35658,il-airgeadra,,il,ra
35659,Comhaltacht,,,tacht
35660,fháilteacha,,,eacha
35661,fóntacha,,,acha
35662,anamh,,ana,amh
35663,Urghnácha,,,a
35664,fhágfas,,,fas
35665,chreimeadh,,,eadh
35666,ró-íocadh,,ró,adh
35667,Rochtana,,,na
35668,dhíolmhaíonn,,,aíonn
35669,Cailleadh,,,eadh
35670,Údaráis,,,áis
35671,dhídean,,,an
35672,dearna,,dea,na
35673,neamhcheimiceacha,,neamh,eacha
35674,Dhia,,,ia
35675,Ceithre,,,e
35676,frithpháirteach,,frith,each
35677,comhsheasmhacht,,comh,acht
35678,Acmhainní-spreagadh,,,adh
35679,dhíreach,,,each
35680,cuirfear,,,fear
35681,dtreoraítear,d,,ítear
35682,Gairm-Oideachais,,,ais
35683,bruachbhailte,,,te
35684,Fhionn-Uisce,,,e
35685,Ionsaitheach,,,each
35686,Feithicle,,,e
35687,bhfísealaíontóirí,bh,fís,í
35688,Ronnie,,,e
35689,phréimheanna,,,eanna
35690,deonfaidh,,,faidh
35691,fhásann,,,ann
35692,ardluach,,ard,ach
35693,cruthóidh,,,óidh
35694,gcuntas,g,,tas
35695,taiscéalaíochta,t,tais,ta
35696,fréamhshamhaltú,,,ú
35697,Mhanglaim,,,aim
35698,bheartaíonn,,,aíonn
35699,cealú,,,alú
35700,sceite,,,te
35701,ghar-léasóra,,,ra
35702,Drain,,,in
35703,tar-díola,t,tar,a
35704,dtaisceadh,d,tais,eadh
35705,Ard-Teicneolaíocht,,,aíocht
35706,cólíonadh,,,adh
35707,gcábán,g,,án
35708,Bhia,,,ia
35709,boscaí,,,aí
35710,Jera,,,ra
35711,éadan-líne,,éa,ne
35712,chúngaíonn,,,aíonn
35713,ghnóthais,,,ais
35714,iúil,,,úil
35715,féicheamh,,,amh
35716,fioscach,,,ach
35717,inseoidh,,in,idh
35718,Mínithe,,,ithe
35719,beartán,,,án
35720,comheagraíochtaí,,comh,taí
35721,Urrúsúcháin,,,in
35722,toitíní,t,,í
35723,ionmhargaidh,,ion,aidh
35724,Malartach,,,ach
35725,ullmhaímid,,,aímid
35726,Dathú,,,ú
35727,Luciana,,,na
35728,Sruthán,,,án
35729,sconna-ualach-eolas,,,as
35730,prócaí,,,aí
35731,bhriathra,,,ra
35732,cheannófar,,,ófar
35733,Áiteanna,,,eanna
35734,rúitín,,,ín
35735,luafaidh,,,faidh
35736,sheasta,,,ta
35737,ghabháil,,,áil
35738,Treisíodh,,,íodh
35739,ná-atá,,,tá
35740,infheistímid,,in,ímid
35741,bácúis,,,is
35742,fhodhlíthe,,,the
35743,samplóir,,,óir
35744,íocfa,,,a
35745,comharsan,,comh,san
35746,teintiteas,t,,eas
35747,Ceadúnas,,,únas
35748,Cearrbhachais,,,ais
35749,céime,,,e
35750,gcúirtbhanna,g,,anna
35751,Grúpa,,,a
35752,mhórán,,,án
35753,ionduchtaithe,,ion,aithe
35754,Coltraí,,,traí
35755,húdarófar,h,,ófar
35756,Scriostar,,,tar
35757,tháirgeadhMéideanna,,,eanna
35758,dabhta,,,ta
35759,hEoghan,h,,an
35760,n-urscaoilfidh,n-,ur,fidh
35761,Póraithe,,,aithe
35762,pearsanaithe,,,aithe
35763,bpuiblíocht,b,,íocht
35764,théann,,,ann
35765,Sástachta,,,ta
35766,féadfidh,,,fidh
35767,dhréachtphlean,,,an
35768,Bogotá,,,tá
35769,leas-ghobharnóir,,leas,óir
35770,Volgograd,,,ad
35771,ionraigh,,ion,aigh
35772,hiarmhar,h,iar,mhar
35773,éalaithe,,éa,aithe
35774,n-bogearraí,,,aí
35775,foircthe,,fo,the
35776,Il-Réise,,,se
35777,lárphointí,,lár,tí
35778,beacán,,,acán
35779,neamhaibidh,,neamh,idh
35780,Eilbhéis,,,is
35781,athmhúscailte,,ath,te
35782,fíor-ama,,fíor,a
35783,liúntais,,,ais
35784,t-aicme,t-,,e
35785,éithigh,,,igh
35786,Orgán,,,gán
35787,Muilte,,,te
35788,leasuitheoir,,leas,eoir
35789,Ardpháirtithe,,,ithe
35790,t-eisitheoir,t-,eisi,eoir
35791,Eisreachtú,,,ú
35792,ndearthóirí,n,dea,í
35793,orlach,,,ach
35794,íslitheach,,,each
35795,uisce-dhíonach,,,ach
35796,mhonatóireacht,,,eacht
35797,inrianaithe,,in,aithe
35798,drúchtíní,,,í
35799,Tánaiste,,,te
35800,nDintiúirí,n,,í
35801,lárstóras,,lár,as
35802,Chonarthacha,,,acha
35803,físiúil,,fís,úil
35804,dhrámaí,,,aí
35805,Terje,,,e
35806,dintar,,,tar
35807,Tairiscintí,,,tí
35808,fundúireachta,,,ta
35809,dhílis,,,is
35810,fhigiúirí,,,í
35811,EU-organ,,,an
35812,fuaime,,,e
35813,Liobrálach,,,ach
35814,aontuithe,,aon,ithe
35815,bhun-vótanna,,,anna
35816,iarúdarúcháin,,iar,in
35817,tromlach,,,ach
35818,Gairdín,,,ín
35819,Corr-Thrádála,,,a
35820,dtabharfad,d,,fad
35821,míosúla,,mí,a
35822,d'fhorchuirfí,d',,fí
35823,mangainéis,,,is
35824,uasta,,uas,ta
35825,dofhostaitheachta,,do,ta
35826,Bhurcaigh,,,aigh
35827,bhogtar,,,tar
35828,seantuismitheoirí,,sean,í
35829,Fhuiseog,,,eog
35830,leathiata,,leath,ta
35831,Tacaítear,,,ítear
35832,bunréasúnachta,,bun,ta
35833,3Tacóidh,,,óidh
35834,n-armáil,n-,,áil
35835,fleáin,,,in
35836,Muiríne,,,ne
35837,horduithe,h,,ithe
35838,earraghabháil,,,áil
35839,brioscaí,,,aí
35840,Bhunscolaíocht,,,aíocht
35841,Lachna,,,na
35842,Shocruithe,,,ithe
35843,comhlíonfar,,comh,far
35844,chéasadh,,,adh
35845,Tuarasgabhála,,,a
35846,rialachán,,,achán
35847,garcomhoiriúnacht,,gar,acht
35848,gceadú,g,,ú
35849,geallearbadh,,,adh
35850,spallaí,,,aí
35851,cothroime,,,e
35852,chobhsaitheoirí,,,í
35853,claibíní,,,í
35854,sceach,,,each
35855,coirníní,,,í
35856,Feidhmiú,,,iú
35857,míniú,,mín,iú
35858,SÃ3isialta,,,ta
35859,Porsche,,,e
35860,chonnradh,,,radh
35861,ghairtear,,,ear
35862,thaitneamhacht,,,acht
35863,Ríomhaire,,,aire
35864,smaoiním,,,ím
35865,Muiníneach,,,each
35866,neodrach,,neo,ach
35867,AitheantasÚsáideora,,,ra
35868,chraolta,,,ta
35869,Ceadúnú,,,ú
35870,Thrádáil,,,áil
35871,oireann,,oir,eann
35872,gCuideachtaí,g,,taí
35873,Perú,,,ú
35874,fiafraí,,fia,aí
35875,Tharlódh,,,ódh
35876,iomarcaíochtaí,,,taí
35877,leor-shaoráidí,,,í
35878,neamhchuí,,neamh,í
35879,Scrúdú,,,ú
35880,Comhlachtaí,,,taí
35881,Malatya,,,a
35882,23ú,,,ú
35883,todhaigh,t,,aigh
35884,tinte,t,,te
35885,d'fhoroinn,d',,inn
35886,n-eochairche,n-,eo,e
35887,oideachasúla,,,a
35888,chumas,,,as
35889,meaisínteachta,,,ta
35890,linne,,linn,ne
35891,sábháilteacht,,,eacht
35892,cháile,,,e
35893,sciatháin,,,in
35894,daonnachta,,daon,ta
35895,tíolacthaí,t,,aí
35896,Filitra,,,ra
35897,chúisiú,,,iú
35898,Galena,,,na
35899,Ghaolmhar,,,mhar
35900,chomhaontaítear,,,ítear
35901,Léireofar,,,far
35902,comhordaitheoir,,comh,eoir
35903,Esglesia,,,ia
35904,Chelsea,,,a
35905,Bealtaiane,,,ne
35906,diúracáin,,,in
35907,dhochrach,,,ach
35908,bhfoilseofaí,bh,fo,aí
35909,bhfanfaidh,bh,,faidh
35910,inasbhainte,,in,te
35911,athfhoirleatha,,ath,tha
35912,neamhshlánúil,,neamh,úil
35913,Atosaigh,,,aigh
35914,Luas,,,as
35915,glanshocraíocht,,,aíocht
35916,scipéad,,,éad
35917,trídhathach,,trí,ach
35918,hIdirthréimhse,h,,se
35919,iontrála,,ion,a
35920,alcalóideach,,,óideach
35921,d'aithin,d',aith,in
35922,Chearrbhachais,,,ais
35923,Pearsanta,,,ta
35924,Seachtainiúil,,,úil
35925,hiarmairtí,h,iar,tí
35926,inghluaiste,,in,te
35927,Deantoireacht,,,eacht
35928,dréacht-ordú,,,ú
35929,leadránach,,,ach
35930,seanstáisiúin,,sean,in
35931,işbirliğinideva,,,a
35932,foclóireachta,,fo,ta
35933,Comhaiseach,,,each
35934,conspóidí,,,í
35935,hiarbhunscoile,h,iar,e
35936,mblianachtaí,m,,taí
35937,Gnóthaithe,,,aithe
35938,faighteoir,,,eoir
35939,Aireach,,,each
35940,iarsma,,iar,a
35941,fosaithe,,fo,aithe
35942,Bhailecheanntar,,,tar
35943,bhearta,,,ta
35944,fuaimfad,,,fad
35945,dhúthaigh,,,aigh
35946,chomhlíontacht,,,tacht
35947,mharthanas,,,as
35948,Buzan,,,an
35949,hionchas,h,ion,as
35950,Advice,,,e
35951,déanmhas,,dé,as
35952,Tiontaire,,,aire
35953,dréachtphlean,,,an
35954,beannachtaí,,,taí
35955,Joe,,,e
35956,n-aithneofaí,n-,aith,aí
35957,leor-chúiteántas,,,tas
35958,scinceáil,,,áil
35959,chúise,,,se
35960,Comhtháite,,,te
35961,buirge,,,e
35962,gcomhlachais,g,comh,ais
35963,sicíní,,,í
35964,Ard-Rúnaí,,,aí
35965,fhíochán,,,án
35966,Solúbtha,,,tha
35967,gcomhfhreagras,g,comh,as
35968,tairseach,t,,each
35969,oibritheach,,,each
35970,Breisoideachas,,,achas
35971,n-easaontaíonn,n-,eas,aíonn
35972,Bólachta,,,ta
35973,gCisteán,g,,eán
35974,Dathanna,,,anna
35975,bhfaigheadh,bh,,eadh
35976,loc-chomhlaí,,,aí
35977,coiscfidh,,,fidh
35978,Chuireamar,,,eamar
35979,admhálacha,,,acha
35980,láimhe,,,e
35981,inchurtha,,in,tha
35982,hEolaíocht,h,,aíocht
35983,Ríomhairí,,,í
35984,n-aiste,n-,ais,te
35985,Chomhpháirteach,,,each
35986,bithleighis,,bith,is
35987,tharchuirfidh,,,fidh
35988,clúdaíonn,,,aíonn
35989,Plaistigh,,,tigh
35990,saineolas,,sain,as
35991,dhíluchtú,,,ú
35992,uachtóra,,,ra
35993,breithiúna,,,na
35994,mhionmhíreanna,,,eanna
35995,seanóirí,,sean,í
35996,coimircí,,,í
35997,dóire,,dó,ire
35998,leathóg,,leath,óg
35999,díloirgithe,,dí,ithe
36000,Féachana,,,na
36001,freagróir,,,óir
36002,Sceimhlitheoirí,,,í
36003,scaireánaigh,,,aigh
36004,paragina,,para,na
36005,chóiriú,,,iú
36006,chréachtaithe,,,aithe
36007,dhéanmhais,,,ais
36008,fiafróidh,,fia,óidh
36009,ionadach,,ion,ach
36010,horduítear,h,,ítear
36011,Luaigh,,,aigh
36012,réamhimeachta,,réamh,ta
36013,dheadhathacha,,,acha
36014,athraithis,,ath,is
36015,an-chosúil,,an,úil
36016,domsa,,do,sa
36017,Saotharlainne,,,ne
36018,Ambasadóir,,,adóir
36019,peitriliam,,peitri,iam
36020,cholgán,,,gán
36021,teagascóir,t,,óir
36022,Dháta,,,ta
36023,straitéise,,,se
36024,neamhchinntithe,,neamh,ithe
36025,shroicheadh,,,eadh
36026,Gineadóirí,,,í
36027,hárasáin,h,,in
36028,Leabaithe,,,aithe
36029,comhghaolmhara,,comh,ra
36030,comhalachtaí,,comh,taí
36031,gCabhracha,g,,acha
36032,Nua-Aimseartha,,,tha
36033,ghnáthna,,,na
36034,hAithrí,h,,í
36035,Cinneadh,,,eadh
36036,dhearbhuithe,,,ithe
36037,Imeartha,,,tha
36038,chúnantú,,,ú
36039,glasála,,glas,a
36040,ardaíonn,,ard,aíonn
36041,Aihe,,,e
36042,Prátaí,,,taí
36043,uiscefaidh,,,faidh
36044,charnaigh,,,aigh
36045,bhainistí,,,tí
36046,Máithreachais,,,ais
36047,gCeardchumann,g,,ann
36048,ndoimhneacht,n,do,eacht
36049,Stocanna,,,anna
36050,neamh-idirdhealúcháin,,neamh,in
36051,Vrbanje,,,e
36052,Gaia,,,ia
36053,urlámhas,,ur,as
36054,toirmisceachta,t,,ta
36055,ghreamaitheacha,,,eacha
36056,Úinéara,,,ra
36057,bochtaineacht,,,eacht
36058,Dráma,,,a
36059,Fhaiche,,,e
36060,aimitis,,,is
36061,Dáilitheoirí,,,í
36062,gcairde,g,,e
36063,d'fhorléiriú,d',,iú
36064,versa,,,sa
36065,n-athbhreithnithe,n-,ath,ithe
36066,dtuigtear,d,,ear
36067,chuisneora,,,ra
36068,Magician,,,an
36069,cothaithe,,,aithe
36070,tuairimithe,t,,ithe
36071,haemafílí,h,haema,í
36072,Chomhaontaithe,,,aithe
36073,lánamhnas,,,as
36074,Fiafraíonn,,,aíonn
36075,Bhileoga,,,ga
36076,Déileáiltear,,,ear
36077,leáite,,,te
36078,bhreis-aimsire,,,ire
36079,gcomhchomairle,g,comh,e
36080,díghrádú,,dí,ú
36081,mbrisfí,m,,fí
36082,mbunófar,m,bun,ófar
36083,dheannach,,,ach
36084,seamlais,,,ais
36085,Idirchultúrtha,,,tha
36086,Cúlghairtear,,,ear
36087,bhféinfhostaíocht,bh,féin,aíocht
36088,bhárdais,,,ais
36089,réamh-imréitigh,,réamh,tigh
36090,Uladh,,,adh
36091,t-uachtarán,t-,,án
36092,Déghnéasach,,,ach
36093,físeáin,,fís,in
36094,bhiashlabhra,,,ra
36095,Uinseann,,,eann
36096,Infheistíochta,,,ta
36097,ceirisín,,,ín
36098,cáineadh,,,eadh
36099,earcaitheoirí,,,í
36100,límístéir,,,éir
36101,n-oibríonn,n-,,íonn
36102,11adh,,,adh
36103,leanfar,,,far
36104,alra-uimhriúla,,,a
36105,uiríolla,,,a
36106,gclósanna,g,,anna
36107,réiteoir,,ré,eoir
36108,Chábla,,,a
36109,Tairseach,,,each
36110,Ráthaíochta,,,ta
36111,Forbraíonn,,,aíonn
36112,ard-thógáil,,ard,áil
36113,urethra,,ur,ra
36114,droch-ullmhaithe,,droch,aithe
36115,Críochnaíodh,,,íodh
36116,ríaracháin,,,in
36117,garnóireacht,,gar,eacht
36118,fhágtar,,,tar
36119,Instealladh,,,adh
36120,neachuibhe,,,e
36121,onnmhaireora,,,ra
36122,coisctheach,,,each
36123,Déin,,,éin
36124,Sciathán,,,án
36125,Mehna,,,na
36126,codacha,,,acha
36127,dheonaigh,,,aigh
36128,Zarontin,,,in
36129,Isotretinoin,,,in
36130,breitheanna,,,eanna
36131,laraithe,,,aithe
36132,Creathadh,,,adh
36133,gortóireachta,,,ta
36134,réamhtheáite,,réamh,te
36135,d'fhinnéithe,d',,ithe
36136,nglantach,n,,ach
36137,bhuailtear,,,ear
36138,tré-rátaí,,tré,taí
36139,ranníocaíocht,,,aíocht
36140,earcaíocht,,,aíocht
36141,cuirtar,,,tar
36142,Theicnící,,,í
36143,dtagarmharcanna,d,,anna
36144,Foralacha,,,acha
36145,fiarthrasna,,fia,na
36146,fuíolluisce,,,e
36147,eisiúintí,,eisi,tí
36148,faisisteach,,,each
36149,hArdpháirtithe,h,,ithe
36150,honnmhaireoirí,h,,í
36151,Chairlinn,,,inn
36152,meánchainníocht,,meán,íocht
36153,fhomhíreanna,,,eanna
36154,Barbouraoiseanna,,,eanna
36155,heisiatach,h,eisi,ach
36156,ceapfear,,,fear
36157,Pharlaimintigh,,,tigh
36158,codladh,,,adh
36159,nítrigin,,nítri,gin
36160,Pósadh,,,adh
36161,taiscéalaíochtaí,t,tais,taí
36162,Chistí,,,tí
36163,Fáltas,,,tas
36164,cluaiseáin,,,in
36165,cheartúcháin,,,in
36166,plandaí,,,aí
36167,pobalbhunaithe,,,aithe
36168,choimisiúin,,,in
36169,tástálacha,t,,acha
36170,aoichainteoirí,,,í
36171,an-galánta,,an,ta
36172,fostaíocht,,fo,aíocht
36173,shean-chomhaltaí,,,taí
36174,Cholmáin,,,in
36175,timpeallachta,t,,ta
36176,bhfoirceannfar,bh,fo,far
36177,neamh,,,amh
36178,Éagumas,,,as
36179,feidhmíodh,,,íodh
36180,Ceanglóir,,,óir
36181,Sceallóga,,,ga
36182,imeachtracha,,im,acha
36183,tíosaí,t,,aí
36184,saothróir,,,óir
36185,soiree,,so,e
36186,fheleontachtaí,,,taí
36187,Tomhaltais,,,ais
36188,Alan,,,an
36189,Eorpacha,,,acha
36190,assassin,,as,in
36191,íonachta,,,ta
36192,mbagáiste,m,,te
36193,an-fóntais,,an,ais
36194,lóistin,,,in
36195,caointe,,,te
36196,Iontach,,,ach
36197,d'Iomportálacha,d',,acha
36198,mhuirear,,,ear
36199,ainmniúla,,ain,a
36200,bplainéad,b,,éad
36201,coincheapanna,,,anna
36202,Thoir-Thuaidh,,,aidh
36203,hasbhaintí,h,as,tí
36204,Ioncaim,,,aim
36205,sínitheoir,,,eoir
36206,neachtanna,,,anna
36207,bazooka,,,a
36208,Comhdheiseanna,,,eanna
36209,thíolacfaidh,,,faidh
36210,dífhabhtán,,dí,án
36211,pharaiméadar,,,méadar
36212,neamhfhoirmeálta,,neamh,ta
36213,mheacháin,,,in
36214,iomlánú,,,ú
36215,féile,,,e
36216,d'Ionad,d',,ad
36217,n-íocfí,n-,,fí
36218,ionghabháil,,ion,áil
36219,ndochtúirí,n,do,í
36220,hiontaofa,h,ion,a
36221,haise,h,ais,se
36222,treoirchártaí,,,taí
36223,Ciorclach,,,ach
36224,tairiseach,t,,each
36225,teastais,t,,ais
36226,bpáirtnéireacht,b,páirt,eacht
36227,Socheolaíocht,,,aíocht
36228,Tae,,,e
36229,leanúint,,,úint
36230,scóir,,,óir
36231,éagach,,éa,ach
36232,achainíocha,,,a
36233,réirimeachtaí,,ré,taí
36234,mioneolas,,mion,as
36235,ghnáth-phraghas,,,as
36236,buaircíneacha,,,eacha
36237,phota,,,ta
36238,Bhainistíocht,,,íocht
36239,sheanairgeadra,,,ra
36240,Cogaidh,,,aidh
36241,Comhghairdeas,,,eas
36242,bhróicéir,,,éir
36243,bagrach,,,ach
36244,lárbhainistíochta,,lár,ta
36245,chomhchruinniú,,,iú
36246,liathróide,,,e
36247,fhoilseofar,,,far
36248,Fíorú,,,ú
36249,hArd-Chúirte,h,,te
36250,Míleáiste,,,te
36251,Céimseata,,,ta
36252,gcara,g,,ra
36253,ró-simplí,,ró,í
36254,rollaíonn,,ro,aíonn
36255,dlúthchaidreamh,,,amh
36256,fána,,,na
36257,frith-Stáit,,frith,áit
36258,Fadraiceacha,,,eacha
36259,cuisíní,,,í
36260,Múchta,,,ta
36261,ocsaíde,,,e
36262,grád-aois,,,is
36263,gcealófar,g,,ófar
36264,maighnéadach,,,ach
36265,tseamlas,t,,as
36266,gréasaí-déanta,,,ta
36267,matamataiceoir,,,eoir
36268,an-tógtha,,an,tha
36269,Sholáthairtí,,,tí
36270,hoibríochtaí,h,,taí
36271,chlaochladán,,,adán
36272,Forogha,,,a
36273,cúirt-bhanna,,,anna
36274,ceann-tsraithe,,ceann,aithe
36275,sheirbhísí,,,í
36276,snasta,,,ta
36277,iarsmaí,,iar,aí
36278,Dréachtliosta,,,ta
36279,mhaolaigh,,,aigh
36280,foirmithe,,fo,ithe
36281,hOileáin,h,,in
36282,ngeallshealbhóirí,n,,í
36283,chomhréirigh,,,igh
36284,n-easportáltaí,n-,eas,taí
36285,weldithe,,,ithe
36286,Data,,,ta
36287,ionracais,,ion,ais
36288,pháirtithe,,,ithe
36289,d'fhan,d',,an
36290,eagnaí,,,aí
36291,Peirsis,,,is
36292,fheadhmannaigh,,,aigh
36293,d'Oideachas,d',,achas
36294,mórthograí,,mór,aí
36295,buan-droichead,,buan,ad
36296,Ranníocaíocht,,,aíocht
36297,shaighdiúirí,,,í
36298,bhoscaí,,,aí
36299,ma,,,a
36300,gheallearbadh,,,adh
36301,gallúnaí,,,aí
36302,ráite,,,te
36303,shúil,,,úil
36304,polaraíocht,,pola,aíocht
36305,Oibríochtúla,,,a
36306,bithmhéadracha,,bith,acha
36307,5km2ann,,,ann
36308,pictiúr,,,úr
36309,Ghéarchéim,,,im
36310,Alán,,,án
36311,mheán,,,eán
36312,Waldheimia,,,ia
36313,drugaí,,,aí
36314,tsnámha,t,,a
36315,gcruthú,g,,ú
36316,fíonchaora,,,ra
36317,Bhaineas,,,eas
36318,Có-nasctha,,,tha
36319,Eis-Reachtúla,,,a
36320,ngarchomharsanacht,n,gar,acht
36321,ceathracha,,,acha
36322,uafásach,,,ach
36323,Karaca,,,a
36324,Dhigiteach,,,each
36325,toaleta,t,,ta
36326,phleanálfar,,,far
36327,eagarthóireacht,,,eacht
36328,éascaitheoirí,,éa,í
36329,maoirseacht,,,eacht
36330,cheanna,,,eanna
36331,mholtar,,,tar
36332,comhachtanna,,comh,anna
36333,díshalannú,,dí,ú
36334,annamhtaiseachas,,an,achas
36335,Íosa,,,sa
36336,Chomórtha,,,tha
36337,bpríbhléidí,b,,í
36338,Ardáin,,,in
36339,polaiteoirí,,pola,í
36340,threoir,,,eoir
36341,leictreascóp,,leictrea,scóp
36342,an-bhreoite,,an,te
36343,féidhmiú,,,iú
36344,ceannairí,,ceann,í
36345,Údarú,,,ú
36346,baisteadh,,,eadh
36347,tráthíocaíochtaí,,,taí
36348,costais,,,ais
36349,mórmholtaí,,mór,taí
36350,d'fhoréigean,d',,an
36351,bheidís,,,idís
36352,díospóireachta,,dí,ta
36353,uamadh,,,adh
36354,úsáideach,,,each
36355,leithreasa,,,sa
36356,Moltaí,,,taí
36357,Reacht,,,eacht
36358,Pacharán,,,án
36359,d'amhrán,d',am,án
36360,thairbhe,,,e
36361,thuirlingthe,,,the
36362,róbhealaí,,ró,aí
36363,hacmhainneacht,h,,eacht
36364,barántaíonn,,bar,aíonn
36365,Cheisteanna,,,eanna
36366,feidhmítear,,,ítear
36367,tsannaí,t,,aí
36368,Máistreachta,,,ta
36369,beannacht,,,acht
36370,d'athbhunú,d',ath,ú
36371,Leasuachtaránacht,,,acht
36372,Fíoncheannaithe,,,aithe
36373,chead,,,ad
36374,hoirbheartaíochta,h,oir,ta
36375,áirnéis,,,is
36376,mhianta,,,ta
36377,paitinnithe,,,ithe
36378,mórán,,mór,án
36379,fhreagrachtaí,,,taí
36380,sainiúla,,sain,a
36381,leigheasta,,,ta
36382,teitheadh,t,,eadh
36383,scrupallach,,,ach
36384,cónúil,,,úil
36385,lacónach,,,ach
36386,eorpaigh,,eo,aigh
36387,leithlisiú,,,iú
36388,oiriúnacht,,oir,acht
36389,bhreithiúntais,,,ais
36390,Dhubhdhéanta,,,ta
36391,déthaobhach,,dé,ach
36392,ndéileálfar,n,dé,far
36393,cabhlacha,,,acha
36394,choimeádtar,,,tar
36395,ghluaiste,,,te
36396,scratadh,,,adh
36397,Cárthaigh,,,aigh
36398,inmheilthe,,in,the
36399,comhchónaitheora,,comh,ra
36400,dhírítear,,,ítear
36401,Mheastacháin,,,in
36402,Ceadaítear,,,ítear
36403,chodarsnachta,,,ta
36404,seoirsis,,,is
36405,bhíthin,,,in
36406,cleithiúnaithe,,,aithe
36407,Forléiriú,,,iú
36408,chomhshealbhóirí,,,í
36409,nglacfaidh,n,,faidh
36410,rabhaidh,,,aidh
36411,diúltiú,,,iú
36412,tuige,t,,e
36413,Chlárú,,,ú
36414,taisitheoir,t,tais,eoir
36415,d'imeachta,d',im,ta
36416,Lóiste,,,te
36417,Méadracha,,,acha
36418,d'ainmniú,d',ain,iú
36419,suiteálacha,,,acha
36420,iarmhairtí,,iar,tí
36421,Spáinnigh,,,igh
36422,neamhaibí,,neamh,í
36423,tuillteanais,t,,ais
36424,chucha,,,a
36425,dlúithe,,,ithe
36426,Thithíochta,,,ta
36427,fo-dhlithe,,fo,ithe
36428,pléascthaí,,,aí
36429,Dualgaisí,,,í
36430,airlóg,,,óg
36431,gclocha,g,,a
36432,stocanna,,,anna
36433,fócasghrúpa,,,a
36434,státseirbhíseach,,,each
36435,barántúil,,bar,túil
36436,Dréachtchreatalach,,,ach
36437,logáin,,,in
36438,Fhiadhaigh,,,aigh
36439,Ársa,,,sa
36440,forchoimeádta,,for,ta
36441,oiread,,oir,ad
36442,géiniteacha,,,eacha
36443,Ceantanna,,,anna
36444,fuinniúil,,,úil
36445,fheadáin,,,in
36446,hAoisliúntas,h,,tas
36447,phíosaí,,,aí
36448,thosaíocht,,,aíocht
36449,géillsinigh,,,igh
36450,síntiúsairí,,,í
36451,amaithe,,am,aithe
36452,treoirchomhairleoirí,,,í
36453,Last-Táille,,,e
36454,Kristiina,,,na
36455,traenach,,,ach
36456,Cairdis,,,is
36457,tairbhíonn,t,,íonn
36458,teorainneacha,t,teo,eacha
36459,páirtnéireacht,,páirt,eacht
36460,Trasfhoirmigh,,,igh
36461,lúbtha,,,tha
36462,mhargaíochta,,,ta
36463,dtuilltear,d,,ear
36464,Bhunchearta,,,ta
36465,Feiliúnach,,,ach
36466,inneall-ghluaiste,,in,te
36467,JPSSProgram,,,gram
36468,ndea-chleachtas,n,dea,tas
36469,Aeracmhainneacht,,,eacht
36470,meánaoiseacha,,meán,eacha
36471,Franchet-Comte,,,te
36472,hallaí,h,alla,aí
36473,Scoláieachtaí,,,taí
36474,mapaí,,,aí
36475,amhantrach,,am,ach
36476,tháinseamh,,,amh
36477,ailtéarnacha,,,acha
36478,Rialaíonn,,,aíonn
36479,Talúntais,,,ais
36480,fhorléargas,,,as
36481,abhainn,,,inn
36482,ghabhálacha,,,acha
36483,bhfeidhmiú,bh,,iú
36484,Iarrtar,,,tar
36485,tuilleadh,t,,eadh
36486,cuileoga,,,ga
36487,comórtais,,,ais
36488,hÓglaigh,h,,aigh
36489,Fevzipaşa,,,a
36490,biqle,,bi,e
36491,cásdlí,,,í
36492,dúigh,,dú,igh
36493,gCara-Chumann,g,,ann
36494,Rúnaíochta,,,ta
36495,n-iarrthóirí,n-,iar,í
36496,céirithe,,,ithe
36497,Leachtaitheoireachtaí,,,taí
36498,gháinneáil,,,áil
36499,Sciobairín,,,ín
36500,léamha,,,a
36501,Féadfidh,,,fidh
36502,bainisteoireacht,,bain,eacht
36503,Chaomháin,,,in
36504,íbhinn,,,inn
36505,mbuaine,m,,ne
36506,cheartas,,,tas
36507,lorgann,,,ann
36508,mafia,,,ia
36509,Stiúrthóireacht,,,eacht
36510,Coiteann,,,eann
36511,amharcthaifead,,am,fead
36512,bhformheas,bh,for,eas
36513,ingearach,,in,ach
36514,Kultura,,,ra
36515,Sorcais,,,ais
36516,bhonnlíne,,,ne
36517,míthreoracha,,mí,acha
36518,iomaire,,,aire
36519,hata,h,ata,ta
36520,líneáil,,,áil
36521,neamh-sárú,,neamh,ú
36522,táthchoda,t,,da
36523,sailleacha,,,eacha
36524,gearnaítear,,,ítear
36525,thógann,,,ann
36526,chomhpháirtíochta,,,ta
36527,duine-inléite,,,te
36528,cruinnis,,,is
36529,síneadh,,,eadh
36530,Súgha,,,a
36531,foinn,,fo,inn
36532,cheannuitheoir,,,eoir
36533,Neamh-Ranníocach,,,ach
36534,uastáirgeacht,,uas,eacht
36535,d'fháltaithe,d',,aithe
36536,comh-mhaoiniú,,comh,iú
36537,seachtháirgí,,seacht,í
36538,Frithpháirteach,,,each
36539,Éadromach,,,ach
36540,choimre,,,e
36541,dháileoirí,,,í
36542,Tromchúiseacha,,,eacha
36543,Críche,,,e
36544,héifeachtach,h,,ach
36545,príomhghníomhaíocht,,príomh,aíocht
36546,Socraíochta,,,ta
36547,áititheora,,,ra
36548,Snámha,,,a
36549,mhaoinithe,,,ithe
36550,Nítimí,,,í
36551,dtagairtí,d,,tí
36552,Soghluaiseacht,,,eacht
36553,caindíochta,,,ta
36554,cinniúna,,cinn,na
36555,Mála,,,a
36556,Qatar,,,tar
36557,Déarfar,,,far
36558,dho-chlaoite,,,te
36559,d'Aois,d',,is
36560,hinmheánach,h,in,ach
36561,shainiú,,,iú
36562,paistí,,,tí
36563,tugann,t,,ann
36564,besplatnoe,,,e
36565,Meánghrúpa,,,a
36566,laghdófar,,lag,ófar
36567,theirmeach,,,each
36568,Generální,,,í
36569,oiliúnaithe,,,aithe
36570,bunaítear,,bun,ítear
36571,haighneachta,h,,ta
36572,Dutas,,,tas
36573,fhorcheannfaidh,,,faidh
36574,d'Eagraíochtaí,d',,taí
36575,phróiseas,,,eas
36576,Mirifica,,,a
36577,Shiosóin,,,in
36578,ghlactar,,,tar
36579,marcálfa,,,a
36580,autoimmune,,,ne
36581,pholaiméirithe,,,ithe
36582,dlíthíochta,,,ta
36583,slad,,,ad
36584,Rialta,,,ta
36585,coirpeach,,,each
36586,imscrúdú,,im,ú
36587,dímhianraithe,,dí,aithe
36588,Breithiúnach,,,ach
36589,ghnóluchta,,,ta
36590,chruthuíonn,,,íonn
36591,mhianra,,,ra
36592,aontoilíocht,,aon,íocht
36593,acadúil,,,úil
36594,amadán,,am,adán
36595,dhualgaisí,,,í
36596,neamhchinnteach,,neamh,each
36597,Smacht,,,acht
36598,fíor-am-chosanta,,fíor,ta
36599,shleachta,,,ta
36600,bolgacha,,,acha
36601,Tomhais,,,ais
36602,iarmhairte,,iar,te
36603,nuálaí,,,aí
36604,Bunscoileanna,,,eanna
36605,Crois,,,is
36606,struchtúr,,,úr
36607,Gidh,,,idh
36608,Choisithe,,,ithe
36609,hearra,h,,ra
36610,bígí,,,ígí
36611,dhosmálta-copar-déanta,,,ta
36612,bhfíseán,bh,fís,eán
36613,bearradh,,,radh
36614,Úsáideoir,,,eoir
36615,n-eagraítear,n-,,ítear
36616,featsa,,,sa
36617,gnéis,,,is
36618,inphinsin,,in,in
36619,mBeanntraí,m,,traí
36620,neamhéifeachtacha,,neamh,acha
36621,inbhreithnithe,,in,ithe
36622,gceadaíonn,g,,aíonn
36623,treibhe,,,e
36624,Peann,,,eann
36625,aosaithe,,,aithe
36626,phléideáil,,,áil
36627,n-admhaítear,n-,,ítear
36628,comhdhála,,comh,a
36629,díola,,dí,a
36630,oiriúnaigh,,oir,aigh
36631,beochana,,,na
36632,chomharba,,,a
36633,Míle,,,e
36634,aonacht,,aon,acht
36635,mbeathú,m,beath,ú
36636,earnálacha,,,acha
36637,bolcáin,,,in
36638,rian,,,an
36639,solúbthachtaí,,so,taí
36640,theangmhas,,,as
36641,tráth-rialta,,,ta
36642,ndéileálann,n,dé,lann
36643,nuálaithe,,,aithe
36644,foghabhálach,,fo,ach
36645,Leachtanna,,,anna
36646,comharchumann,,comh,ann
36647,uretritis,,ur,is
36648,Ghaireas,,,eas
36649,sócmhainneach,,,each
36650,insí,,in,í
36651,scríobhtha,,,tha
36652,tusa,t,,sa
36653,léargas,,,as
36654,feiceann,,,eann
36655,holltuilleamh,h,oll,amh
36656,cháipéisíocht,,,íocht
36657,Phríomh-Chomhairle,,,e
36658,Shona,,,na
36659,dea-charachtar,,dea,tar
36660,muirearaítear,,,ítear
36661,chónaíonn,,,aíonn
36662,eisiachtana,,eisi,na
36663,chomlíonadh,,,adh
36664,dtabhódh,d,,ódh
36665,Cineálach,,,ach
36666,balaisteacha,,,eacha
36667,lobhaidh,,,aidh
36668,Sloinnte,,,te
36669,Údaruithe,,,ithe
36670,smailceanna,,,eanna
36671,gnáth-siopaí,,gnáth,aí
36672,dhíbhinn,,,inn
36673,oibríos,,,íos
36674,dhrochfhiacha,,,acha
36675,Morgáiste,,,te
36676,breacaosta,,breac,ta
36677,speictreach,,speictrea,each
36678,sibhialtaigh,,,aigh
36679,bainteach,,bain,each
36680,dea-nós,,dea,ós
36681,osclóimid,,os,óimid
36682,Báillí,,,í
36683,ghnáthchreidiúnaithe,,,aithe
36684,rathúnais,,,ais
36685,taifead,t,,fead
36686,fhiáin,,,in
36687,gcuireadh,g,,eadh
36688,urghabhadh,,ur,adh
36689,cáinmheas,,,eas
36690,Ríomhaireachtaí,,,taí
36691,gconarthaí,g,,aí
36692,léiritheoirí,,,í
36693,Oifigeacha,,,eacha
36694,Dealbhóireachta-Garáiste,,,te
36695,eagraíochtúla,,,a
36696,cialluíonn,,,íonn
36697,d'iasachtaí,d',,taí
36698,Clóbhuailte,,,te
36699,mheasartha,,,tha
36700,Fiach,,,ach
36701,Fedorovna,,,na
36702,Leas-Ard-Mhéara,,,ra
36703,d'achtachán,d',,achán
36704,sealbhaireachta,,,ta
36705,chorrlaigh,,,aigh
36706,Léidearnach,,,ach
36707,cuideachtain,,,in
36708,clárú,,,ú
36709,módúlachtaí,,,taí
36710,fhochonraitheora,,,ra
36711,oifigeach,,,each
36712,ndíoltóirí,n,dí,í
36713,deonfaí,,,aí
36714,Vín,,,ín
36715,Chónascadh,,,adh
36716,ionnsaí,,ion,aí
36717,an-dócha,,an,a
36718,Simplí,,,í
36719,nionsúfar,,,far
36720,fuiliú,,,iú
36721,tsirriam,t,,iam
36722,Méadaíodh,,,íodh
36723,Ciamba,,,a
36724,comhchomhairleoireachta,,comh,ta
36725,gairmtheachta,,,ta
36726,Amalia,,,ia
36727,dTáible,d,,e
36728,laghdaíodh,,lag,íodh
36729,neamhfhoirmiúil,,neamh,úil
36730,hionadaí,h,ion,aí
36731,tionóntacháin,t,,in
36732,trasnáisiúnta,,tras,ta
36733,mbarántas,m,bar,tas
36734,cartlann,,,lann
36735,fórsaí,,,aí
36736,forghníomhú,,for,ú
36737,Accra,,,ra
36738,bainisteora,,bain,ra
36739,Coimeádán,,,án
36740,bhfógráin,bh,,in
36741,millionaire,,,aire
36742,turasóirí,t,,í
36743,mhaighnéadach,,,ach
36744,doiciméadaí,,do,aí
36745,Corpáráide,,,e
36746,veirteabraigh,,,aigh
36747,keyuda,,,da
36748,Téir,,,éir
36749,Maşikiye,,,e
36750,Digiteach,,,each
36751,dTéarmaí,d,,aí
36752,gCPLanna,g,,anna
36753,eadóirsiú,,,iú
36754,Cuartaíochta,,,ta
36755,dhea-chleachtas,,,tas
36756,feithicleacha,,,eacha
36757,húrscéalta,h,,ta
36758,Athsheoltóra,,,ra
36759,aghaidheanna,,,eanna
36760,cobhsú,,,ú
36761,n-dathanna,n-,,anna
36762,Tora,,,ra
36763,Ortaipéideach,,,each
36764,Vista,,,ta
36765,d'iarrthóir,d',iar,thóir
36766,Çamlıca,,,a
36767,eaglais,,,ais
36768,ifeacht,,,eacht
36769,neamhfhéidearthachta,,neamh,ta
36770,ailtire,,,ire
36771,dáilcheantar,,dá,tar
36772,Ginerálta,,,ta
36773,Ginearála,,,a
36774,gairmfear,,,fear
36775,speansas,,,as
36776,shíniú,,,iú
36777,mhollnáil,,,áil
36778,Siombailí,,,í
36779,gonorrhea,,,a
36780,Aibreán,,,eán
36781,Ceartais,,,ais
36782,9-sheoladh,,,adh
36783,mhonifile,,,e
36784,Óráidí,,,í
36785,gcúiteamh,g,,amh
36786,éascaithe,,éa,aithe
36787,chimithe,,,ithe
36788,stopadh,,,adh
36789,Ard-Snasta,,,ta
36790,frithbhulaíochta,,frith,ta
36791,ilbhreithe,,il,ithe
36792,iolrú,,,ú
36793,cathardha,,,a
36794,giúire,,,ire
36795,lánchead,,,ad
36796,Bítear,,,ítear
36797,toirtithe,t,,ithe
36798,péinteála,,,a
36799,sonrúcháin,,so,in
36800,chiontach,,,ach
36801,Réadmhaoin,,,in
36802,ciorclach-chónúla,,,a
36803,incháilithe,,in,ithe
36804,Aghaidh,,,aidh
36805,d'Íocaíochtaí,d',,taí
36806,shlogadh,,,adh
36807,dhlíodóir,,,dóir
36808,chionta,,,ta
36809,leordhóthanachta,,,ta
36810,Uile-Rúisis,,,is
36811,gearrthairgeacha,,gearr,eacha
36812,Gréine,,,ne
36813,Foirgníocht,,,íocht
36814,mhéaduigh,,,igh
36815,neamhchríochnaithe,,neamh,aithe
36816,blátháin,,,in
36817,Féidearthachta,,,ta
36818,fialsíoda,,fia,da
36819,ghlasa,,,sa
36820,gComhaontú,g,,ú
36821,teaghlach,t,,ach
36822,tuairisceán,t,,eán
36823,Pinn,,,inn
36824,phléann,,,ann
36825,mhilliúin,,,in
36826,mbranda,m,,da
36827,inneallra,,in,ra
36828,Airgeadais,,,ais
36829,shaineolach,,,ach
36830,mharcála,,,a
36831,dúchas,,dú,as
36832,Leathann,,,ann
36833,oileánacha,,,acha
36834,neamhchiontachta,,neamh,ta
36835,sliochtPlantain,,,in
36836,títhe,t,,the
36837,torrach,t,,ach
36838,leas-chathaoirleach,,leas,each
36839,pearsanta,,,ta
36840,dhlíthiúil,,,úil
36841,Mega,,,ga
36842,struchtúrú,,,ú
36843,Sheoirse,,,se
36844,dífhoirmiúchán,,dí,án
36845,Kare,,,e
36846,an-chreidiúnach,,an,ach
36847,ndlífeadh,n,,eadh
36848,tíosach,t,,ach
36849,leath-soiléir,,leath,éir
36850,rópa,,ró,a
36851,ghabhfas,,,fas
36852,dea-dheartha,,dea,tha
36853,dhíbhinní,,,í
36854,cealla,,,a
36855,iarbhunscoileanna,,iar,eanna
36856,Nua-Ghuine,,,ne
36857,neamhchaolaithe,,neamh,aithe
36858,bunachas,,bun,achas
36859,Bithsmálaithe,,,aithe
36860,neamh-ábaltachta,,neamh,ta
36861,mhonaí,,,aí
36862,neamhchoimisiúnta,,neamh,ta
36863,daonra,,daon,ra
36864,cúr,,,úr
36865,cricheanna,,,eanna
36866,thairiscintí,,,tí
36867,stroighin,,,in
36868,sprioc-airgeadra,,sprioc,ra
36869,d'fhruiligh,d',,igh
36870,Našice,,,e
36871,páirtíocht,,páirt,íocht
36872,bhfána,bh,,na
36873,coimircithe,,,ithe
36874,Bheatha,,,tha
36875,Cuma,,,a
36876,n-tháirgí,,,í
36877,oige,,,e
36878,taiscfidh,t,tais,fidh
36879,ceolchoirme,,,e
36880,Mhárta,,,ta
36881,ndlí,n,,í
36882,gciaróg,g,,óg
36883,gníomhóid,,,óid
36884,phríomh-bhunaíocht,,,aíocht
36885,Chúltaca,,,a
36886,Ilghnéitheach,,,each
36887,Shahárach,,,ach
36888,gcreidiúnas,g,,únas
36889,chléireach,,,each
36890,locha,,,a
36891,Taosráin,,,in
36892,tabhartas,t,,tas
36893,luibheolaíocha,,,a
36894,chairtreoir,,,eoir
36895,stampáilte,,,te
36896,bith-shábháilteacht,,bith,eacht
36897,margáil,,,áil
36898,abha,,,a
36899,ceatha,,,tha
36900,láithrigh,,,igh
36901,mhíchumasaithe,,,aithe
36902,luachmhaire,,,aire
36903,mbeochraoladh,m,,adh
36904,Meitheamh,,,amh
36905,teanndáileog,t,,eog
36906,ionchódú,,ion,ú
36907,bharda,,,da
36908,Mhaisiú,,,iú
36909,turrainge,t,,e
36910,Freagraíodh,,,íodh
36911,Straitéiseacha,,,eacha
36912,dhíolfar,,,far
36913,ionú,,ion,ú
36914,Mionghearradh,,,radh
36915,Tuairisceoirí,,,í
36916,Reida,,,da
36917,suaimhneach,,,each
36918,Cosúlachtaí,,,taí
36919,tunein,t,,in
36920,Siúinéireacht,,,eacht
36921,chostais,,,ais
36922,dúthracht,,dú,acht
36923,chomhchosúil,,,úil
36924,Pheile,,,e
36925,n-ordófar,n-,,ófar
36926,chumhdach,,,ach
36927,foirginte,,fo,te
36928,gclós,g,,ós
36929,chomhaireamh,,,amh
36930,lastais,,las,ais
36931,Uathoibríocha,,,a
36932,Phortach,,,ach
36933,dháileog,,,eog
36934,neamhinchúlghairthe,,neamh,the
36935,gránach,,,ach
36936,gaothairí,,,í
36937,modheolaíochtaí,,,taí
36938,ndearmad,n,dea,ad
36939,dhochlaoite,,,te
36940,bhféadfadh,bh,,fadh
36941,foilsitheoireachta,,fo,ta
36942,bhaisteadh,,,eadh
36943,suíodh,,,íodh
36944,tsiúicre,t,,e
36945,rótháirgeadh,,ró,eadh
36946,madhmtha,,,tha
36947,tuiscintí,t,,tí
36948,feidhmithe,,,ithe
36949,séachas,,,achas
36950,dlighfar,,,far
36951,eitiléine,,,ne
36952,chomh-shealbhóir,,,óir
36953,nAonad,,,ad
36954,píplínte,,,te
36955,gairmiúil,,,úil
36956,dlíthe,,,the
36957,Geilleagrach,,,ach
36958,tsainchomhartha,t,,tha
36959,insamhaltaí,,in,taí
36960,bhreoite,,,te
36961,Fhorlíontach,,,ach
36962,bhalcóin,,,in
36963,tithíocht,t,,íocht
36964,bpráinn,b,,inn
36965,cuas,,,as
36966,Consalacht,,,acht
36967,cufaí,,,aí
36968,faoiNa,,,a
36969,chabhródh,,,ódh
36970,ilmhóid,,il,óid
36971,róta,,ró,ta
36972,hinathraitheacht,h,in,eacht
36973,imdhíon-thocsaineacha,,im,eacha
36974,AROanna,,,anna
36975,n-iniúchfaí,n-,in,aí
36976,ionsúite,,ion,te
36977,Ola-Thruailliú,,,iú
36978,Choigeartú,,,ú
36979,damáistí,,,tí
36980,Daonra,,,ra
36981,Sáibéir,,,éir
36982,seampú,,,ú
36983,fabhraitheacha,,,eacha
36984,iarmharaí,,iar,aí
36985,féadfaidís,,,idís
36986,gníomhairí,,,í
36987,Fodhlíthe,,,the
36988,Fhaighin,,,in
36989,Dlí-Chumainn,,,inn
36990,soláthróidh,,so,óidh
36991,Cruas,,,as
36992,n-oinniúin,n-,,in
36993,heasportáladh,h,eas,adh
36994,Cagiva,,,a
36995,hógchoireachta,h,,ta
36996,scuitseálta,,,ta
36997,Díriú,,,iú
36998,d'instealltaí,d',in,taí
36999,Foclóir,,,óir
37000,Idirghníomhacha,,,acha
37001,thrialfaidh,,,faidh
37002,Bácála,,,a
37003,Léitheoireachta,,,ta
37004,vótaí,,,taí
37005,bainistíocht,,bain,íocht
37006,úr-ghloine,,,ne
37007,chomhaonadh,,,adh
37008,charcanaigin,,,gin
37009,níocaíochtaí,,,taí
37010,Mheithimh-Iúil,,,úil
37011,comhaonta,,comh,ta
37012,Samáraigh,,,aigh
37013,kabuna,,,na
37014,néileamh,,,amh
37015,síneacha,,,eacha
37016,d'ardú,d',ard,ú
37017,cólíonfaidh,,,faidh
37018,Linn,,,inn
37019,Chumhacht,,,acht
37020,gcríochnófar,g,,ófar
37021,n-iarrfadh,n-,iar,fadh
37022,Bronte,,,te
37023,Thoghacháin,,,in
37024,neamh-réasúnacht,,neamh,acht
37025,comhiomlánaithe,,comh,aithe
37026,Gardaí,,,aí
37027,Silahtarağa,,,a
37028,cloigeann,,,eann
37029,Táirgeachta,,,ta
37030,inrátaithe,,in,aithe
37031,3adh,,,adh
37032,bpinsinéirí,b,,í
37033,Trasfhoirme,,,e
37034,látar,,,tar
37035,leasóidh,,leas,óidh
37036,Rialúcháin,,,in
37037,rothaíochta,,ro,ta
37038,mhéad,,,éad
37039,hullamhuítí,h,,ítí
37040,fhiosróidh,,,óidh
37041,dtíolactar,d,,tar
37042,fhaide,,,e
37043,Dea-imfhálú,,,ú
37044,Dearlaicthe,,,the
37045,móráireamh,,mór,amh
37046,d'éis,d',,is
37047,Roghanna,,,anna
37048,éascú,,éa,ú
37049,comhfhreagracht,,comh,acht
37050,Flanfaidh,,,faidh
37051,soiléire,,so,ire
37052,Ceanncheathrú,,,ú
37053,cheardlann,,,lann
37054,Sheanadtoghthóir,,,thóir
37055,néilítear,,,ítear
37056,Cailliúint,,,úint
37057,Chinneadh,,,eadh
37058,bunaicme,,bun,e
37059,bhreithiúnacha,,,acha
37060,Feicfidh,,,fidh
37061,Hélène,,,ne
37062,fhrámaíocht,,,aíocht
37063,portáin,,,in
37064,Anois,,,is
37065,bhfighe,bh,,e
37066,pianta,,,ta
37067,seoltóireachta,,,ta
37068,Pasta,,,ta
37069,hIodáile,h,,e
37070,feature,,,e
37071,Ma,,,a
37072,carnivóirí,,,í
37073,NÃoicléasaigh,,,aigh
37074,gcárta,g,,ta
37075,hAchtanna,h,,anna
37076,heaspa,h,eas,a
37077,Troscán,,,án
37078,gcaillteanas,g,,as
37079,gCostaisí,g,,í
37080,fostaí,,fo,taí
37081,bheadh,,,eadh
37082,gceiliúrfidh,g,,fidh
37083,eiseamláireacha,,,eacha
37084,Ard-Léinn,,,inn
37085,Diméin,,,éin
37086,Díchoimisiúnú,,,ú
37087,Comhchoiste,,,te
37088,fisiciúla,,fisici,a
37089,Chumhanga,,,ga
37090,Carthanúla,,,a
37091,sleamhnán,,,án
37092,díchumasaigh,,dí,aigh
37093,Portaingéilis,,,is
37094,Ceardlanna,,,anna
37095,Ilfhachtóir,,,tóir
37096,Socraíocht,,,aíocht
37097,chomaoine,,,ne
37098,imshocrú,,im,ú
37099,Eisíodh,,,íodh
37100,Leas-Uachtaráin,,,in
37101,neamhdhíthiúil,,neamh,úil
37102,tSile,t,,e
37103,damba,,,a
37104,fhrámaí,,,aí
37105,bailiúcháin,,,in
37106,chróinéir,,,éir
37107,scrúdúcháin,,,in
37108,ngairmeacha,n,,eacha
37109,chistí,,,tí
37110,CT-Fearann,,,ann
37111,Lochlannaigh,,,aigh
37112,siúntán,,,án
37113,Thoscaireachtaí,,,taí
37114,éillithe,,,ithe
37115,Gealacha,,,acha
37116,teascáin,t,,in
37117,Schríbneoir,,,eoir
37118,leasionadaí,,leas,aí
37119,chóras,,,as
37120,imoibrithe,,im,ithe
37121,aistritheach,,ais,each
37122,neamhláithrí,,neamh,í
37123,Fhriotú,,,ú
37124,Taispeánann,,,ann
37125,ndeisithe,n,,ithe
37126,Chalaoise,,,se
37127,chléithe,,,ithe
37128,2017thosaitheoirí,,,í
37129,teicneolaí,t,,aí
37130,Déanamh,,,amh
37131,Iocaíochtaí,,,taí
37132,chóireáil,,,áil
37133,idirbheartanna,,idir,anna
37134,n-éifeachtúlacht,n-,,acht
37135,Oiread,,,ad
37136,laindéir,,,éir
37137,mhéide,,,e
37138,fhodhlithe,,,ithe
37139,tobhach-íoctha,t,,tha
37140,Tugaimid,,,aimid
37141,tuaslagóir,t,,óir
37142,Dalann,,,lann
37143,dhea-chleachtais,,,ais
37144,chláirseach,,,each
37145,gcoiste,g,,te
37146,ghríosú,,,ú
37147,Mheánchriosach,,,ach
37148,teangan,t,,an
37149,carbaihiodráite,,carba,te
37150,Azelaic-frithmhiocróbach,,,ach
37151,crioslach,,,ach
37152,Mheabhrach,,,ach
37153,Lámhscríbhinní,,,í
37154,bhfaoiseamh,bh,,amh
37155,dTeorainneacha,d,,eacha
37156,gabhdóirí,,,í
37157,Sútha,,,tha
37158,gairm-oideachais,,,ais
37159,freagrachta,,,ta
37160,chomhairliú,,,iú
37161,hiarrthóirí,h,iar,í
37162,tespeántar,t,,tar
37163,sinne,,sin,ne
37164,bhfónann,bh,,ann
37165,Cheapachain,,,in
37166,cur-as,,,as
37167,cártaí,,,taí
37168,foirmlí,,fo,í
37169,nGaeilge,n,,e
37170,n-ainmnítear,n-,ain,ítear
37171,tráthúla,,,a
37172,n-Uachtarán,n-,,án
37173,Tumadóireacht,,,eacht
37174,Aireagóir,,,óir
37175,Railí,,,í
37176,easportáil,,eas,áil
37177,oifiigeach,,,each
37178,uimhreofar,,,far
37179,hinimircigh,h,in,igh
37180,bunÃosach,,bun,ach
37181,Foilseoimid,,,imid
37182,blianta,,,ta
37183,il-imreora,,il,ra
37184,cáilithighe,,,e
37185,oibriúcháin,,,in
37186,tsirtheoireacht,t,,eacht
37187,n-iasachtaí,n-,,taí
37188,Shocrú,,,ú
37189,osclóidh,,os,óidh
37190,ghearrthóg,,,óg
37191,Deighiltí,,,tí
37192,liallaíonn,,,aíonn
37193,dtuairisciú,d,,iú
37194,Scrúdóireacht,,,eacht
37195,thurasóirí,,,í
37196,shainmhíniú,,,iú
37197,bhfachtar,bh,,tar
37198,bhFéilte,bh,,te
37199,fheadóg,,,óg
37200,Chomhalta,,,ta
37201,fíorú,,fíor,ú
37202,ardán,,ard,án
37203,ordóg,,,óg
37204,ghníomhaireachta,,,ta
37205,Chabhlaigh,,,aigh
37206,bhreithniú,,,iú
37207,lobhadh,,,adh
37208,Cailín,,,ín
37209,mionathraitheoirí,,mion,í
37210,ceangaltais,,,ais
37211,hainmniú,h,ain,iú
37212,dualgaisí,,,í
37213,mheánshlabhra,,,ra
37214,bPríomh-Bhreitheamh,b,,amh
37215,sriantar,,,tar
37216,Chuimsitheach,,,each
37217,inisealacha,,in,acha
37218,ionsamhlóir,,ion,óir
37219,deluxe,,,e
37220,gcothaitheach,g,,each
37221,Roinnimid,,,imid
37222,liomhnaítear,,,ítear
37223,labhraíodh,,,íodh
37224,mbearnaí,m,,aí
37225,Ruairí,,,í
37226,gCiarraí,g,,aí
37227,fiosrach,,,ach
37228,níltear,,,ear
37229,clabhsúr,,,úr
37230,Íocaiochtaí,,,taí
37231,rúnaíocht,,,aíocht
37232,thaispeántas,,,tas
37233,fáiscíní,,,í
37234,pléascthadhíonach,,,ach
37235,ológ,,,óg
37236,Donnchú,,,ú
37237,Durga,,,ga
37238,tríbhliantúil,,trí,túil
37239,chó-réire,,,ire
37240,sealbhairí,,,í
37241,hoibiachtúil,h,,túil
37242,chlúdach,,,ach
37243,infhaighte,,in,te
37244,shocraíomar,,,íomar
37245,bhithmhillte,,,te
37246,Aoibhín,,,ín
37247,mhuilneoir,,,eoir
37248,dacha,,,acha
37249,truaillithe,,,ithe
37250,ndearbhthéarmaí,n,dea,aí
37251,ayudaaaaa,,,a
37252,díolaim,,dí,aim
37253,dóchúil,,dó,úil
37254,fo-roinne,,fo,ne
37255,Phríosúin,,,in
37256,Measúnacht,,,acht
37257,Draenála,,,a
37258,cithfholcartha,,,tha
37259,saoradh,,,radh
37260,Fostóir,,,tóir
37261,thréimhsiúil,,,úil
37262,Chumhdach,,,ach
37263,chomhartha,,,tha
37264,léirmheastóirí,,,í
37265,iar-Deoraíochta,,iar,ta
37266,Brúite,,,te
37267,fa,,,a
37268,toraidh,t,,aidh
37269,Cineama,,,a
37270,ghnáthnós,,,ós
37271,céad-fhoillsiú,,céad,iú
37272,creidiúnóirí,,,í
37273,ceartanna,,,anna
37274,déanfar,,dé,far
37275,comheagráin,,comh,in
37276,teicstíle,t,,e
37277,athghairmeacha,,ath,eacha
37278,cólíonta,,,ta
37279,coimeádán-aonad,,,ad
37280,Cultúr,,,úr
37281,léachta,,,ta
37282,comhthaobhachta,,comh,ta
37283,Hile,,,e
37284,silteán,,,eán
37285,Thaispeáin,,,in
37286,phluais,,,ais
37287,dhearbhaítear,,,ítear
37288,chiontaigh,,,aigh
37289,príomhbhuntáistí,,príomh,tí
37290,dea-chaidreamh,,dea,amh
37291,réimeas,,ré,eas
37292,riartha,,,tha
37293,féachann,,,ann
37294,dhíreacha,,,eacha
37295,chóipeála,,,a
37296,turais,t,,ais
37297,sraitheoir,,,eoir
37298,thionscnófar,,,ófar
37299,hiarratas,h,iar,tas
37300,ghanntanas,,,tanas
37301,ionchódóra,,ion,ra
37302,íarrthóir,,,thóir
37303,bhfriothán,bh,,án
37304,Chultúr,,,úr
37305,gcumhdódh,g,,ódh
37306,maoin,,,in
37307,chódú,,,ú
37308,Réamhshocraithe,,,aithe
37309,bhíthinn,,,inn
37310,aiseolas,,ais,as
37311,teicneolaíocht,t,,aíocht
37312,carachtar-traein,,,in
37313,eadrainn,,,inn
37314,oideolaíocha,,,a
37315,fholaigh,,,aigh
37316,imfhálú,,im,ú
37317,Muirearófar,,,ófar
37318,bheach,,,each
37319,iarratas,,iar,tas
37320,Rialaitheoir,,,eoir
37321,dhíobháladh,,,adh
37322,éatach,,éa,ach
37323,mainniú,,,iú
37324,Forchúraim,,,aim
37325,Páirteach,,,each
37326,choda,,,da
37327,mentis,,,is
37328,eisigh,,eisi,igh
37329,gcuradh,g,,radh
37330,Neamhlonrach,,,ach
37331,fhéadfá,,,fá
37332,bhforghníomhú,bh,for,ú
37333,Díreoimid,,,imid
37334,d'armáin,d',,in
37335,taispeána,t,tais,na
37336,d'Oileáin,d',,in
37337,tionsclaíochta,t,,ta
37338,aibhsiú,,,iú
37339,fíorshaoiltrí,,fíor,í
37340,thagairtí,,,tí
37341,comhaontaíodh,,comh,íodh
37342,cinniúint,,cinn,úint
37343,Leasacháin,,,in
37344,Sástacht,,,tacht
37345,Cainteoir,,,eoir
37346,thrádáil,,,áil
37347,teorannú,t,teo,ú
37348,d'iarratasóirí,d',iar,í
37349,Leathan,,,an
37350,meántéarmacha,,meán,acha
37351,eisreachtúla,,,a
37352,Faghartha,,,tha
37353,bhaitsiléir,,,éir
37354,déileálaí,,dé,aí
37355,eascann,,eas,ann
37356,n-aithenoidh,n-,aith,idh
37357,suibiachtúil,,,túil
37358,conablaigh,,,aigh
37359,ceanglóirí,,,í
37360,imreofar,,im,far
37361,Doireann,,,eann
37362,Cuimhnímid,,,ímid
37363,Maisiúil,,,úil
37364,Iarmhartacha,,,acha
37365,Comhairleachta,,,ta
37366,Atar,,,tar
37367,radio-thelegrafaíocht,,,grafaíocht
37368,Chomhairliúchain,,,in
37369,Teilifíse,,,se
37370,folaigh,,fo,aigh
37371,dheireannaigh,,,aigh
37372,feidhmeanna,,,eanna
37373,bhóithre,,,e
37374,chóiste,,,te
37375,snifa,,,a
37376,n-aisíoctar,n-,ais,tar
37377,lódála,,,a
37378,tsuim,t,,im
37379,treoirphraghas,,,as
37380,phríomh-áite,,,te
37381,Smithiantha,,,tha
37382,dhíspeagadh,,,adh
37383,fantaisíocht,,,íocht
37384,scriú-síos,,,íos
37385,Tighe,,,e
37386,athimscarfar,,ath,far
37387,bhfeice,bh,,e
37388,idirshuite,,idir,te
37389,bPunann,b,,ann
37390,bhainfe,,,e
37391,shaothraítear,,,ítear
37392,Theicneolaíochtaí,,,taí
37393,n-áirmhítear,n-,,ítear
37394,leathantas,,leath,tas
37395,bhrú-cnaipe,,,e
37396,Dhigitigh,,,tigh
37397,láithreán,,,eán
37398,Dhéanfaidh,,,faidh
37399,ionanálú,,ion,ú
37400,Cuirtear,,,ear
37401,mbreathnóirí,m,,í
37402,Batiste,,,te
37403,théarnamh,,,amh
37404,ndlísheomraí,n,,aí
37405,Ard-Aighne,,,ne
37406,shlógadh,,,adh
37407,Fo-chomhachta,,,ta
37408,satan,,,an
37409,Teachtaireacht,,,eacht
37410,Profilléad,,,éad
37411,innealra,,in,ra
37412,Teaghlach,,,ach
37413,mBóithre,m,,e
37414,aondíolachán,,aon,achán
37415,gnáth-dháta,,gnáth,ta
37416,Stop-Caillteanas,,,as
37417,modhna,,,na
37418,rialacháin,,,in
37419,fhanann,,,ann
37420,ateangaire,,,aire
37421,lánscartha,,,tha
37422,bhulc-cheannaitheoirí,,,í
37423,tumadóireacht,t,,eacht
37424,leictrithe,,leictri,ithe
37425,Miondealú,,,alú
37426,Louboutinúinéireacht,,,eacht
37427,Ceacht,,,eacht
37428,bhruach,,,ach
37429,Eitilte,,,te
37430,bhainfeas,,,eas
37431,Sealadacha,,,acha
37432,haeradróim,h,aera,im
37433,mhuileann,,,eann
37434,Eabhrais,,,ais
37435,Mheán-Oirthear,,,ear
37436,Dlúthchuideachtaí,,,taí
37437,mianraí,,,aí
37438,phearsana,,,na
37439,ionsuite,,ion,te
37440,Bhainisteoir,,,eoir
37441,thoilleadh,,,eadh
37442,gnóbhriste,,,te
37443,Corparáideacha,,,eacha
37444,mheasúnacht,,,acht
37445,Mhuirear,,,ear
37446,grinnscrúdúOiriúnú,,,ú
37447,tharraingeofar,,,far
37448,tuismidh,t,,idh
37449,onóra,,,ra
37450,gcúigí,g,,igí
37451,n-chluiche,,,e
37452,Ceardlann,,,lann
37453,eolaíocha,,eo,a
37454,chearcíní,,,í
37455,sainaitheantóirí,,sain,í
37456,Chnapshuime,,,e
37457,Inné-Inniu-Amárach,,,ach
37458,cumhanga,,,ga
37459,fháiltithe,,,ithe
37460,ngeallann,n,,lann
37461,lonnaíochtaí,,,taí
37462,fhéin,,,éin
37463,fisice,,,e
37464,Fhionn,,,nn
37465,Fíona,,,na
37466,olapháipéir,,,éir
37467,Foroinne,,,ne
37468,brú,,,ú
37469,Cleachtadh,,,adh
37470,Gheoiméadracht,,,méadracht
37471,Ian,,,an
37472,eastósctar,,eas,tar
37473,plandú,,,ú
37474,inchiontuithe,,in,ithe
37475,Chúnamh,,,amh
37476,tigridia,t,,ia
37477,sealadacha,,,acha
37478,Cainteoirí,,,í
37479,Gisela,,,a
37480,ilbhliantúil,,il,túil
37481,Litecoin,,,in
37482,comhshocraíocht,,comh,aíocht
37483,Feadh,,,eadh
37484,comhthofa,,comh,a
37485,codáin,,,in
37486,Dochtúireacht,,,eacht
37487,chomhaontaigh,,,aigh
37488,inthe,,in,the
37489,d'éisteoirí,d',,í
37490,léasachta,,,ta
37491,n-acastóirí,n-,,í
37492,Tiomna,,,na
37493,maisiúil,,,úil
37494,Leifear,,,fear
37495,héabhlóide,h,éa,e
37496,athróidh,,ath,óidh
37497,Clean,,,an
37498,éifeachtaí,,,taí
37499,méadú,,,ú
37500,míchuí,,mí,í
37501,ciontach,,,ach
37502,chosantóra,,,ra
37503,fhorbraíonn,,,aíonn
37504,mheasctar,,,tar
37505,Fhailí,,,í
37506,loicfidh,,,fidh
37507,gcuirfadh,g,,fadh
37508,Arvada,,,da
37509,Shoe,,,e
37510,bhuaiteoir,,,eoir
37511,chailleann,,,eann
37512,chiallódh,,,ódh
37513,Háige,,,e
37514,hachtaíodh,h,,íodh
37515,ndinidh,n,,idh
37516,gúna,,,na
37517,féinghreamaitheach,,féin,each
37518,Croí,,,í
37519,úlla,,,a
37520,cúlscríofa,,cúl,a
37521,beagfhorbartha,,beag,tha
37522,dtréithe,d,tré,ithe
37523,Cnáimhseachas,,,achas
37524,dhigitigh,,,tigh
37525,nDualgas,n,,as
37526,Acmhainní-Breathnóireacht,,,eacht
37527,Gobharnóirí,,,í
37528,Digiteacha,,,eacha
37529,maisigh,,,igh
37530,mheisciúil,,,úil
37531,scarbhileoga,,,ga
37532,toghlimistéir,t,,éir
37533,litearthacht,,,acht
37534,faireacháin,,,in
37535,socrúcháin,,so,in
37536,Phraiticiúil,,,úil
37537,Odense,,,se
37538,hachtúil,h,,túil
37539,uasmheáchan,,uas,chan
37540,drochshéalaithe,,droch,aithe
37541,Eagraíocht,,,aíocht
37542,Lúide,,,e
37543,Tosaigh,,,aigh
37544,Léime,,,e
37545,namhad,,,ad
37546,Ardrúnaí,,,aí
37547,chreidiúnúcháin,,,in
37548,gcoinnibh,g,,ibh
37549,Phríomh-Chigire,,,ire
37550,Ard-chruas,,,as
37551,printéirí,,,í
37552,rúnscríbhinní,,,í
37553,mheabhrach,,,ach
37554,Thángthas,,,as
37555,óstáil,,,áil
37556,frithphearsanra,,frith,ra
37557,réiteofar,,ré,far
37558,foilseacháin,,fo,in
37559,Mheasúnachta,,,ta
37560,síochántagnáthóg,,,óg
37561,Bhanda,,,da
37562,bhféimheach,bh,,each
37563,gceanglófar,g,,ófar
37564,hiarraidh,h,iar,aidh
37565,uachtaraí,,,aí
37566,tsriantacht,t,,tacht
37567,Foilsítear,,,ítear
37568,ólachán,,,achán
37569,mianadóireachta,,,ta
37570,Sáruithe,,,ithe
37571,deirfiúr,,,úr
37572,guthchumarsáide,,,e
37573,dhaoradh,,,radh
37574,mhodhnaítear,,,ítear
37575,Doire,,,ire
37576,intionóntuithe,,in,ithe
37577,oibríochtaí,,,taí
37578,eitreacha,,,eacha
37579,Iarúsailéim,,,im
37580,marbhthach,,,ach
37581,teistíochta,t,,ta
37582,nea-chruinn,,,inn
37583,náisiÃonta,,,ta
37584,barraíocht,,barr,aíocht
37585,imbhualadh,,im,adh
37586,mbainfí,m,bain,fí
37587,nuathógtha,,nua,tha
37588,dhíochurtha,,,tha
37589,shár-riachtanach,,,ach
37590,dtoilí,d,,í
37591,Fhiosraithe,,,aithe
37592,Ionsáigh,,,igh
37593,congantóirí,,,í
37594,tagraíonn,t,,aíonn
37595,píobán,,,án
37596,bhfaighfí,bh,,fí
37597,leath-bhlian,,leath,an
37598,coinsíneoir,,,eoir
37599,barántúlacht,,bar,acht
37600,dhóchúla,,,a
37601,réamhscrúdúcháin,,réamh,in
37602,Cruthaigh,,,aigh
37603,haoiseanna,h,,eanna
37604,dteachtar,d,,tar
37605,ndéanfar,n,dé,far
37606,láimhdeachais,,,ais
37607,Imdhíoneolaíochta,,,ta
37608,bhreathnóirí,,,í
37609,leictreamaighnéadach,,leictrea,ach
37610,Fhiosrú,,,ú
37611,tomhaiste,t,,te
37612,Sínithe,,Sín,ithe
37613,dheire,,,ire
37614,Tástála,,,a
37615,insreabhadh,,in,adh
37616,bPlean,b,,an
37617,sneeze,,,e
37618,choinníollachta,,,ta
37619,Choiriúil,,,úil
37620,gcnuasach,g,,ach
37621,dtráchtanna,d,,anna
37622,cairéad,,,éad
37623,ghabhálaí,,,aí
37624,príomhchodanna,,príomh,anna
37625,thionóntaí,,,taí
37626,orgán,,,gán
37627,reoitear,,,ear
37628,fheirmeacha,,,eacha
37629,chainteanna,,,eanna
37630,Cairdeas,,,eas
37631,bhithbhailitheach,,,each
37632,Idirghníomhaíocht,,,aíocht
37633,gComhchoiteann,g,,eann
37634,Freagrachtaí,,,taí
37635,pléisiúr,,,úr
37636,comhlíontar,,comh,tar
37637,treoraí,,,aí
37638,Libéire,,,ire
37639,Plandáil,,,áil
37640,Clainne,,,ne
37641,uaireanta,,,ta
37642,Cónaitheacht,,,eacht
37643,inchothaithe,,in,aithe
37644,Seandálaíocht,,,aíocht
37645,shealbhós,,,ós
37646,Agile,,,e
37647,ainmneofar,,ain,far
37648,Roinneadh,,,eadh
37649,b'iomchuí,,,í
37650,pianbhreitheanna,,,eanna
37651,bharainneachtaí,,,taí
37652,Mhiotalóireacht,,,eacht
37653,tiúbairí,t,,í
37654,faireachán,,,achán
37655,Righin,,,in
37656,Seolann,,,lann
37657,hárthaigh,h,,aigh
37658,seicphointí,,,tí
37659,Chéile,,,e
37660,oll-ghluaiseacht,,oll,eacht
37661,Amhrasta,,,ta
37662,tuigfear,t,,fear
37663,dornálaí,,do,aí
37664,onna,,,na
37665,stiúrthóireachtaí,,,taí
37666,tuairisciúil,t,,úil
37667,leithroinntear,,,ear
37668,stórála,,,a
37669,chlárlann,,,lann
37670,Coiriúil,,,úil
37671,speisialtóireacht,,,eacht
37672,Ailse,,,se
37673,ngabhdáin,n,,in
37674,socraítear,,so,ítear
37675,léachtaí,,,taí
37676,Comhionann,,,ann
37677,Fillte,,,te
37678,nglacadóir,n,,adóir
37679,príomh-ghníomhaithe,,príomh,aithe
37680,iniúchóirí,,in,í
37681,Móradh,,,radh
37682,geall-ghlacadóir,,,adóir
37683,iascairí,,,í
37684,buan,,,an
37685,Onnmhaire,,,aire
37686,Tionsclaíochta,,,ta
37687,bhunleagan,,,an
37688,neamhbhaileoidh,,neamh,idh
37689,bunchúiseanna,,bun,eanna
37690,Bpáras,,,as
37691,an-úsáideach,,an,each
37692,Neamhfhoirmiúla,,,a
37693,ró-ionsaitheach,,ró,each
37694,coróin,,,in
37695,fheleontacht,,,tacht
37696,eagras,,,as
37697,pro-Gearmánach,,,ach
37698,ghearrchúrsaíocht,,,aíocht
37699,Mi26anna,,,anna
37700,argain,,,in
37701,shóisialta,,,ta
37702,Ceannaíodh,,,íodh
37703,Shóisearaigh,,,aigh
37704,oiriúnaitheach,,oir,each
37705,chólíona,,,na
37706,Tosaíodh,,,íodh
37707,Iar-bhunscoile,,,e
37708,tíolacfar,t,,far
37709,bhosca,,,a
37710,forbráíodh,,for,íodh
37711,neamhchóireáilte,,neamh,te
37712,ngníomhartha,n,,tha
37713,gnóthach,,,ach
37714,Socróidh,,,óidh
37715,radharceolaí,,,aí
37716,príomhimeachtaí,,príomh,taí
37717,ailias,,,as
37718,déine,,dé,ne
37719,Feithiclí,,,í
37720,coscánaithe,,,aithe
37721,tSaimbia,t,,ia
37722,príomhspriocanna,,príomh,anna
37723,athbheochainte,,ath,te
37724,míneoidh,,mín,idh
37725,chroíchleachtas,,,tas
37726,n-íocfaidh,n-,,faidh
37727,regealálfar,,,far
37728,feidhmíonn,,,íonn
37729,Neamhchoinneálach,,,ach
37730,sibhialtach,,,ach
37731,Ulukışla,,,a
37732,déadach,,dé,ach
37733,d'fhóirdheontas,d',,tas
37734,inólta,,in,ta
37735,réiteora,,ré,ra
37736,costaisí,,,í
37737,hOrdú,h,,ú
37738,comhréire,,comh,ire
37739,cinnteoirí,,cinn,í
37740,leath-bhliantúil,,leath,túil
37741,rásaíocht,,,aíocht
37742,próistéiseach,,,each
37743,éalaigh,,éa,aigh
37744,Chlárathachta,,,ta
37745,Il-cuideachta,,,ta
37746,Gaolmhara,,,ra
37747,neamhiomlán,,neamh,án
37748,Phreasagallamh,,,amh
37749,bhfhéadfaí,bh,,aí
37750,cumhrán,,,án
37751,fháinní,,,í
37752,neamhdhíreach,,neamh,each
37753,n-oiriúnú,n-,oir,ú
37754,ceachtar,,,tar
37755,cuirimid,,,imid
37756,loitithe,,,ithe
37757,hUngáire,h,,ire
37758,neamh-fhite,,neamh,te
37759,neamhurchóideacha,,neamh,eacha
37760,ticéadaithe,t,,aithe
37761,comófar,,,ófar
37762,Léirithe,,,ithe
37763,phiorraí,,,aí
37764,Mheánscoileanna,,,eanna
37765,sheirbheálann,,,lann
37766,clúduithe,,,ithe
37767,d'athscrúdú,d',ath,ú
37768,aiseanna,,ais,eanna
37769,Hidreacarbóin,,,in
37770,grinnscrúdaithe,,,aithe
37771,dealraitheachdóigh,,dea,igh
37772,dtairbheoidís,d,,idís
37773,ábharthacha,,,acha
37774,iolarthacht,,,acht
37775,Chomhroinnte,,,te
37776,bhfostú,bh,fo,ú
37777,ainneoin,,ain,in
37778,dhoimhneas,,,eas
37779,imscarfar,,im,far
37780,bhfostóirí,bh,fo,í
37781,pháirtnéara,,,ra
37782,toilleora,t,,ra
37783,bhrandaí,,,aí
37784,creathanna,,,anna
37785,Charna,,,na
37786,mbileoige,m,bi,e
37787,mbua,m,,a
37788,sábhála,,,a
37789,sheanóirí,,,í
37790,mbeidh,m,,idh
37791,ndíspeagadh,n,dí,adh
37792,Laghdaíonn,,,aíonn
37793,tógálach,t,,ach
37794,gclárathóirí,g,,í
37795,Forléireofar,,,far
37796,Hardcore,,,e
37797,cumhráin,,,in
37798,muiníneach,,,each
37799,dhrochshláinte,,,te
37800,Zoe,,,e
37801,Rólanna,,,anna
37802,Scaipfear,,,fear
37803,Taitneamhacht,,,acht
37804,leathphríobháideach,,leath,each
37805,saolta,,,ta
37806,comhlairlí,,comh,í
37807,dhúshlánach,,,ach
37808,neamhluchtaithe,,neamh,aithe
37809,leaganacha,,,acha
37810,chonraitheoir,,,eoir
37811,luibhicídí,,,í
37812,imithe,,im,ithe
37813,fhoghrúpaí,,,aí
37814,anailíseach,,ana,each
37815,Tóirseach,,,each
37816,Trádálaithe,,,aithe
37817,físchluiche,,fís,e
37818,dúisithe,,dú,ithe
37819,gcomhoibriú,g,comh,iú
37820,tiomarnaíochta,t,,ta
37821,litreach,,,each
37822,Cuairteanna,,,eanna
37823,ailléirgeacha,,,eacha
37824,phlumaí,,,aí
37825,t-eolaí,t-,eo,aí
37826,mheabhlaireachta,,,ta
37827,gaibhniú,,,iú
37828,chuimisú,,,ú
37829,Leispiacha,,,acha
37830,éigeandáil,,,áil
37831,Ollamh,,,amh
37832,Sceimhlitheoireachta,,,ta
37833,Elisea,,,a
37834,Malartaithe,,,aithe
37835,phleanáil,,,áil
37836,Báistí,,,tí
37837,cine,,,ne
37838,gceirde,g,,e
37839,buíne,,,ne
37840,cheadós,,,ós
37841,Airithe,,,ithe
37842,threoraithe,,,aithe
37843,gceann,g,ceann,eann
37844,Rolandas,,,as
37845,oibríochta,,,ta
37846,Aontroma,,,a
37847,scoláireachta,,,ta
37848,ceannaireacht,,ceann,eacht
37849,comórtas,,,tas
37850,chó-ionann,,,ann
37851,Eolaíochtaí,,,taí
37852,Gnólacht,,,acht
37853,Parthas,,,as
37854,braiteoir,,,eoir
37855,uaillmhianach,,,ach
37856,díoltas,,dí,tas
37857,seoigh,,,igh
37858,choimeádaí,,,aí
37859,rude,,,e
37860,timpeallacht,t,,acht
37861,choigiltis,,,is
37862,foillsithe,,fo,ithe
37863,drochamhrais,,droch,ais
37864,Charnaithe,,,aithe
37865,Náisiúntachtaí,,,taí
37866,ceardaíochta,,,ta
37867,tráma,,,a
37868,dtogra,d,,ra
37869,trumpaí,,,aí
37870,Gaeilgeoir,,,eoir
37871,cheiliúradh,,,radh
37872,speisaltachtaí,,,taí
37873,hiarrathóirí,h,iar,í
37874,údarúcháin,,,in
37875,línte,,,te
37876,comhar-chumann,,comh,ann
37877,Brandála,,,a
37878,Ostlanna,,,anna
37879,socraitheoir,,so,eoir
37880,gcainneanna,g,,eanna
37881,amharclainn,,am,inn
37882,Snasta,,,ta
37883,leanfidh,,,fidh
37884,nglanann,n,,ann
37885,luaidhtear,,,ear
37886,Shíochána,,,na
37887,Tromluí,,,í
37888,bunsócmhainne,,bun,ne
37889,Suífidh,,,fidh
37890,hainmhithe,h,ain,ithe
37891,neamh-chomhbhrúite,,neamh,te
37892,gnóthaíochta,,,ta
37893,dtugann,d,,ann
37894,2012'nin,,,in
37895,Glibenclamide,,,e
37896,fágtha,,,tha
37897,Fhoirlíontaigh,,,aigh
37898,aige,,,e
37899,dhílseoidh,,,idh
37900,réamhscrúdú,,réamh,ú
37901,atruacha,,,acha
37902,cheárdais,,,ais
37903,Scoláireachtaí,,,taí
37904,d'uasdátú,d',uas,ú
37905,leatsa,,,sa
37906,naíona,,naí,na
37907,airplane,,,ne
37908,d'úsáidfí,d',,fí
37909,sóid,,,óid
37910,gceathrúna,g,,na
37911,gunna,,,na
37912,256giotán,,,án
37913,Téipeanna,,,eanna
37914,eigin,,,gin
37915,spreagúil,,,úil
37916,rothaí,,ro,aí
37917,bhrollach,,,ach
37918,Tríocha,,,a
37919,reithí,,,í
37920,liostaithe,,,aithe
37921,geolaíocha,,geo,a
37922,B-chasta,,,ta
37923,féin-tuarascála,,féin,a
37924,gialla,,,a
37925,olacha,,,acha
37926,fhairsingithe,,,ithe
37927,frithchonfaidh,,frith,faidh
37928,mhórreaca,,,a
37929,Cáilíonn,,,íonn
37930,Pizzaballa,,,a
37931,cláruíodh,,,íodh
37932,trasghearradh,,tras,radh
37933,n-úinéara,n-,,ra
37934,fochonraitheoirí,,fo,í
37935,fóin,,,in
37936,ath-shealbhaíochta,,ath,ta
37937,Fhoirgneamh,,,amh
37938,Déanfar,,,far
37939,Barda,,,da
37940,anlann,,an,lann
37941,bhrabúsacht,,,acht
37942,urchóideach,,ur,óideach
37943,dhona,,,na
37944,dúblach,,dú,ach
37945,coitianta,,,ta
37946,trasfhoirmeora,,tras,ra
37947,Gníomhaire,,,aire
37948,tarraingeoidh,t,tar,idh
37949,Mintuairiscí,,,í
37950,sainmhíniú,,sain,iú
37951,tArdionadaí,t,,aí
37952,chara-chumann,,,ann
37953,féichiúnaí,,,aí
37954,soicindí,,so,í
37955,d'fhoillsiú,d',,iú
37956,mór-ghineadóirí,,mór,í
37957,réamhúdarúcháin,,réamh,in
37958,ghrásta,,,ta
37959,inmheánach,,in,ach
37960,Dame,,,e
37961,caoire,,,ire
37962,dréacht-tuarascáil,,,áil
37963,glaoifear,,,fear
37964,Phléascacha,,,acha
37965,aoisbhainteacha,,,eacha
37966,ndaingneofar,n,,far
37967,scátáil,,,áil
37968,réasúnach,,réa,ach
37969,gcolainn,g,,inn
37970,caillí,,,í
37971,fhéidearthachtaí,,,taí
37972,chitosanide,,,e
37973,Foghlaimeoirí,,,í
37974,n-tóir,,,tóir
37975,ainmnitheach,,ain,each
37976,aicídeach,,,each
37977,tae,t,,e
37978,dréineáil,,,áil
37979,Ainmnithe,,,ithe
37980,idirdhisciplíneach,,idir,each
37981,ináitrithe,,in,ithe
37982,bhfíor-bhochtaineacht,bh,fíor,eacht
37983,níochán,,,án
37984,chumhdaigh,,,aigh
37985,comhoiread,,comh,ad
37986,sáraíodh,,sár,íodh
37987,sábhálfaidh,,,faidh
37988,Ard-Shiosóin,,,in
37989,gardaí,,gar,aí
37990,Allamuigh,,,igh
37991,dhéine,,,ne
37992,shannfar,,,far
37993,tráchtáil,,,áil
37994,haibhneacha,h,,eacha
37995,rúnbhallóid,,,óid
37996,Éilímid,,,ímid
37997,t-idirlíon-tá,t-,idir,tá
37998,neamhchistithe,,neamh,ithe
37999,Chlárathóir,,,thóir
38000,7ú,,,ú
38001,d'fhostaístiúrthóir,d',,thóir
38002,eibleacht,,,eacht
38003,choisceann,,,eann
38004,Tatjana,,,na
38005,sholáthrÃ3idh,,,idh
38006,lán-fáilte,,,te
38007,Kuumba,,,a
38008,Pháras,,,as
38009,thiomsú,,,ú
38010,Suíochán,,,án
38011,trádstórais,,,ais
38012,T-dhearadh,,,radh
38013,unsheathe,,,the
38014,dTagraítear,d,,ítear
38015,nimhiú,,,iú
38016,Hieraconpolis,,,is
38017,Mountain,,,in
38018,Measúnachtaí,,,taí
38019,oibrímid,,,ímid
38020,dífhostú,,dí,ú
38021,grúpeintiteas,,grúp,eas
38022,mhór-thonnáiste,,,te
38023,eacnamaíocht,,,aíocht
38024,táirgeora,t,,ra
38025,gcáilíochtaí,g,,taí
38026,haistríodh,h,ais,íodh
38027,forbraíonn,,for,aíonn
38028,táscacha,t,,acha
38029,fíoneolaíocha,,,a
38030,craoltaí,,,taí
38031,foghlaimíonn,,fo,íonn
38032,inbhailithe,,in,ithe
38033,d'fhéadfaidís,d',,idís
38034,Bilboa,,,a
38035,ndófar,n,dó,ófar
38036,beogacht,,,acht
38037,cré-umha,,,a
38038,diagacht,,dia,acht
38039,intaifeadta,,in,ta
38040,maslach,,,ach
38041,d'Íocaíocht,d',,aíocht
38042,Angla-Éireannaigh,,Angla,aigh
38043,cheardchumann,,,ann
38044,glactar,,,tar
38045,Asláithreacht,,,eacht
38046,Coinníollacha,,,acha
38047,instruimidí,,in,í
38048,guaise,,,se
38049,d'fhuaim,d',,aim
38050,síor-ionathnuachainte,,síor,te
38051,Dán,,,án
38052,hIdirnáisiúnú,h,,ú
38053,Sonrúcháin,,,in
38054,caoithiúla,,,a
38055,Mhaignéisiam,,,iam
38056,bhéim,,,im
38057,Díobhalacha,,,acha
38058,héisteachta,h,,ta
38059,gCeathrú,g,,ú
38060,cháilíochtaí,,,taí
38061,ghéarleanúint,,,úint
38062,bhfoirmíochtaí,bh,fo,taí
38063,Eithne,,,ne
38064,bhainisteora,,,ra
38065,gemensamma,,,a
38066,Fanacht,,,acht
38067,ard-taise,,ard,se
38068,comharchumainn,,comh,inn
38069,dhea-fheidhmíocht,,,íocht
38070,haoi-chainteoirí,h,,í
38071,bithbhreosla,,bith,a
38072,Réamhscrúduithe,,,ithe
38073,mhorgáisteoir,,,eoir
38074,íoctha,,,tha
38075,eolasacha,,eo,acha
38076,tráthnóna,,,na
38077,Genearálta,,,ta
38078,Toghroinn,,,inn
38079,Acara,,,ra
38080,eirghe,,,e
38081,Inniúil,,,úil
38082,Thurasóirí,,,í
38083,Feidhmíonn,,,íonn
38084,roinnfí,,ro,fí
38085,n-eiseachadfaidh,n-,,faidh
38086,chomhroinneann,,,eann
38087,gásach,,,ach
38088,péintéirí,,,í
38089,bhristear,,,ear
38090,ceapfar,,,far
38091,gcuirfimid,g,,fimid
38092,neamhréireach,,neamh,each
38093,Marthanóir,,,óir
38094,Zombie,,,e
38095,Seirbhí,,,í
38096,feithicleach,,,each
38097,meallann,,,lann
38098,Urmas,,,as
38099,réamhaisnéise,,réamh,se
38100,d'iompaigh,d',,aigh
38101,Mear-rochtain,,,in
38102,an-srianta,,an,ta
38103,soiléirithe,,so,ithe
38104,ath-thógainte,,ath,te
38105,eatramhaí,,,aí
38106,chreimire,,,ire
38107,Oighinn,,,inn
38108,huiscebhealach,h,,ach
38109,ghrúdlann,,,lann
38110,shlad,,,ad
38111,bhearnaithe,,,aithe
38112,d'altraí,d',,traí
38113,dhébheinseafúráin,,,in
38114,ullmhaítear,,,ítear
38115,forghníomhaithe,,for,aithe
38116,Séala,,,a
38117,muirdhéanmhas,,,as
38118,sainchuspóir,,sain,óir
38119,bhforálann,bh,for,lann
38120,Zawada,,,da
38121,idéalach,,,ach
38122,bhfáltas,bh,,tas
38123,Infheistiú,,,iú
38124,Faireachas,,,achas
38125,piocadh,,,adh
38126,imdhíonach,,im,ach
38127,hordú,h,,ú
38128,Massa,,,sa
38129,Feirmeoireacht,,,eacht
38130,Sea,,,a
38131,Mionsonraí,,,aí
38132,leathán,,leath,án
38133,Mheastachán,,,achán
38134,ullamhuithe,,,ithe
38135,urnaí,,ur,aí
38136,dronnach,,,ach
38137,mionlach,,mion,ach
38138,grámhara,,,ra
38139,tsolas,t,,as
38140,n-athrófaí,n-,ath,ófaí
38141,timscrúdú,t,,ú
38142,Phléimeannaigh,,,aigh
38143,páirtdéantachta,,páirt,ta
38144,Chomhad,,,ad
38145,cógaisithe,,,ithe
38146,chois,,,is
38147,éiginnteachta,,,ta
38148,úrscéalta,,,ta
38149,ndílseoidh,n,dí,idh
38150,stampála,,,a
38151,haidhmeanna,h,,eanna
38152,scaladaigh,,,aigh
38153,leathbhliain,,leath,in
38154,t-imscrúdaitheoir,t-,im,eoir
38155,Chostaisí,,,í
38156,tearcionadaithe,t,,aithe
38157,an-chruas,,an,as
38158,thinniúla,,,a
38159,fhógrán,,,án
38160,iompórtálacha,,,acha
38161,áitíonn,,,íonn
38162,sainiú,,sain,iú
38163,meithleacha,,,eacha
38164,aigescríofa,,,a
38165,Clúdaítear,,,ítear
38166,cheolchoirme,,,e
38167,Leathain,,,in
38168,Aighneacht,,,eacht
38169,dreapadóireachta,,,ta
38170,dlíthiúil,,,úil
38171,mheasaire,,,aire
38172,ministreachtaí,,,taí
38173,eisiúint,,eisi,úint
38174,xtina,,,na
38175,bainte,,bain,te
38176,d'iomportáil,d',,áil
38177,féilire,,,ire
38178,Cuimhnigh,,,igh
38179,iarratasóir,,iar,óir
38180,shíocháin,,,in
38181,dearcthaí,,dea,aí
38182,athphlandáil,,ath,áil
38183,féin-rialú,,féin,alú
38184,dearcfaidh,,dea,faidh
38185,mbéadh,m,,adh
38186,bhanna,,,anna
38187,aa,,,a
38188,mháthairchuideachta,,,ta
38189,Lear,,,ear
38190,gcomhdháil,g,comh,áil
38191,Daonáireamh,,,amh
38192,dhéileálfar,,,far
38193,Fáiltítear,,,ítear
38194,Cásanna,,,anna
38195,moringa,,,ga
38196,gnáth-cheadúnais,,gnáth,ais
38197,sriain,,,in
38198,gníomhú,,,ú
38199,ghlanna,,,anna
38200,Stampaí,,,aí
38201,atreoraithe,,,aithe
38202,gcarcanaiginí,g,carcana,í
38203,shailleadh,,,eadh
38204,chónaitheoirí,,,í
38205,fothrópaiceacha,,fo,eacha
38206,coimisiúnú,,,ú
38207,féindearbhúcháin,,féin,in
38208,gclárlann,g,,lann
38209,lóisteáil,,,áil
38210,Reáchtáladh,,,adh
38211,eochairchlais,,eo,ais
38212,tOifigeach,t,,each
38213,laochra,,,ra
38214,agóidí,,,í
38215,mbunrialacha,m,bun,acha
38216,chalabrú,,,ú
38217,mmLeithead,,,ad
38218,cluasliachta,,cluas,ta
38219,féinne,,féin,ne
38220,geimhridh,,,idh
38221,Bhéarra,,,ra
38222,Tennis,,,is
38223,Neoidimiam,,,iam
38224,Osceola,,,a
38225,Phointe,,,te
38226,hairstyle,h,,e
38227,cúnta,,,ta
38228,mbailítear,m,,ítear
38229,mórláithreach,,mór,each
38230,ruaim,,,aim
38231,fadhbanna,,fad,anna
38232,féinmheasúnúcháin,,féin,in
38233,dhí,,,í
38234,gabháltas,,,tas
38235,Daonnúla,,,a
38236,fáiltithe,,,ithe
38237,mheastar,,,tar
38238,neamhchomhlíonadh,,neamh,adh
38239,oirthearacha,,oir,acha
38240,necróis,,,óis
38241,cuardaitheora,,,ra
38242,Lastais,,,ais
38243,gcreideann,g,,eann
38244,gcaibidlí,g,,í
38245,dtoghtar,d,,tar
38246,ceimice,,ceimi,e
38247,Pholainnis,,,is
38248,dea-thaifead,,dea,fead
38249,bhainisteoirí,,,í
38250,ngiúróirí,n,,í
38251,Amhras,,,as
38252,Úsáideann,,,eann
38253,Foscríbhinn,,,inn
38254,phríomh-chomhéadan,,,an
38255,modheolaíocht,,,aíocht
38256,n-ólfaidh,n-,,faidh
38257,leasuitheoirí,,leas,í
38258,muirearófaí,,,ófaí
38259,Chreathnaigh,,,aigh
38260,Chópháirteacha,,,eacha
38261,Naíonraí,,,aí
38262,gceadaithe,g,,aithe
38263,Meáigh,,,igh
38264,cabatáiste,,,te
38265,toilteanach,t,,ach
38266,hOllchomhairlí,h,,í
38267,choisteoirí,,,í
38268,nUilechumhacht,,,acht
38269,Europska,,,a
38270,príomhfheidhmeannach,,príomh,ach
38271,Rabhán,,,án
38272,tábla,t,,a
38273,nuacht,,nua,acht
38274,bpríomhpharaiméadar,b,príomh,méadar
38275,chlaochlódh,,,ódh
38276,Chomhaltaí,,,taí
38277,bhannaí,,,aí
38278,bpaisinéirí,b,,í
38279,fianú,,fia,ú
38280,Bhliantúla,,,a
38281,Iordáin,,,in
38282,néascóidh,,,óidh
38283,mhórbhealaí,,,aí
38284,Sibhialta,,,ta
38285,dheimhnithe,,,ithe
38286,chaomhnú,,,ú
38287,Seagate,,,te
38288,sirriaim,,,aim
38289,Cúpóin,,,in
38290,braitheadh,,,eadh
38291,ciallóidh,,,óidh
38292,tháirgíonn,,,íonn
38293,Crainn,,,inn
38294,cara,,,ra
38295,neartú,,,ú
38296,dea,,,a
38297,baintreach,,bain,each
38298,t-abhcóide,t-,,e
38299,Iarchoimeádta,,,ta
38300,stocáilte,,,te
38301,buinneach,,,each
38302,ndearnadh,n,dea,adh
38303,Leighis,,,is
38304,Tréigean,,,an
38305,neodracha,,neo,acha
38306,saineolacha,,sain,acha
38307,paróiste,,,te
38308,cosnaíodh,,,íodh
38309,sloinnte,,,te
38310,Inbhraite,,,te
38311,siosóin,,,in
38312,shásamh,,,amh
38313,bhainistíochta,,,ta
38314,éifeachtachta,,,ta
38315,lánfhreagrach,,,ach
38316,cearcalliam,,,iam
38317,Bailitheoir,,,eoir
38318,Clóigh,,,igh
38319,gceannaitheoirí,g,ceann,í
38320,aiséileamh,,ais,amh
38321,bunréasúnaíochta,,bun,ta
38322,dturas,d,,as
38323,príbhléidí,,,í
38324,Airleacfar,,,far
38325,comharthaí,,comh,aí
38326,taisbeántar,t,tais,tar
38327,phríomhchigire,,,ire
38328,nEolaíochtaí,,,taí
38329,chomhpháirtithe,,,ithe
38330,Sannfaidh,,,faidh
38331,corpraitheachta,,,ta
38332,oiriúnach,,oir,ach
38333,lionsaí,,,aí
38334,urramú,,ur,ú
38335,Coróin,,,in
38336,Comhchéim,,,im
38337,Cónascairí,,,í
38338,diúltaíodh,,,íodh
38339,ioncuim,,ion,im
38340,Threoraíocht,,,aíocht
38341,gcomhairde,g,comh,e
38342,chaitear,,,ear
38343,ninja,,,a
38344,léigear,,,ear
38345,daonlathaithe,,daon,aithe
38346,cáilíonn,,,íonn
38347,reáchtáil,,,áil
38348,pacála,,,a
38349,tharraingeoidh,,,idh
38350,daingean,,,an
38351,fhachtóra,,,ra
38352,Tugtha,,,tha
38353,Sinica,,,a
38354,chaithfidh,,,fidh
38355,mhiondíoltóir,,,tóir
38356,naofa,,,a
38357,rótharraingte,,ró,te
38358,bpacáistí,b,,tí
38359,Deadhead,,,ad
38360,chuma,,,a
38361,chríochnaitheach,,,each
38362,léasach,,,ach
38363,Meitheamh-Iúil,,,úil
38364,Frithvíreas,,,eas
38365,bhfochuideachtaí,bh,fo,taí
38366,thabharfaí,,,aí
38367,deonaithe,,,aithe
38368,teirmeafosfáití-fhisiciúil,t,teirmea,úil
38369,Sabhna,,,na
38370,conspóide,,,e
38371,leiteít,,,ít
38372,Cruthanna,,,anna
38373,sheachtain,,,in
38374,mion-mhéara,,mion,ra
38375,leagamar,,,amar
38376,tona,t,,na
38377,gineadóir,,,adóir
38378,cruthúnais,,,ais
38379,mbaincéir,m,bain,éir
38380,Bardasach,,,ach
38381,Braiteacha,,,eacha
38382,péarlaí,,,aí
38383,sailéad,,,éad
38384,Ghathanna,,,anna
38385,bhreathnú,,,ú
38386,luchtanna,,,anna
38387,churiarracht,,,acht
38388,fhéinsoláthraithe,,,aithe
38389,ndámhfaí,n,dá,aí
38390,n-urramaítear,n-,ur,ítear
38391,mbun-áireamhacht,m,bun,acht
38392,d'áitreabhacha,d',,acha
38393,phríosúnófar,,,ófar
38394,Anailísí,,,í
38395,churtha,,,tha
38396,chumha,,,a
38397,spréidheála,,,a
38398,Dleachtanna,,,anna
38399,Tadaga,,,ga
38400,Sollúnta,,,ta
38401,iseabóracha,,,acha
38402,foirfeachta,,fo,ta
38403,an-éilíonn,,an,íonn
38404,Imeallach,,,ach
38405,chaighdeánú,,,ú
38406,tarrainge,t,tar,e
38407,breithníodh,,,íodh
38408,fhoiréigean,,,an
38409,fo-bhrainsí,,fo,í
38410,dabhach,,,ach
38411,potaí,,,taí
38412,Gaelcholáiste,,,te
38413,Prionsacht,,,acht
38414,ngrúpaí,n,grúp,aí
38415,préimhe,,,e
38416,as-bhaintí,,as,tí
38417,hathróga,h,ath,ga
38418,oireasú,,oir,ú
38419,aonfhoirmeacht,,aon,eacht
38420,soiléirítear,,so,ítear
38421,shábháiltear,,,ear
38422,menganggumkan,,,an
38423,lánpháirtithe,,,ithe
38424,Iónach,,,ach
38425,Deimeagrafaíocht,,,grafaíocht
38426,fruilitheoirí,,,í
38427,Gineadóir,,,adóir
38428,chomhthoghadh,,,adh
38429,Neodimiam,,,iam
38430,eirithe,,,ithe
38431,omnibusanna,,,anna
38432,Ionann,,,ann
38433,bhfoirmiú,bh,fo,iú
38434,athródú,,ath,ú
38435,thearmann,,,ann
38436,d'áirithiú,d',,iú
38437,laraí-mheáchan,,,chan
38438,flapach,,,ach
38439,scurfidh,,,fidh
38440,Bhostúin,,,in
38441,seanpharóistí,,sean,tí
38442,dteagmhálacha,d,,acha
38443,dtionóntán,d,,án
38444,Dréachtchonradh,,,radh
38445,marsantais,,,ais
38446,mionghuaise,,mion,se
38447,eiticiúla,,,a
38448,spleáchríocha,,,a
38449,rós,,ró,ós
38450,barántúla,,bar,a
38451,Trebuie,,,e
38452,dréimire,,,ire
38453,mainneachtana,,,na
38454,leanúnaí,,,aí
38455,geall-ticéadaí,,,aí
38456,mheasta,,,ta
38457,gcoigilteas,g,,eas
38458,Aiteamh,,,amh
38459,n-turas,,,as
38460,chuirtear,,,ear
38461,Rómáine,,,ne
38462,phaisinéir,,,éir
38463,Rinn,,,inn
38464,saorálaí,,,aí
38465,scríobhfaidh,,,faidh
38466,Chomhdhlúthúcháin,,,in
38467,glasáilte,,glas,te
38468,roinnfimid,,ro,fimid
38469,ath-shainmhíniú,,ath,iú
38470,Eileofar,,,far
38471,Fheidhmiúlacht,,,acht
38472,sliogáin,,,in
38473,Freddie,,,e
38474,Simplítear,,,ítear
38475,Freagracht,,,acht
38476,Deonaíodh,,,íodh
38477,Pairtithe,,,ithe
38478,shamplacha,,,acha
38479,Morgáistí,,,tí
38480,ittiba,,,a
38481,Burmais,,,ais
38482,earsmate,,,te
38483,Iorua,,,a
38484,bunscileanna,,bun,eanna
38485,gcathracha,g,,acha
38486,chomhdhlúthacht,,,acht
38487,babhta,,,ta
38488,scuireadh,,,eadh
38489,ionghairme,,ion,e
38490,ath-oibrithe,,ath,ithe
38491,hairleacain,h,,in
38492,Seoirseach,,,each
38493,muilleoireachta,,,ta
38494,héilitheoirí,h,héili,í
38495,Leas-Chathaoirleach,,,each
38496,saoirsí,,,í
38497,iomráiteach,,,each
38498,thréimhse,,,se
38499,Stéaróidigh,,,igh
38500,sheasamh,,,amh
38501,barrachais,,barr,ais
38502,cnáimhseach,,,each
38503,mhargadh,,,adh
38504,mhatánach,,,ach
38505,chobhsaitheoir,,,eoir
38506,gcigireachtaí,g,,taí
38507,comhpháirtí,,comh,tí
38508,dhiúitéthe,,,the
38509,neamhullmhaithe,,neamh,aithe
38510,Talamh-Cheannaigh,,,aigh
38511,eochairghníomhairí,,eo,í
38512,Coigeartuithe,,,ithe
38513,geobhaidh,,geo,aidh
38514,cruthaigh,,,aigh
38515,mheathlú,,,ú
38516,Thacaigh,,,aigh
38517,mheánchostas,,,tas
38518,coille,,,e
38519,chompháirtíocht,,,íocht
38520,tairgeora,t,,ra
38521,ghluaiseann,,,eann
38522,fáidh,,,idh
38523,uachtaráin,,,in
38524,déanfí,,dé,fí
38525,Tampere,,,e
38526,téamhú,t,,ú
38527,dtuaslagán,d,,agán
38528,páirtíoctha,,páirt,tha
38529,dtairseacha,d,,eacha
38530,cóilis,,,is
38531,teasmóir,t,,óir
38532,eiseachadta,,,ta
38533,Táite,,,te
38534,luathaíonn,,luath,aíonn
38535,síocháin-tairiscintí,,,tí
38536,bholscaire,,,aire
38537,trádálaithe,,,aithe
38538,ghlacfas,,,fas
38539,iardhíolacháin,,iar,in
38540,bhailiú,,,iú
38541,Natura,,,ra
38542,có-aontuíodh,,,íodh
38543,Speisialta,,,ta
38544,charáiste,,,te
38545,Réamhaontachais,,,ais
38546,Shainmharcáil,,,áil
38547,gCoinne,g,,ne
38548,calraí,,,aí
38549,Ciarán,,,án
38550,forlán,,for,án
38551,greanadóireacht,,,eacht
38552,dtacú,d,,ú
38553,meaisín,,,ín
38554,Polaitíocht,,,íocht
38555,Fógraíodh,,,íodh
38556,Glacadóireacht,,,eacht
38557,allmhairiú,,,iú
38558,In-insteallta,,,ta
38559,príomhfhoinsí,,príomh,í
38560,ítimí,,,í
38561,gcóimhreamh,g,,amh
38562,choscóir,,,óir
38563,loingeas,,,eas
38564,n-iontrálfar,n-,ion,far
38565,fúinne,,,ne
38566,Iomadú,,,ú
38567,trasfheisteoir,,tras,eoir
38568,chomhshuimithe,,,ithe
38569,trustaí,,,taí
38570,cairde-na-chairde,,,e
38571,príosúnach,,,ach
38572,spotaí,,,taí
38573,foilsíodh,,fo,íodh
38574,bhileoga,,,ga
38575,dola,,do,a
38576,Chreidmheasanna,,,anna
38577,comhfháiscthe,,comh,the
38578,d'iomalairtiú,d',,iú
38579,Seachtraí,,,traí
38580,baránta,,bar,ta
38581,Imeacht,,,eacht
38582,breathable,,,e
38583,heachtra,h,,ra
38584,muilínín,,,ín
38585,baineadh,,bain,eadh
38586,sinneagóid,,sin,óid
38587,páirceáilte,,,te
38588,ríomhairí,,ríomh,í
38589,n-oiriúnaítear,n-,oir,ítear
38590,Iontaobhais,,,ais
38591,Infheistíochtaí,,,taí
38592,Dlíonn,,,íonn
38593,michreorabáin,,,in
38594,garspriocanna,,gar,anna
38595,táireach,t,,each
38596,ghríleanna,,,eanna
38597,sonrófar,,so,ófar
38598,deisceartach,,,ach
38599,complacht,,,acht
38600,Mheicníocht,,,íocht
38601,mailíseacha,,,eacha
38602,ailléirgí,,,í
38603,siúcrós,,,ós
38604,húsáideadh,h,,eadh
38605,trasfhoirmeoirí,,tras,í
38606,98-uisce,,,e
38607,arsa,,,sa
38608,puipéad,,,éad
38609,aclaíochta,,,ta
38610,folínte,,fo,te
38611,cartaí,,,taí
38612,mbinse,m,bi,se
38613,Itraconazole,,,e
38614,choróin,,,in
38615,Comharsanna,,,anna
38616,n-innealtóirí,n-,in,í
38617,traochta,,,ta
38618,Chónaidhme,,,e
38619,Stát-Tionscanta,,,ta
38620,chúltaca,,,a
38621,gcosán,g,,án
38622,mmoite,,,te
38623,Deirim,,,im
38624,Panama,,,a
38625,Tráchtearra,,,ra
38626,gcliathbhosca,g,,a
38627,ghin,,,in
38628,neamhghuaiseach,,neamh,each
38629,bárdas,,,as
38630,leathbhádóirí,,leath,í
38631,fhaisnithe,,,ithe
38632,haicsean,h,,sean
38633,Codanna,,,anna
38634,gcomhlíonann,g,comh,ann
38635,geallghlacadóra,,,ra
38636,eadráin,,,in
38637,meánscoile,,meán,e
38638,foghlaimeora,,fo,ra
38639,hÚcráine,h,,ne
38640,chleithiúnaigh,,,aigh
38641,cinematografach,,,ach
38642,cháilíos,,,íos
38643,d'teaghlaigh,,,aigh
38644,taispeántach,t,tais,ach
38645,Tosnú,,,ú
38646,Comhairleacht,,,eacht
38647,fhéinfhostaíocht,,,aíocht
38648,leagáide,,,e
38649,litríochta,,,ta
38650,daidí,,,í
38651,caochaíl,,,aíl
38652,Seán,,,eán
38653,bhrughanna,,,anna
38654,fhreagróra,,,ra
38655,tuaithe,t,,aithe
38656,eascra,,eas,ra
38657,Chobhsaíocht,,,aíocht
38658,phróiséas,,,as
38659,1adh,,,adh
38660,Leacht,,,eacht
38661,bha,,,a
38662,Scrúdaigh,,,aigh
38663,PSM-bhithmhillte,,,te
38664,Ionghabháil,,,áil
38665,Eolaíochta,,,ta
38666,toghfaidh,t,,faidh
38667,ionannaíonn,,ion,aíonn
38668,stáitsí,,,í
38669,club-oíche,,,e
38670,Tionscnaíodh,,,íodh
38671,ballaí,,,aí
38672,hantaiginí,h,an,í
38673,ndíothú,n,dí,ú
38674,Chongnamh,,,amh
38675,ndearadh,n,dea,radh
38676,tuála,t,,a
38677,staitisticiúla,,,a
38678,theorainneacha,,,eacha
38679,Pesa,,,sa
38680,lárchaipitlithe,,lár,ithe
38681,gcomhaontóid,g,comh,óid
38682,chinnte,,,te
38683,ceadúnuithe,,,ithe
38684,biothamhain,,bioth,in
38685,Uaireadóirí,,,í
38686,litreacha,,,eacha
38687,Filíocht,,,íocht
38688,ranníocaíochtaí,,,taí
38689,ré-lá-ceaptha,,ré,tha
38690,tsábháil,t,,áil
38691,gníomhartha,,,tha
38692,chuamar,,,amar
38693,Díolaíochtaí,,,taí
38694,achmaireachtaí,,,taí
38695,himircigh,h,im,igh
38696,athphróiseála,,ath,a
38697,Araibis,,,is
38698,Breataine-na,,,na
38699,snasadh,,,adh
38700,chraoltar,,,tar
38701,Ábharthacht,,,acht
38702,áireofaí,,,aí
38703,hSince,,,e
38704,chúmtha,,,tha
38705,athdhíriú,,ath,iú
38706,Eagraíochtaí,,,taí
38707,hiarrataí,h,iar,taí
38708,atáirgthe,,,the
38709,creidiúnais,,,ais
38710,lia-chleachtóra,,,ra
38711,fógrófar,,,ófar
38712,coirí,,,í
38713,tuairiscithe,t,,ithe
38714,cosmaideolaíocht,,,aíocht
38715,Forlíontaí,,,taí
38716,Ballóide,,,e
38717,slatiascairí,,,í
38718,thabhaítear,,,ítear
38719,aighneachtaí,,,taí
38720,Rue,,,e
38721,n-amhrán,n-,am,án
38722,coinneofar,,,far
38723,Necromantidae,,,e
38724,haithrisí,h,aith,í
38725,bhféadfaidís,bh,,idís
38726,chrícheanna,,,eanna
38727,Fuaimeanna,,,eanna
38728,clasaiceacha,,,eacha
38729,gluaisrothaithe,,,aithe
38730,ríomhchlárúcháin,,ríomh,in
38731,bhfoilsíonn,bh,fo,íonn
38732,líomóid,,,óid
38733,Aireachtaí,,,taí
38734,Dócmhainneach,,,each
38735,Poblachta,,,ta
38736,striapaigh,,,aigh
38737,n-iasacht,n-,,acht
38738,n-adamh,n-,,amh
38739,sonnrach,,so,ach
38740,chaipitiúil,,,úil
38741,dtástála,d,,a
38742,neamh-inphinsin,,neamh,in
38743,ghuaiseacha,,,eacha
38744,Eugenia,,,ia
38745,neamh-chomhsheasmhach,,neamh,ach
38746,Feirmeoireachta,,,ta
38747,bpéitíní,b,,í
38748,tuigim,t,,im
38749,Cuireadh,,,eadh
38750,gcuideachta,g,,ta
38751,dhlitear,,,ear
38752,gáis,,,áis
38753,méadódh,,,ódh
38754,reibiliúnacha,,,acha
38755,córacha,,,acha
38756,Begonias,,,as
38757,moite,,,te
38758,Caillteanais,,,ais
38759,básaithe,,,aithe
38760,taighdeoir,t,,eoir
38761,fíniúnacha,,,acha
38762,cannabas,,,as
38763,t-atheagrú,t-,ath,ú
38764,comhthreomhaireachta,,comh,ta
38765,ghrinnscrúdú,,,ú
38766,dhin,,,in
38767,Seiceadóir,,,adóir
38768,n-eisítear,n-,,ítear
38769,tUachtarán,t,,án
38770,dtosaíonn,d,,aíonn
38771,bhealach,,,ach
38772,éilitheoirí,,,í
38773,dhaingnigh,,,igh
38774,fíor-dhomhain,,fíor,in
38775,cruthaítheach,,,each
38776,forexrúin,,for,in
38777,húnaera,h,,ra
38778,Ulysse,,,se
38779,dréachtchaighdeáin,,,in
38780,dadamh,,,amh
38781,eiticiÃola,,,a
38782,dréineáladh,,,adh
38783,féin-léirmheastóireacht,,féin,eacht
38784,dhealraíos,,,íos
38785,d'impigh,d',im,igh
38786,t-aistritheoir,t-,ais,eoir
38787,fo-bheartán,,fo,án
38788,éascaíonn,,éa,aíonn
38789,síocóis,,,óis
38790,grádálta,,,ta
38791,seolfaidh,,,faidh
38792,suncála,,,a
38793,beartaíocht,,,aíocht
38794,fágfaidh,,,faidh
38795,thráchtairí,,,í
38796,Dearbháin,,,in
38797,cháinmheas,,,eas
38798,phailneoirí,,,í
38799,idirghabhálaí,,idir,aí
38800,gcosúlachtaí,g,,taí
38801,Cessna,,,na
38802,fáiltiú,,,iú
38803,hárachaisí,h,,í
38804,constábla,,,a
38805,Phrímh-Chiste,,,te
38806,cleachtacha,,,acha
38807,indécente,,in,te
38808,noifigeach,,,each
38809,rialaitheora,,,ra
38810,an-réidh,,an,idh
38811,Éilias,,,as
38812,ghearradh,,,radh
38813,Coir-Phróiseacht,,,eacht
38814,pionnaí,,,aí
38815,chruach,,,ach
38816,dena,,,na
38817,fhístaifeadtaí,,,taí
38818,Chóras,,,as
38819,dtairgthe,d,,the
38820,faillighe,,,e
38821,dTrádmharcanna,d,,anna
38822,in-fhorfheidhmithe,,in,ithe
38823,Chaighdeánach,,,ach
38824,mBeirse,m,,se
38825,t-anailíseoir,t-,an,eoir
38826,gcáipéis,g,,is
38827,dhéileálaithe,,,aithe
38828,Sráide,,,e
38829,chúlraí,,,aí
38830,tarrtháil,t,tar,áil
38831,carnach,,,ach
38832,caillteacha,,,eacha
38833,chumasóidh,,,óidh
38834,uisce,,,e
38835,scoirfeadh,,,eadh
38836,Banglaidéiseach,,,each
38837,céir,,,éir
38838,Ardaitheoir,,,eoir
38839,chomhardaithe,,,aithe
38840,hinniúlachta,h,in,ta
38841,n-áiritheofaí,n-,,aí
38842,loingseoireacht,,,eacht
38843,duáin,,,in
38844,n-aonad,n-,aon,ad
38845,intinniúil,,in,úil
38846,Luann,,,ann
38847,Nycteridae,,,e
38848,Cúiseanna,,,eanna
38849,pluiméireachta,,,ta
38850,thuaslagán,,,agán
38851,caighdeánaithe,,,aithe
38852,dhiúltach,,,ach
38853,carbónú,,,ú
38854,neomatach,,neo,ach
38855,Fintan,,,an
38856,lúthchleasaithe,,,aithe
38857,Cruithneacht,,,eacht
38858,fho-líomatáistí,,,tí
38859,ard-athrú,,ard,ú
38860,shraitheanna,,,eanna
38861,Éileoidh,,,idh
38862,idirdhisciplíneacha,,idir,eacha
38863,Ghobharnóra,,,ra
38864,an-míchompordach,,an,ach
38865,alcaileacha,,,eacha
38866,feoirlingí,,,í
38867,phríomhfhoinse,,,se
38868,gcoinneáil,g,,áil
38869,baileach,,,each
38870,poircealláin,,,in
38871,theachtann,,,ann
38872,cupán,,,án
38873,Réamhriachtanas,,,tanas
38874,allmhairithe,,,ithe
38875,leagfaí,,,aí
38876,fuascailtar,,,tar
38877,ceartingearach,,,ach
38878,theidlíocht,,,íocht
38879,hiarrthóireacht,h,iar,eacht
38880,bhreoslaíonn,,,aíonn
38881,Liga,,,ga
38882,Fiafraigh,,,aigh
38883,dheimhnitheach,,,each
38884,neamharmtha,,neamh,tha
38885,fiche,,,e
38886,Inmharthana,,,na
38887,tráchta,,,ta
38888,Gluaiseann,,,eann
38889,Éireannach,,,ach
38890,srianta,,,ta
38891,bithéagsúlachta,,bith,ta
38892,foillseoidh,,fo,idh
38893,spéis,,,is
38894,éintigheas,,,eas
38895,buncheanglais,,bun,ais
38896,000-read,,,ad
38897,Fiontar,,,tar
38898,gcruthóidh,g,,óidh
38899,gras,,,as
38900,meisciúla,,,a
38901,thárlóidh,,,óidh
38902,bhfáthanna,bh,,anna
38903,Tiocfidh,,,fidh
38904,Luadhfar,,,far
38905,sparánachtaí,,,taí
38906,fonnmhar,,fo,mhar
38907,cumarsáidí,,,í
38908,thaighdithe,,,ithe
38909,teachtha,t,,tha
38910,ndaonraí,n,daon,aí
38911,mheáchan,,,chan
38912,ndáilcheantar,n,dá,tar
38913,mhuirearaítear,,,ítear
38914,Pleanálaí,,,aí
38915,stóráilte,,,te
38916,leictreamaighnéadacha,,leictrea,acha
38917,stáiseanóireacht,,,eacht
38918,gcreideamh,g,,amh
38919,gCó-Aontú,g,,ú
38920,faisean,,,sean
38921,mbuntáiste,m,bun,te
38922,dáimhe,,dá,e
38923,aigne,,,ne
38924,claochlaithe,,,aithe
38925,Chlorine,,,ne
38926,Dlí,,,í
38927,fhóir,,,óir
38928,húnaeracht,h,,acht
38929,Bháis,,,áis
38930,bhionn,,,nn
38931,chróinéirí,,,í
38932,dhúntar,,,tar
38933,ainmnítear,,ain,ítear
38934,Grinnfhiosrú,,,ú
38935,cloiste,,,te
38936,steiriúla,,,a
38937,onnmhuiriú,,,iú
38938,bhuartha,,,tha
38939,acetililín,,,ín
38940,Bouches-du-Rhône,,,ne
38941,imscrúdaitheachach,,im,ach
38942,huchtú,h,,ú
38943,chothromaíocht,,,aíocht
38944,tabhairim,t,,im
38945,pribhléideach,,,each
38946,ró-éagmais,,ró,ais
38947,Pizza,,,a
38948,pea,,,a
38949,fheabhsú,,,ú
38950,féin-toirchiú,,féin,iú
38951,hachtófar,h,,ófar
38952,Mersin,,,in
38953,ardcháilíocht,,ard,íocht
38954,ghlaonna,,,na
38955,Isteach,,,each
38956,thosaitheoirí,,,í
38957,d'Orduithe,d',,ithe
38958,hiocfar,h,,far
38959,nimscaradh,,,radh
38960,paráide,,,e
38961,chomhdhlúite,,,te
38962,phionóis,,,óis
38963,chorparáideach,,,each
38964,Taise,,,se
38965,Ardmhéara,,,ra
38966,ndeochanna,n,,anna
38967,cosantóirí,,,í
38968,fhónta,,,ta
38969,sholáthraí,,,aí
38970,stóinseacht,,,eacht
38971,gcomórthaí,g,,aí
38972,Mhaoirseoir,,,eoir
38973,cróga,,,ga
38974,cúlghaireadh,,cúl,eadh
38975,taispeánann,t,tais,ann
38976,Airtrítis,,,is
38977,óstaigh,,,aigh
38978,aoibhinn,,,inn
38979,Nóinín,,,ín
38980,Feisteáin,,,in
38981,ghliogáil,,,áil
38982,lascaithe,,las,aithe
38983,Domhandú,,,ú
38984,Cothromóid,,,óid
38985,ngnáthchúrsa,n,gnáth,sa
38986,gCinneadh,g,,eadh
38987,doirse,,do,se
38988,gcrainníní,g,,í
38989,gcatagóirí,g,,í
38990,beartaíodh,,,íodh
38991,bróid,,,óid
38992,n-ionadaithe,n-,ion,aithe
38993,mháithreachais,,,ais
38994,ógra,,,ra
38995,mórtas,,mór,tas
38996,ullmhaithe,,,aithe
38997,comhchuspóirí,,comh,í
38998,fhóntas,,,tas
38999,gcumhachtaí,g,,taí
39000,mBailte,m,,te
39001,fholóidh,,,óidh
39002,Socruithe,,,ithe
39003,sonrófaí,,so,ófaí
39004,Inveirteabraigh,,,aigh
39005,síolóige,,,e
39006,Cuimilteoir,,,eoir
39007,fhan,,,an
39008,díscaoileadh,,dí,eadh
39009,choimsiú,,,iú
39010,árachaí,,,aí
39011,phrintíseachta,,,ta
39012,bán,,,án
39013,Leathnaíodh,,,íodh
39014,dháileoir,,,eoir
39015,comhstádais,,comh,ais
39016,chaingean,,,an
39017,t-atreorú,t-,,ú
39018,charthanúil,,,úil
39019,Comhchiallaigh,,,aigh
39020,bhochtaineacht,,,eacht
39021,Chlódóireacht,,,eacht
39022,Canáil,,,áil
39023,dheimhneoidh,,,idh
39024,Tuathaigh,,,aigh
39025,n-eisithe,n-,eisi,ithe
39026,Toscaire,,,aire
39027,thréimhsí,,,í
39028,n-oibleagáidí,n-,,í
39029,Iocanna,,,anna
39030,Galata,,,ta
39031,thánaisteach,,,each
39032,d'oibrigh,d',,igh
39033,cleití,,,tí
39034,léirigh,,,igh
39035,gníomhaithe,,,aithe
39036,mheallfaidh,,,faidh
39037,gcomhnódh,g,comh,ódh
39038,Príomh-Chiste,,,te
39039,Siopaí,,,aí
39040,thionsclaíche,,,e
39041,Chomhcheangailte,,,te
39042,Laghdaíodh,,,íodh
39043,Ainmneofar,,,far
39044,straoiseoga,,,ga
39045,pergolas,,,as
39046,potaigéara,,,ra
39047,Susanne,,,ne
39048,huile,h,uile,e
39049,aonfhoirmeachta,,aon,ta
39050,bithshlándála,,bith,a
39051,Bhriotaigh,,,aigh
39052,ardteicne,,ard,ne
39053,cosúil-daite,,,te
39054,rShláinte,,,te
39055,bonn-tréimhse,,,se
39056,himeachtaí,h,im,taí
39057,coinní,,,í
39058,Scoirifidh,,,fidh
39059,thógaintisteach,,,each
39060,dtosnódh,d,,ódh
39061,hiniúchóireachtaí,h,in,taí
39062,sheasuíonn,,,íonn
39063,cáiníocóirí,,,í
39064,Naisiúnta,,,ta
39065,chomhdhéanta,,,ta
39066,Comhaontaítear,,,ítear
39067,aerú,,aer,ú
39068,Fógraíocht,,,aíocht
39069,sílim,,,im
39070,bhfreastalaí,bh,,aí
39071,Íomháú,,,ú
39072,Liaspeisialtóir,,,tóir
39073,rialuithe,,,ithe
39074,spéise,,,se
39075,Ardoideachais,,,ais
39076,deacra,,dea,ra
39077,toisí,t,,í
39078,dúisíodh,,dú,íodh
39079,hailléirgí,h,,í
39080,comhfhreagraithe,,comh,aithe
39081,tíolacfa,t,,a
39082,beagchostas,,beag,tas
39083,n-iompróidh,n-,,óidh
39084,Custaim,,,aim
39085,neamhfheidhmiúil,,neamh,úil
39086,ór-luach,,,ach
39087,fhuílleach,,,each
39088,Ráithe,,,ithe
39089,sócúlachta,,,ta
39090,ceimiceach,,ceimi,each
39091,iarrthach,,iar,ach
39092,Anann,,,ann
39093,ríomhtar,,ríomh,tar
39094,t-iontaobhas,t-,ion,as
39095,dhéanfaimid,,,aimid
39096,soláthróirí,,so,í
39097,Taobhach,,,ach
39098,ghnáthchleachtas,,,tas
39099,aonuaire,,aon,aire
39100,Dhílleachtaithe,,,aithe
39101,shíochánta,,,ta
39102,piréin,,,éin
39103,Táibléad,,,éad
39104,chomhláin,,,in
39105,sirtheoireachta,,,ta
39106,Sorcas,,,as
39107,Earcaíocht,,,aíocht
39108,Bínse,,,se
39109,hiontaobhas,h,ion,as
39110,cainte,,,te
39111,athuimhrítear,,ath,ítear
39112,cibearshlándáil,,,áil
39113,Tógálaí,,,aí
39114,sainráiteach,,sain,each
39115,dheicniúr,,,úr
39116,braisle,,,e
39117,éighníomhaigh,,,aigh
39118,ceaigeanna,,,eanna
39119,thosnuigh,,,igh
39120,tráchtaireacht,,,eacht
39121,dhaite,,,te
39122,bhróid,,,óid
39123,dtárlaí,d,,aí
39124,Lumkile,,,e
39125,Chomhairligh,,,igh
39126,Dheasmhumhan,,,an
39127,deimhneofar,,,far
39128,disciplíní,,dis,í
39129,Aiste,,,te
39130,Dhiailiú,,,iú
39131,marthanais,,,ais
39132,féinfhuascailte,,féin,te
39133,Raja,,,a
39134,chláraitheoirí,,,í
39135,húlla,h,,a
39136,táilliúirí,t,,í
39137,Dréachtphlean,,,an
39138,guise,,,se
39139,bailitheora,,,ra
39140,Dharma,,,a
39141,Leictrimheicniúla,,,a
39142,Rialachas,,,achas
39143,meabhraítear,,,ítear
39144,Sanliurfa,,,a
39145,veidhlín,,,ín
39146,Feidhmeannachta,,,ta
39147,léitheoireachta,,,ta
39148,cuideachtana,,,na
39149,n-údarú,n-,,ú
39150,seirbheála,,,a
39151,bainfí,,bain,fí
39152,Máin-liaigh,,,aigh
39153,dénártha,,dé,tha
39154,neamhchoinníollach,,neamh,ach
39155,ngabhfar,n,,far
39156,chomparáideach,,,each
39157,ngléasraí,n,,aí
39158,Camraí,,,aí
39159,Sóisialta,,,ta
39160,stóras,,,as
39161,Cleachtas,,,tas
39162,fhíordheimhneacha,,,eacha
39163,Dlíthiúil,,,úil
39164,Sgitheanach,,,ach
39165,Leagan,,,an
39166,gnéaschiaptha,,,tha
39167,seicliostaí,,,taí
39168,tuath-líomatáiste,t,,te
39169,foghlama,,fo,a
39170,Atreisiú,,,iú
39171,gcapanna,g,,anna
39172,dhéana,,,na
39173,Athshlánaithe,,,aithe
39174,freagróidh,,,óidh
39175,mhúnllú,,,ú
39176,dtabhartha,d,,tha
39177,oideachas,,,achas
39178,ghéarchéim,,,im
39179,hócáideach,h,,each
39180,fhógráin,,,in
39181,pléite,,,te
39182,n-oibriú,n-,,iú
39183,18ú,,,ú
39184,dheifriúla,,,a
39185,teoirice,t,teo,e
39186,shaothraigh,,,aigh
39187,hochtú,h,,ú
39188,chrochadh,,,adh
39189,admhála,,,a
39190,Aibreáin,,,in
39191,géileadh,,,eadh
39192,Hakka,,,a
39193,mionaoiseach,,mion,each
39194,nGnátháit,n,,áit
39195,Atlantach,,,ach
39196,príomháite,,príomh,te
39197,Meallacach,,,ach
39198,clár-shonracha,,,acha
39199,mhonaraítear,,,ítear
39200,chré-umha,,,a
39201,Dhleacht,,,eacht
39202,Mheabhraigh,,,aigh
39203,drochuaireanta,,droch,ta
39204,mhí-ábaltacht,,,tacht
39205,difreálach,,,ach
39206,eintiteas,,,eas
39207,Banc-shaoireanna,,,eanna
39208,teachtaireachtaí,t,,taí
39209,dirigh,,,igh
39210,fhiaclóir,,,óir
39211,oibríochtúla,,,a
39212,shonraí,,,aí
39213,tríochadú,,trí,ú
39214,craoltóireachta,,,ta
39215,maisitheoirí,,,í
39216,muireareofar,,,far
39217,Seimeastar,,,tar
39218,leanstan,,,an
39219,asbhainfear,,as,fear
39220,bilge,,bi,e
39221,Bhárdais,,,ais
39222,achan,,,chan
39223,Fo-dhlithe,,,ithe
39224,bpacáistíocht,b,,íocht
39225,Fionnuisce,,,e
39226,glúine-fhad,,,ad
39227,leasinghean,,leas,an
39228,thairgeann,,,eann
39229,sreanga,,,ga
39230,seirbheálta,,,ta
39231,mbunvótaí,m,bun,taí
39232,Foraithne,,,ne
39233,neamhionann,,neamh,ann
39234,cibearchoireacht,,,eacht
39235,breoiteacht,,,eacht
39236,Thagartha,,,tha
39237,lia-réiteoirí,,,í
39238,dteaghlaigh,d,,aigh
39239,seachtú,,seacht,ú
39240,fáthmheasadh,,,adh
39241,Mheánaicme,,,e
39242,aontas,,aon,tas
39243,sásaíodh,,,íodh
39244,Chabhrach,,,ach
39245,Chuarda,,,da
39246,Úsáidí,,,í
39247,dhúnaidh,,,aidh
39248,soláimhsithe,,so,ithe
39249,haois-liúntas,h,,tas
39250,suaitheantas,,,tas
39251,chnapshuim,,,im
39252,d'einsímí,d',,í
39253,thairbhíonn,,,íonn
39254,d'fhoilsigh,d',,igh
39255,airbheartú,,,ú
39256,bradán,,,adán
39257,Caolaigh,,,aigh
39258,saorbuillí,,,í
39259,báire,,,ire
39260,leacaithe,,,aithe
39261,cleachtóra,,,ra
39262,d'inchinn,d',in,inn
39263,himscrúduithe,h,im,ithe
39264,tuga,t,,ga
39265,FADanna,,,anna
39266,nGaelscoileanna,n,,eanna
39267,gCara,g,,ra
39268,réachtúil,,réa,túil
39269,meirge,,,e
39270,Áras,,,as
39271,ghéillte,,,te
39272,hionoidhreachta,h,ion,ta
39273,gconsalachtaí,g,,taí
39274,mothúchánach,,,ach
39275,primera,,,ra
39276,Bíonn,,,íonn
39277,fhosaí,,,aí
39278,Móraim,,,aim
39279,tíolachta,t,,ta
39280,n-áiseanna,n-,,eanna
39281,Gabhdáin,,,in
39282,coigistiú,,,iú
39283,únaera,,,ra
39284,dtránna,d,,na
39285,D'admhaigh,D',,aigh
39286,rothlacha,,ro,acha
39287,Áineasa,,,sa
39288,thrachtáil,,,áil
39289,dearbhúcháin,,dearbh,in
39290,leagann,,,ann
39291,leabharlann,,,lann
39292,eagrúcháin,,,in
39293,Víris,,,is
39294,Mótarfheithiclí,,,í
39295,dheonófar,,,ófar
39296,cáilíocht,,,íocht
39297,oighrí,,,í
39298,luadhfa,,,a
39299,thimpeallachtaí,,,taí
39300,Tuigfear,,,fear
39301,spórtúil,,,túil
39302,Sliotán,,,án
39303,scurtha,,,tha
39304,chosnaítear,,,ítear
39305,bhfearchéile,bh,fear,e
39306,Japan,,,an
39307,mharaíonn,,,aíonn
39308,scoránaigh,,,aigh
39309,bholaithe,,,aithe
39310,tréimhsiúla,,tré,a
39311,hailtireachta,h,,ta
39312,Róistigh,,,tigh
39313,thítear,,,ítear
39314,ionchlannán,,ion,án
39315,tairiscintí,t,,tí
39316,Braiteoir,,,eoir
39317,thíolacfar,,,far
39318,cuasachothromais,,,ais
39319,pianfhorálacha,,,acha
39320,gCaolas,g,,as
39321,brúnna,,,na
39322,Carthanas,,,as
39323,Mhácha,,,a
39324,ilréigiúnach,,il,ach
39325,dhúshláin,,,in
39326,n-údaruítear,n-,,ítear
39327,gcumhdóidh,g,,óidh
39328,d'Ealaín,d',,ín
39329,láimhsiú,,,iú
39330,eornain,,eo,in
39331,dtabharfar,d,,far
39332,Déantán,,,án
39333,Craolfar,,,far
39334,scarann,,,ann
39335,Cranncha,,,a
39336,príomh-shaintréithe,,príomh,ithe
39337,adeirtear,,,ear
39338,lóisteáilte,,,te
39339,Neamhní,,,í
39340,Gnóchan,,,chan
39341,Coimisinéir,,,éir
39342,n-madra,,,ra
39343,phlásáin,,,in
39344,Solaire,,,aire
39345,threisiú,,,iú
39346,Crúite,,,te
39347,mhionn,,,nn
39348,thaisceadh,,,eadh
39349,dheona,,,na
39350,coinsíneachta,,,ta
39351,chlaonadh,,,adh
39352,cónaidhme,,,e
39353,Fiacha,,,acha
39354,salach,,,ach
39355,16adh,,,adh
39356,seandeimhniú,,sean,iú
39357,Nuashonruithe,,,ithe
39358,glúcós,,,ós
39359,Tada,,,da
39360,Ard-Éifeachtacht,,,tacht
39361,Aistrigh,,,igh
39362,comhordaitheoirí,,comh,í
39363,cabhlaigh,,,aigh
39364,lease,,leas,se
39365,mharbha,,,a
39366,creatlach,,,ach
39367,scarúna,,,na
39368,iomchuí,,,í
39369,imeallaithe,,im,aithe
39370,coicíse,,,se
39371,líonra,,,ra
39372,Gnáthchéim,,,im
39373,thógála,,,a
39374,mhíreanna,,,eanna
39375,oigheann,,,eann
39376,cairpéad,,,éad
39377,príomh-shainmhínithe,,príomh,ithe
39378,smachtú,,,ú
39379,Consalachta,,,ta
39380,mhodhnós,,,ós
39381,rifhtear,,,ear
39382,fhágfar,,,far
39383,thíolaice,,,e
39384,Ceapann,,,ann
39385,Clocha,,,a
39386,suime,,,e
39387,daonlathacha,,daon,acha
39388,féinriartha,,féin,tha
39389,hárthach,h,,ach
39390,rásaí,,,aí
39391,bhronna,,,na
39392,Marthanais,,,ais
39393,chomhchuibhiú,,,iú
39394,corprú,,,ú
39395,iontaofa,,ion,a
39396,Ionsúiteacht,,,eacht
39397,Soláthraí,,,aí
39398,frithchuimilte,,frith,te
39399,géarmhéadaítear,,,ítear
39400,Fráma,,,a
39401,ríomha,,ríomh,a
39402,30ú,,,ú
39403,grósaera,,,ra
39404,Clibeanna,,,eanna
39405,buineann,,,eann
39406,acmhainneacht,,,eacht
39407,chian-fhoghlaim,,,aim
39408,eapocsa,,,sa
39409,Tionsclaíocht,,,aíocht
39410,ngabhálacha,n,,acha
39411,cúrsaí,,,aí
39412,Eorabharaiméadar,,,méadar
39413,ath-insteallta,,ath,ta
39414,scrúdaitheoir,,,eoir
39415,timthriallta,t,,ta
39416,cuarda,,,da
39417,123ú,,,ú
39418,míochainí,,mí,í
39419,gcomhpháirteanna,g,comh,eanna
39420,bonntréimhse,,,se
39421,ganntanas,,,tanas
39422,cholna,,,na
39423,fisice-bhunaithe,,,aithe
39424,beachtais,,,ais
39425,micreashonraí,,,aí
39426,ardchaighdeán,,ard,eán
39427,chumhdóidh,,,óidh
39428,comhghabhálas,,comh,as
39429,sainleasanna,,sain,anna
39430,bhfoláireamh,bh,fo,amh
39431,anaclann,,ana,lann
39432,Sábháltar,,,tar
39433,cosúla,,,a
39434,hoiriúnuithe,h,oir,ithe
39435,Astúcháin,,,in
39436,phoitigeura,,,ra
39437,intomhaiste,,in,te
39438,chuidíonn,,,íonn
39439,spreagfaidh,,,faidh
39440,frithbhochtaineachta,,frith,ta
39441,n-beteende,,,e
39442,dhaingniúcháin,,,in
39443,bródúil,,,úil
39444,comhréitigh,,comh,tigh
39445,Gearrthóg,,,óg
39446,Bradán,,,adán
39447,cimeádfidh,,,fidh
39448,uacht,,,acht
39449,Atheagrú,,,ú
39450,Eachréidh,,,idh
39451,ndear,n,dea,ear
39452,barrach,,barr,ach
39453,ciorcad,,,ad
39454,bunghníomhartha,,bun,tha
39455,treoracha,,,acha
39456,85ú,,,ú
39457,mharthanacha,,,acha
39458,cadhnraí,,,aí
39459,géinmhodhnaithe,,,aithe
39460,shalainn,,,inn
39461,Umraniye,,,e
39462,Síochána,,,na
39463,cearnógach,,,ach
39464,ghlóir,,,óir
39465,ainm-luach,,ain,ach
39466,Choinnigh,,,igh
39467,smután,,,án
39468,sáraitheach,,sár,each
39469,dheonfaidh,,,faidh
39470,crua,,,a
39471,thoghfar,,,far
39472,bailelíomatáiste,,,te
39473,díghnácha,,dí,a
39474,gCeantar,g,,tar
39475,shocheolaíocht,,,aíocht
39476,scríobtha,,,tha
39477,bródúla,,,a
39478,Aimsítear,,,ítear
39479,cispheile,,,e
39480,bhfómhar,bh,,mhar
39481,comhchónaí,,comh,aí
39482,n-éascaítear,n-,éa,ítear
39483,doilfíní,,do,í
39484,gutha,,,tha
39485,bhásann,,,ann
39486,n-acmhainn,n-,,inn
39487,Greamaigh,,,aigh
39488,athchomhairligh,,ath,igh
39489,principala,,,a
39490,cleachtach,,,ach
39491,scríbhneoireachta,,,ta
39492,Ligfidh,,,fidh
39493,Measure,,,e
39494,nainmnítear,,,ítear
39495,Ayesha,,,a
39496,thoiliú,,,iú
39497,Contúirtí,,,tí
39498,tsaoránacht,t,,acht
39499,dúr,,dú,úr
39500,by-dheireadh,,,eadh
39501,thráthúil,,,úil
39502,Mí-ábaltachta,,,ta
39503,uaidible,,,e
39504,greasáin,,,in
39505,leagtha,,,tha
39506,chúigiú,,,iú
39507,M4a,,,a
39508,athaistriú,,ath,iú
39509,in-ath-inúsáidte,,in,te
39510,doininne,,do,ne
39511,míshláintiúil,,mí,úil
39512,Árais,,,ais
39513,mhuirearófar,,,ófar
39514,phacáiste,,,te
39515,cháilitheacha,,,eacha
39516,stua-chruthach,,,chruthach
39517,Dearbhófar,,,ófar
39518,iompróra,,,ra
39519,rinceoirí,,,í
39520,gcríochnuíonn,g,,íonn
39521,lonnaíochta,,,ta
39522,iomlán,,,án
39523,bhailíochtaithe,,,aithe
39524,bhfaca,bh,,a
39525,Comhaltas,,,tas
39526,suiteálaithe,,,aithe
39527,inneallach,,in,ach
39528,Idirinstitiúideach,,,each
39529,fheidhmiúla,,,a
39530,Tinte,,,te
39531,nuachtáin,,nua,in
39532,cuimilteora,,,ra
39533,t-earra,t-,,ra
39534,seile,,,e
39535,komise,,,se
39536,haicmíochta,h,,ta
39537,aitheantóra,,aith,ra
39538,aimín,,,ín
39539,cairdeas,,,eas
39540,chomhghaolmhara,,,ra
39541,MPa,,,a
39542,Thaisceadh,,,eadh
39543,shroichtear,,,ear
39544,ndintar,n,,tar
39545,comhshocraíochta,,comh,ta
39546,d'ionadaithe,d',ion,aithe
39547,tionóisce,t,,e
39548,d'athbhreithnithe,d',ath,ithe
39549,Delete,,,te
39550,teaghaise,t,,se
39551,eisiatach,,eisi,ach
39552,hurrófar,h,ur,ófar
39553,seachtaine,,seacht,ne
39554,phuiblí,,,í
39555,céad-díolachán,,céad,achán
39556,Láithreán,,,eán
39557,mhelanoma,,,a
39558,glanchaillteanas,,,as
39559,gceadóidh,g,,óidh
39560,chultúrtha,,,tha
39561,Próifíle,,,e
39562,Sealbhóir,,,óir
39563,Meallann,,,lann
39564,géineolaíochta,,,ta
39565,Íosta,,,ta
39566,bliantÃola,,,a
39567,ildánacha,,il,acha
39568,shamhlú,,,ú
39569,Thigh,,,igh
39570,glaise,,,se
39571,shuiteáil,,,áil
39572,d'Uibheacha,d',,eacha
39573,neamhchinntitheacha,,neamh,eacha
39574,díolúine,,dí,ne
39575,fhágfaimid,,,aimid
39576,Gairmoiliúint,,,úint
39577,dhírithe,,,ithe
39578,samplaí,,,aí
39579,comhfhaid,,comh,
39580,d'aontoil,d',aon,
39581,imir,,im,
39582,ríomhphost,,ríomh,
39583,gnáthchónaÃ,,gnáth,
39584,han-mhall,h,an,
39585,dteoiric,d,teo,
39586,rós-chraobh,,ró,
39587,comhaid,,comh,
39588,dom,,do,
39589,heastát,h,eas,
39590,príomhúdarás,,príomh,
39591,billiún,,bi,
39592,n-ospidéal,n-,os,
39593,bhfo-bheart,bh,fo,
39594,neamhchothrom,,neamh,
39595,aitheasc,,aith,
39596,ríomhphoist,,ríomh,
39597,ideal,,idea,
39598,oscail,,os,
39599,bunphrionsabail,,bun,
39600,idirbheart,,idir,
39601,taisc,t,tais,
39602,ambroxol,,am,
39603,ndáirÃ,n,dá,
39604,aerodróm,,aer,
39605,ceimic,,ceimi,
39606,fotoporno,,fo,
39607,ildeontais-i,,il,
39608,dtarchur,d,tar,
39609,bpríomhoifig,b,príomh,
39610,forchur,,for,
39611,neamhaird,,neamh,
39612,réal,,réa,
39613,soithíoch,,so,
39614,urraitheoirÃ,,ur,
39615,dos,,do,
39616,sean-Airteagal,,sean,
39617,fadó,,fad,
39618,bhfomhír,bh,fo,
39619,uathúilconquistador,,uath,
39620,bitheolaÃ,,bith,
39621,iarbhír,,iar,
39622,athair,,ath,
39623,deacair,,dea,
39624,eipideirm,,eipi,
39625,réalaíoch,,réa,
39626,seana-mháthair,,sean,
39627,hiarbhír,h,iar,
39628,leas-ainm,,leas,
39629,leathchuid,,leath,
39630,oird,,oir,
39631,anAirteagail,,an,
39632,dochar,,do,
39633,míneodh,,mín,
39634,inspioráid,,in,
39635,éascacineál,,éa,
39636,comhoibríoch,,comh,
39637,t-uas-mhaotham,t-,uas,
39638,mór-tharraingt,,mór,
39639,barr-chlé,,barr,
39640,déanfaid,,dé,
39641,fíor-saol,,fíor,
39642,réamh-tionsclaíoch,,réamh,
39643,handeln,h,an,
39644,athchóirÃ,,ath,
39645,anlaith,,an,
39646,d'eascair,d',eas,
39647,frithghníomh,,frith,
39648,inniu,,in,
39649,ngar,n,gar,
39650,ainm-mhéid,,ain,
39651,t-uasleibhéal,t-,uas,
39652,príomh-ábhar,,príomh,
39653,d'aonar,d',aon,
39654,comhchreat,,comh,
39655,bunús,,bun,
39656,aisghairm,,ais,
39657,dozen,,do,
39658,hidirnaisc,h,idir,
39659,handset,h,an,
39660,aschuir,,as,
39661,aonaid,,aon,
39662,róil,,ró,
39663,díchreidimh,,dí,
39664,sochair,,soch,
39665,féin-ghlai,,féin,
39666,n-idirthuiscint,n-,idir,
39667,réamhíoc,,réamh,
39668,aithint,,aith,
39669,príomhoifig,,príomh,
39670,iarchur,,iar,
39671,hathúsáid,h,ath,
39672,deathionchar,,dea,
39673,bpríomh-oifig,b,príomh,
39674,comhairimh,,comh,
39675,príomhról,,príomh,
39676,t-iarmhéid,t-,iar,
39677,n-amharcealaíon,n-,am,
39678,grianghraf,,grian,
39679,garter,,gar,
39680,dea-obair,,dea,
39681,taiscumar,t,tais,
39682,gcomhchreat,g,comh,
39683,naíon,,naí,
39684,d'ollscoil,d',oll,
39685,aerasóil,,aera,
39686,mí-bhail,,mí,
39687,bunleibhéal,,bun,
39688,sineirgígh,,sin,
39689,garnish,,gar,
39690,drochthionchar,,droch,
39691,an-bheag,,an,
39692,bhfocail,bh,fo,
39693,himirt,h,im,
39694,deartháir,,dea,
39695,bark,,bar,
39696,n-inneachar,n-,in,
39697,diabhal,,dia,
39698,D'urghabh,D',ur,
39699,diall,,dia,
39700,débhrÃ,,dé,
39701,t-ardleibhéal,t-,ard,
39702,osier,,os,
39703,grúpfhaoisimh,,grúp,
39704,neamhleor,,neamh,
39705,rón,,ró,
39706,míorúilt,,mí,
39707,lármhÁr,,lár,
39708,iontu,,ion,
39709,bpáirt,b,páirt,
39710,ardaigh-ór,,ard,
39711,il-chlár,,il,
39712,uasphianbhreith,,uas,
39713,haonaid,h,aon,
39714,hasbhaint,h,as,
39715,príomhghníomh,,príomh,
39716,príomhchúram,,príomh,
39717,ard-neart,,ard,
39718,neamhleavened,,neamh,
39719,neamhaithint,,neamh,
39720,t-iarÚdarás,t-,iar,
39721,athnuachaint,,ath,
39722,bunghníomh,,bun,
39723,nuacheol,,nua,
39724,deasc,,dea,
39725,dteocht,d,teo,
39726,eol,,eo,
39727,roic,,ro,
39728,fo-alt,,fo,
39729,gcomhábhar,g,comh,
39730,leath-scéal,,leath,
39731,cardashoithíoch-soithíoch,,carda,
39732,ionsaitheachméid,,ion,
39733,oscailte-mindedness,,os,
39734,prótacail,,próta,
39735,príomhábhar,,príomh,
39736,aeradróm,,aera,
39737,idirspleách,,idir,
39738,doing,,do,
39739,hamhrus,h,am,
39740,urbhac,,ur,
39741,bpríomhábhar,b,príomh,
39742,féin-grianghraf,,féin,
39743,dámh,,dá,
39744,dianchomhoibríoch,,dia,
39745,éagsúlaMoncler,,éa,
39746,sármhaith,,sár,
39747,díth,,dí,
39748,seanré,,sean,
39749,dola-bhóthar,,do,
39750,ionchur,,ion,
39751,frith-skid,,frith,
39752,fosfair,,fosfa,
39753,gnáthphost,,gnáth,
39754,íosleibhéil,,íos,
39755,taisbeáint,t,tais,
39756,réaltaí-watch,,réalt,
39757,gcomhthráth,g,comh,
39758,lár-lao,,lár,
39759,gearr-thurus,,gearr,
39760,asansol,,as,
39761,gnáthleibhéal,,gnáth,
39762,d'aird,d',aird,
39763,inarbh,,in,
39764,ngnáth-bhall,n,gnáth,
39765,mionghné,,mion,
39766,ró-mhoill,,ró,
39767,hiarmhairt,h,iar,
39768,dea-beag,,dea,
39769,seanbhóthar,,sean,
39770,hionraic,h,ion,
39771,uasteocht,,uas,
39772,taispeáint,t,tais,
39773,taistéal,t,tais,
39774,gearr-am,,gearr,
39775,forbidden,,for,
39776,forexclub,,for,
39777,bhfadhb,bh,fad,
39778,príomhphrionsabal,,príomh,
39779,aersheirbhís,,aer,
39780,cúlghairm,,cúl,
39781,asbhaint,,as,
39782,athchuingreach-DNA,,ath,
39783,ngnáth-bhaill,n,gnáth,
39784,athló,,ath,
39785,ndúirt,n,dú,
39786,ró-ghearr,,ró,
39787,comhshuíomh,,comh,
39788,idirphlé,,idir,
39789,somovnikom,,so,
39790,ardleibhéil,,ard,
39791,foirgint,,fo,
39792,sainghné,,sain,
39793,amp,,am,
39794,ardchlár,,ard,
39795,bunachar,,bun,
39796,mórbhaol,,mór,
39797,ann,,an,
39798,bioráin-mhaolú-mhaith,,bio,
39799,foláir,,fo,
39800,príomhthionscnaimh,,príomh,
39801,tríd,,trí,
39802,buncruth,,bun,
39803,comhlíon,,comh,
39804,dealg,,dea,
39805,oscailteteocht,,os,
39806,sean-mail,,sean,
39807,neamh-Chomhphobail,,neamh,
39808,urchair,,ur,
39809,dúch,,dú,
39810,aincheist,,ain,
39811,leictrealaíoch,,leictrea,
39812,dearlaic,,dea,
39813,oirbheartaÁoch,,oir,
39814,nuachtlitir,,nua,
39815,mbun,m,bun,
39816,gcomhair,g,comh,
39817,comhaltaÁ,,comh,
39818,android,,an,
39819,litir,,liti,
39820,comhcheangail,,comh,
39821,gnáth-scairchaipiteal,,gnáth,
39822,soláthar,,so,
39823,frith-lasair,,frith,
39824,t-ainmliost,t-,ain,
39825,comhchosaint,,comh,
39826,ró-sheat,,ró,
39827,dearg,,dea,
39828,haeriompar,h,aer,
39829,éag,,éa,
39830,uasmhéid,,uas,
39831,innill,,in,
39832,trasdul,,tras,
39833,gnáth-thimthriall,,gnáth,
39834,an-bhoilg,,an,
39835,neamhord,,neamh,
39836,n-eastát,n-,eas,
39837,comhábhair,,comh,
39838,n-amhábhar,n-,am,
39839,ainmneos,,ain,
39840,réamhscoil,,réamh,
39841,taisteal,t,tais,
39842,t-íosphá,t-,íos,
39843,aerfoirt,,aer,
39844,neamh-GMIT,,neamh,
39845,dotepenec,,do,
39846,doiciméid,,do,
39847,íoschosaint,,íos,
39848,comhthoil,,comh,
39849,comhoibríoc,,comh,
39850,hospidéal,h,os,
39851,uatho,,uath,
39852,comhpháipéar,,comh,
39853,fear-ádh,,fear,
39854,bintiúir,,bi,
39855,páirt-diúscairt,,páirt,
39856,neamhthuilleamaíoch,,neamh,
39857,ndéar,n,dé,
39858,mbunachair,m,bun,
39859,an-ceart,,an,
39860,comhairliúchá,,comh,
39861,lasmuigh-Lawn,,las,
39862,forneart,,for,
39863,fading,,fad,
39864,comhroinnt,,comh,
39865,díomá,,dí,
39866,socair,,so,
39867,bunch,,bun,
39868,eisiaimh,,eisi,
39869,mícheart,,mí,
39870,drochaimsir,,droch,
39871,forchoimeád,,for,
39872,garbhdath,,gar,
39873,easpag,,eas,
39874,leathar,,leath,
39875,aistrÃ,,ais,
39876,peitril,,peitri,
39877,dosaen,,do,
39878,bpríomhbhord,b,príomh,
39879,haon,h,aon,
39880,d'eastát,d',eas,
39881,amconmag,,am,
39882,dúbláid,,dú,
39883,ró-cur,,ró,
39884,barrchaidhp,,barr,
39885,bhforál,bh,for,
39886,parabal,,para,
39887,an-mhaith,,an,
39888,mionocsaidil,,mion,
39889,romhat,,ro,
39890,airdeall,,aird,
39891,comhraic,,comh,
39892,saintréith,,sain,
39893,roliki,,ro,
39894,iarbhfír,,iar,
39895,uathriail,,uath,
39896,anchaoi,,an,
39897,ceannoifig,,ceann,
39898,athchomharc,,ath,
39899,inmhuirir,,in,
39900,mórdhíol,,mór,
39901,d'ath,d',ath,
39902,mórthimpeall,,mór,
39903,dea-scéal,,dea,
39904,fíorcheart,,fíor,
39905,bungaló,,bun,
39906,ionmhuir,,ion,
39907,seana-dhiúité,,sean,
39908,sochar,,soch,
39909,taistil,t,tais,
39910,forás,,for,
39911,inchomhairimh,,in,
39912,iarmhairt,,iar,
39913,iarrthóirÁ,,iar,
39914,idirbhainc,,idir,
39915,mbaint,m,bain,
39916,leath-shady,,leath,
39917,príomheilimint,,príomh,
39918,mórbhac,,mór,
39919,eochairfhocail,,eo,
39920,parakletos,,para,
39921,iarmhair,,iar,
39922,hinneall,h,in,
39923,an-chúng,,an,
39924,n-íosleibhéal,n-,íos,
39925,sin-iontach-é,,sin,
39926,foláirimh,,fo,
39927,n-inneall,n-,in,
39928,ionchoisc,,ion,
39929,iniquitous,,in,
39930,aisig,,ais,
39931,ambasáid,,am,
39932,iontach-aon-lá,,ion,
39933,réamhoifig,,réamh,
39934,fíor-mhéid,,fíor,
39935,carball,,carba,
39936,dúnta-lúb,,dún,
39937,iar-3,,iar,
39938,an-amharc,,an,
39939,d'asbhaint,d',as,
39940,íosneart,,íos,
39941,gcomhshaol,g,comh,
39942,ngnáth-chur,n,gnáth,
39943,ilchríoch,,il,
39944,ró-painful,,ró,
39945,ró-beag,,ró,
39946,hinnill,h,in,
39947,dosages,,do,
39948,n-idirbheart,n-,idir,
39949,distro,,dis,
39950,an-íseal,,an,
39951,ainmfhocal,,ain,
39952,mír1,,mí,
39953,leath-thairiscint,,leath,
39954,an-eacnamaíoch,,an,
39955,príomhionaid,,príomh,
39956,bríoch,,brí,
39957,leathanb,,leath,
39958,neamhthagairt,,neamh,
39959,héilimh,h,héili,
39960,aisti,,ais,
39961,débhríoch,,dé,
39962,mórchló,,mór,
39963,seanleabhair,,sean,
39964,n-garghaol,n-,gar,
39965,díosail,,dí,
39966,réamhbheart,,réamh,
39967,fo-airteagal,,fo,
39968,bhfochlásal,bh,fo,
39969,aisghlaoch,,ais,
39970,amháin-Thaobh,,am,
39971,gcomhthreo,g,comh,
39972,ró-bheag,,ró,
39973,n-easnaimh,n-,eas,
39974,an-minic,,an,
39975,dearbhÃo,,dearbh,
39976,buan-droichid,,buan,
39977,in-the-canal,,in,
39978,ardghné,,ard,
39979,aislantes,,ais,
39980,tríothu,,trí,
39981,neamhchlaon,,neamh,
39982,bhfostĂłirĂ,bh,fo,
39983,fíorghá,,fíor,
39984,bunÃosaÃ,,bun,
39985,an-rath,,an,
39986,anso,,an,
39987,aisíoc,,ais,
39988,dea-iompair,,dea,
39989,birt,,bi,
39990,banríon,,ban,
39991,tarchuir,t,tar,
39992,amharcealaíon,,am,
39993,bunurlár,,bun,
39994,soicéid,,so,
39995,an-uathu,,an,
39996,comhlucht,,comh,
39997,ioncam,,ion,
39998,teirmeachóil,t,teirmea,
39999,bhfo-ailt,bh,fo,
40000,uathu,,uath,
40001,mí-úsáid,,mí,
40002,bpríomhshruth,b,príomh,
40003,fad-achair,,fad,
40004,heolaíoch,h,eo,
40005,glas-mustaird,,glas,
40006,déantúsaÃ,,dé,
40007,ilpharaiméadair,,il,
40008,rompu,,ro,
40009,réigiún,,ré,
40010,fiacail,,fia,
40011,príomhioncam,,príomh,
40012,an-daor,,an,
40013,banlaoch,,ban,
40014,sainaithint,,sain,
40015,sonnrách,,so,
40016,t-íosleibhéal,t-,íos,
40017,leictreoid,,leictr,
40018,gceannteidil,g,ceann,
40019,neotsilindrovannymi,,neo,
40020,fearg,,fear,
40021,bainc,,bain,
40022,athcheangal,,ath,
40023,ilphléacs,,il,
40024,sean-athair,,sean,
40025,forcefully,,for,
40026,teilithéacs,t,teili,
40027,sochaíoch,,soch,
40028,uasal,,uas,
40029,sár-serum,,sár,
40030,fo-ait,,fo,
40031,teirminéil,t,teirmi,
40032,ard-dlús,,ard,
40033,trascríobh,,tras,
40034,aistarraing,,ais,
40035,forklift,,for,
40036,héadrom,h,éa,
40037,anraith,,an,
40038,d'aontoisc,d',aon,
40039,domhainIs,,do,
40040,deadly,,dea,
40041,ceannteideal,,ceann,
40042,linn't,,linn,
40043,mbeagmhéid,m,beag,
40044,aistarraingt,,ais,
40045,ró-ard,,ró,
40046,gnáth-stoc,,gnáth,
40047,d'innill,d',in,
40048,sos,,so,
40049,dola-phlás,,do,
40050,sean-óspidéal,,sean,
40051,ard-rún,,ard,
40052,focal,,fo,
40053,fearr,,fear,
40054,saineolaíoch,,sain,
40055,gnáthaimh,,gnáth,
40056,neamh-mhiotail,,neamh,
40057,réamhospidéil,,réamh,
40058,ngnáth-stoc,n,gnáth,
40059,príomh-ailt,,príomh,
40060,idiragairt,,idir,
40061,ceann-oifig,,ceann,
40062,príomhúsáid,,príomh,
40063,biúró,,bi,
40064,rotor,,ro,
40065,bitheatánól,,bith,
40066,haingil,h,ain,
40067,bhfoirgint,bh,fo,
40068,íosmhéid,,íos,
40069,iarbhunscoil,,iar,
40070,huasmhéid,h,uas,
40071,fíorasc,,fíor,
40072,mórmhuir,,mór,
40073,idirlíon,,idir,
40074,formhór,,for,
40075,ionadaíoch,,ion,
40076,d'iarmhéid,d',iar,
40077,trí-alt,,trí,
40078,hanailís,h,an,
40079,réamhamharc,,réamh,
40080,t-aonar,t-,aon,
40081,angels,,an,
40082,bpríomhcharachtair,b,príomh,
40083,bunaidhJimmy,,bun,
40084,anlá,,an,
40085,ró-deacair,,ró,
40086,ard-ghrád,,ard,
40087,dé-ocsaíd,,dé,
40088,innsint,,in,
40089,ionsaitheachdath,,ion,
40090,saincheist,,sain,
40091,dochair,,do,
40092,leath-uair,,leath,
40093,hiarmhair,h,iar,
40094,lags,,lag,
40095,díbirt,,dí,
40096,haonar,h,aon,
40097,gnáthphágh,,gnáth,
40098,D'eascair,D',eas,
40099,féini,,féin,
40100,an-scratch,,an,
40101,inár,,in,
40102,díobh,,dí,
40103,seinm,,sein,
40104,gcomhlíonaid,g,comh,
40105,discréid,,dis,
40106,t-aon-cheart,t-,aon,
40107,aislamiento,,ais,
40108,dínit,,dí,
40109,ndíol,n,dí,
40110,an-trendy,,an,
40111,bhfo-mhír,bh,fo,
40112,tarrai,t,tar,
40113,leath-scáth,,leath,
40114,fo-cheart,,fo,
40115,docht,,do,
40116,ardghradam,,ard,
40117,iarobair,,iar,
40118,ceannphort,,ceann,
40119,inom,,in,
40120,hathchomharc,h,ath,
40121,mionbhus,,mion,
40122,n-grianghraif,n-,grian,
40123,imshaoil,,im,
40124,aistritheoirÃ,,ais,
40125,gnáthlá,,gnáth,
40126,bhfoirm,bh,fo,
40127,mbuanfhoirm,m,buan,
40128,ionsar,,ion,
40129,príomhinstitiúid,,príomh,
40130,asraon,,as,
40131,neamhchustam,,neamh,
40132,dói,,dó,
40133,deachún,,dea,
40134,anaithnid,,ana,
40135,urghnaimh,,ur,
40136,aiseag,,ais,
40137,meán-mhéid,,meán,
40138,meánlíon,,meán,
40139,haer-raidhfil,h,aer,
40140,forsaken,,for,
40141,ion-mhuirir,,ion,
40142,d'ath-dhíol,d',ath,
40143,neamhghníomh,,neamh,
40144,gnáthscair,,gnáth,
40145,uile-Chomhphobail,,uile,
40146,d'oscailt,d',os,
40147,soicind,,so,
40148,lár-go-lár,,lár,
40149,éadulaingt,,éa,
40150,imshaol,,im,
40151,d'amharc,d',am,
40152,comhphlé,,comh,
40153,lár-2014,,lár,
40154,dolabhóthar,,do,
40155,ceannairc,,ceann,
40156,dearg-haired,,dea,
40157,réiteodh,,ré,
40158,hollscoil,h,oll,
40159,frith-depriseantov,,frith,
40160,comhphrionsabail,,comh,
40161,mion-fhorbairt,,mion,
40162,haschur,h,as,
40163,bhfrithcheilg,bh,frith,
40164,neamhstaidrimh,,neamh,
40165,imill,,im,
40166,gcomhcheangal,g,comh,
40167,ard-amhábhar,,ard,
40168,gcomhaid,g,comh,
40169,tarr,t,tar,
40170,dealbh,,dea,
40171,il-outl,,il,
40172,ard-éadrom,,ard,
40173,bainfid,,bain,
40174,bhfocal,bh,fo,
40175,iar-bhunscoil,,iar,
40176,ionchúisimh,,ion,
40177,saint,,sain,
40178,ceannbhrat,,ceann,
40179,bhfís,bh,fís,
40180,díon,,dí,
40181,ansiúd,,an,
40182,ionaid,,ion,
40183,d'éag,d',éa,
40184,iníon,,in,
40185,fíor-éilimh,,fíor,
40186,éasáid,,éa,
40187,mórláthair,,mór,
40188,déanaÃ,,dé,
40189,infridhearg,,infri,
40190,oirthuaisceart,,oir,
40191,ainmnÁodh,,ain,
40192,dom2,,do,
40193,garbhchuimilt,,gar,
40194,teirminéal,t,teirmi,
40195,dogIDs,,do,
40196,anall,,ana,
40197,foirt,,fo,
40198,ilfhreastail,,il,
40199,míchompord,,mí,
40200,eipho,,eip,
40201,róbait,,ró,
40202,comhchineál,,comh,
40203,réamhamhairc,,réamh,
40204,t-ainm,t-,ain,
40205,iliméadair,,il,
40206,sonraÃ,,so,
40207,íospairt,,íos,
40208,príomh-agus,,príomh,
40209,dea-íomhá,,dea,
40210,bhformhór,bh,for,
40211,príomhstór,,príomh,
40212,réamhscoir,,réamh,
40213,d'aisbhaint,d',ais,
40214,foirtil,,fo,
40215,amharclann-mhaith,,am,
40216,comhbhách,,comh,
40217,ró-fhliuch,,ró,
40218,dóchomh,,dó,
40219,forál,,for,
40220,mí-iompair,,mí,
40221,urethral,,ur,
40222,ríomhleabhair,,ríomh,
40223,ana-bhroid,,ana,
40224,céadainm,,céad,
40225,frith-strus,,frith,
40226,barrachairt,,barr,
40227,dochtúir,,do,
40228,comhpháirt,,comh,
40229,deasghnáth,,dea,
40230,amhairc,,am,
40231,soiscéil,,so,
40232,uathoibríoch,,uath,
40233,dea-saor,,dea,
40234,ceannbhrait,,ceann,
40235,biceps,,bi,
40236,mion-innsint,,mion,
40237,hanás,h,an,
40238,ath-dhíol,,ath,
40239,eoiníoch,,eo,
40240,príomhghnó,,príomh,
40241,leasmháthair,,leas,
40242,urghnách,,ur,
40243,ndeár,n,deá,
40244,éagothrom,,éa,
40245,róthrom,,ró,
40246,d'iarraidn,d',iar,
40247,gnáth-bhreithiún,,gnáth,
40248,ró-aonair,,ró,
40249,bhfo-ghníomh,bh,fo,
40250,soic,,so,
40251,bhfo-alt,bh,fo,
40252,ró-íseal,,ró,
40253,príomhchlár,,príomh,
40254,n-idirnasc,n-,idir,
40255,t-urrús,t-,ur,
40256,saindlús,,sain,
40257,dóiteáin-chosc,,dó,
40258,hathdhíol,h,ath,
40259,mbunachar,m,bun,
40260,dtaispeáint,d,tais,
40261,intervalometer,,in,
40262,athsholáthair,,ath,
40263,himill,h,im,
40264,ionstruimint,,ion,
40265,an-díol,,an,
40266,n-aon,n-,aon,
40267,aeriompar,,aer,
40268,dealraimh,,dea,
40269,hardionaid,h,ard,
40270,dúradar,,dú,
40271,fo-cheannteidil,,fo,
40272,dtarac,d,tar,
40273,athchur,,ath,
40274,dea-uair,,dea,
40275,athdhíol,,ath,
40276,hardleibhéal,h,ard,
40277,urlár,,ur,
40278,comhainm,,comh,
40279,saincheart,,sain,
40280,amuich,,am,
40281,comhcheilg,,comh,
40282,neamh-éard,,neamh,
40283,comhshó,,comh,
40284,leathuair,,leath,
40285,díscrios,,dí,
40286,iarmharmhéid,,iar,
40287,n-oscailt,n-,os,
40288,seandoiciméid,,sean,
40289,roimhíoc,,ro,
40290,t-athair,t-,ath,
40291,sortius,,so,
40292,roinnt,,ro,
40293,tréith,,tré,
40294,d'aistarraingt,d',ais,
40295,n-ainm,n-,ain,
40296,gnáthlíon,,gnáth,
40297,uathúil1200,,uath,
40298,easnaimh,,eas,
40299,an-luath,,an,
40300,fíorobair,,fíor,
40301,drochúsáid,,droch,
40302,uathoibr,,uath,
40303,n-ioncam,n-,ion,
40304,aingeal,,ain,
40305,ion-chúitimh,,ion,
40306,doirt,,do,
40307,bpríomhcheannfort,b,príomh,
40308,micrileictreonaic,,micri,
40309,fo-roinnt,,fo,
40310,neamhghnách,,neamh,
40311,bithar,,bith,
40312,comharth,,comh,
40313,drochuair,,droch,
40314,an-Ã,,an,
40315,amháin-bodied,,am,
40316,hasbaint,h,as,
40317,n-aird,n-,aird,
40318,príomhfheidhm,,príomh,
40319,meánmhéid,,meán,
40320,t-uasmhéid,t-,uas,
40321,hinneachar,h,in,
40322,dealús,,dea,
40323,t-innill,t-,in,
40324,míthuairisc,,mí,
40325,rómhoill,,ró,
40326,t-uathriail,t-,uath,
40327,an-deacair,,an,
40328,díseart,,dí,
40329,n-dochtúir,n-,do,
40330,gearr-QP,,gearr,
40331,roimh,,ro,
40332,haerfoirt,h,aer,
40333,bhfo-riail,bh,fo,
40334,aernó,,aer,
40335,ceannfort,,ceann,
40336,haistriÃo,h,ais,
40337,comhdhúl,,comh,
40338,gcúlghairm,g,cúl,
40339,príomhstáisiún,,príomh,
40340,athsheinm,,ath,
40341,parabail,,para,
40342,mbanc,m,ban,
40343,neamhbhóthair,,neamh,
40344,déag,,dé,
40345,trí-chur,,trí,
40346,an-éadrom,,an,
40347,eisint,,eisi,
40348,ardghrád,,ard,
40349,díol,,dí,
40350,teocht,t,teo,
40351,fíoríseal,,fíor,
40352,anseo,,an,
40353,hinstitiúid,h,in,
40354,breacteocht,,breac,
40355,mór-ioncum,,mór,
40356,andningsteknink,,an,
40357,inteligentny,,in,
40358,teirmeafilic,t,teirmea,
40359,sean-stoic,,sean,
40360,aon-únaer,,aon,
40361,bia-ábhar,,bi,
40362,foirgnimh,,fo,
40363,n-urrús,n-,ur,
40364,eochair-chuid,,eo,
40365,d'oscail,d',os,
40366,réamhc,,réamh,
40367,éiceathocsaineolaíoch,,éicea,
40368,rogha-ábhair,,ro,
40369,doggy-stíl,,do,
40370,anLeabhar,,an,
40371,imthac,,im,
40372,ard-chontúirt,,ard,
40373,seanamháthair,,sean,
40374,oirthir,,oir,
40375,D'oscail,D',os,
40376,oirdheisceart,,oir,
40377,réidh-airgid,,ré,
40378,oscailtemeon,,os,
40379,ró-mhór,,ró,
40380,bhforchur,bh,for,
40381,forairdill,,for,
40382,comhthéacs,,comh,
40383,gnáthrún,,gnáth,
40384,síorbhagairt,,síor,
40385,buanchoimeád,,buan,
40386,d'eochair,d',eo,
40387,urláir,,ur,
40388,dian-inneall,,dia,
40389,hioncum,h,ion,
40390,díleá,,dí,
40391,gearrscríobh,,gearr,
40392,athúsáid,,ath,
40393,amchlár,,am,
40394,ileri,,il,
40395,tarraing,t,tar,
40396,soith,,so,
40397,gnáthfhriotal,,gnáth,
40398,d'imirt,d',im,
40399,príomh-dhochtúir,,príomh,
40400,neodrón,,neo,
40401,socru,,so,
40402,huasleibhéil,h,uas,
40403,nua-ré,,nua,
40404,mír,,mí,
40405,d'athnuachaint,d',ath,
40406,fiail,,fia,
40407,díosal,,dí,
40408,haischlib,h,ais,
40409,t-aeráid,t-,aer,
40410,iar-bhunleibhéal,,iar,
40411,garbh,,gar,
40412,drochbhail,,droch,
40413,bpáirtsheisiún,b,páirt,
40414,díchill,,dí,
40415,gcomhfhios,g,comh,
40416,amharc,,am,
40417,ceannródaíoch,,ceann,
40418,impresión,,im,
40419,gcomhrac,g,comh,
40420,amharcfhoirm,,am,
40421,fearsaid,,fear,
40422,neamhbhríoch,,neamh,
40423,dícheall,,dí,
40424,fools,,fo,
40425,príomhchathair,,príomh,
40426,seachtó,,seacht,
40427,mbintiúir,m,bi,
40428,rómhór,,ró,
40429,mion-leasuitheoiri,,mion,
40430,bun-urláir,,bun,
40431,don't,,do,
40432,uasleibhéil,,uas,
40433,n-ionaid,n-,ion,
40434,príomhdhochtúir,,príomh,
40435,leasu,,leas,
40436,míchiall,,mí,
40437,réamhobair,,réamh,
40438,focail,,fo,
40439,ardelenii,,ard,
40440,réaltbhuíon,,réalt,
40441,meán-USED,,meán,
40442,tréthicéid,,tré,
40443,t-inneall,t-,in,
40444,cinnfid,,cinn,
40445,an-mhór,,an,
40446,bhformáid,bh,for,
40447,mbunscoil,m,bun,
40448,d'aschur,d',as,
40449,lárionaid,,lár,
40450,aisling,,ais,
40451,an-chairdiúl,,an,
40452,dea-bhail,,dea,
40453,amhlaid,,am,
40454,fíorshaol,,fíor,
40455,bunscoil,,bun,
40456,impious,,im,
40457,h-imeall,h-,im,
40458,individus,,in,
40459,barmaid,,bar,
40460,ceannteidil,,ceann,
40461,closleabhar,,clos,
40462,ró-dheacair,,ró,
40463,an-chonaic,,an,
40464,iar-fhómhair,,iar,
40465,idir-ospidéil,,idir,
40466,leictreonaic,,leictr,
40467,haisíoc,h,ais,
40468,mórphobal,,mór,
40469,spriocaonaid,,sprioc,
40470,haird,h,aird,
40471,atheagar,,ath,
40472,príomhstoc,,príomh,
40473,uaslíon,,uas,
40474,soar,,so,
40475,n-ardleibhéal,n-,ard,
40476,comhrac,,comh,
40477,roghchlár,,ro,
40478,spriocthír,,sprioc,
40479,ardfhuinnimh,,ard,
40480,réamhrá,,réamh,
40481,díochur,,dí,
40482,fostaÃ,,fo,
40483,an-lag,,an,
40484,urthrá,,ur,
40485,speictream,,speictrea,
40486,leathair,,leath,
40487,an-baol,,an,
40488,garden,,gar,
40489,himeallbhoird,h,im,
40490,amhábhair,,am,
40491,ainilís,,ain,
40492,an-imoibríoch,,an,
40493,innéacs,,in,
40494,an-sturdy,,an,
40495,meán-phágh,,meán,
40496,hurláir,h,ur,
40497,neamh-in-athsholáthair,,neamh,
40498,follow-up,,fo,
40499,neasghaol,,neas,
40500,dea-thoil,,dea,
40501,athar,,ath,
40502,imeasc,,im,
40503,bunÃo,,bun,
40504,sonrasc,,so,
40505,neamhchosaint,,neamh,
40506,il-leibhéil,,il,
40507,ró-éadrom,,ró,
40508,míchothrom,,mí,
40509,ró-fhuascailt,,ró,
40510,dea-aeráid,,dea,
40511,t-uasléibheal,t-,uas,
40512,doirteal,,do,
40513,leictreon,,leictr,
40514,príomhcharachtair,,príomh,
40515,aonmhac,,aon,
40516,frith-turraing,,frith,
40517,éanlaith,,éa,
40518,réasún,,réa,
40519,diamant,,dia,
40520,bithgheilleagar,,bith,
40521,díot,,dí,
40522,ndoiciméid,n,do,
40523,trastomhas-70,,tras,
40524,fíorbheag,,fíor,
40525,uraza-bairam,,ur,
40526,an-íogair,,an,
40527,anacair,,ana,
40528,ndéantús,n,dé,
40529,ollmhéid,,oll,
40530,inneachair,,in,
40531,closamhairc,,clos,
40532,gearríoc,,gearr,
40533,uathúil5766,,uath,
40534,daonáirimh,,daon,
40535,hiar-stratification,h,iar,
40536,ngnáthlá,n,gnáth,
40537,teilifís,t,teili,
40538,gcomhthéacs,g,comh,
40539,doll,,do,
40540,iarmairt,,iar,
40541,in-fhiunraoi,,in,
40542,d'imir,d',im,
40543,ndícheall,n,dí,
40544,síoróip,,síor,
40545,mion-aonaid,,mion,
40546,réamh-chlub,,réamh,
40547,ainm,,ain,
40548,príomh-mhodúl,,príomh,
40549,ró-luath,,ró,
40550,neamhíoc,,neamh,
40551,comhúdarás,,comh,
40552,miondíol,,mion,
40553,n-urláimh,n-,ur,
40554,neamhghnímh,,neamh,
40555,mórthionscadal,,mór,
40556,grúpaÃ,,grúp,
40557,hionaid,h,ion,
40558,míol,,mí,
40559,comhlánu,,comh,
40560,singil-taobh,,sin,
40561,díhumidifier,,dí,
40562,iarthar,,iar,
40563,gceannteideal,g,ceann,
40564,comhábhar,,comh,
40565,inmheánachs,,in,
40566,t-ioncum,t-,ion,
40567,ath-ló,,ath,
40568,meán-am,,meán,
40569,iarmhéid,,iar,
40570,grúptheagasc,,grúp,
40571,an-amhairc,,an,
40572,insint,,in,
40573,fearful,,fear,
40574,t-anbharr,t-,an,
40575,mionmhéid,,mion,
40576,ard-laicir,,ard,
40577,urchoisc,,ur,
40578,diazepam,,dia,
40579,réamhfhéachaint,,réamh,
40580,príomh-sprioc,,príomh,
40581,bares,,bar,
40582,bang,,ban,
40583,fiannafailparty,,fia,
40584,gcomhbhá,g,comh,
40585,dearbhasc,,dearbh,
40586,an-chaol,,an,
40587,bpríomhábhair,b,príomh,
40588,bainki,,bain,
40589,seanmháthar,,sean,
40590,il-fheidhm,,il,
40591,céadmeáchaint,,céad,
40592,teoiric,t,teo,
40593,sean-Idirlíon,,sean,
40594,d'athghairm,d',ath,
40595,fountains,,fo,
40596,réamhchláir,,réamh,
40597,rótharraingt,,ró,
40598,réamhbhirt,,réamh,
40599,urlámh,,ur,
40600,mór-chontúirt,,mór,
40601,céad-ghráid,,céad,
40602,tarmdel,t,tar,
40603,sind,,sin,
40604,dón,,dó,
40605,impíúlachta-tobac,,im,
40606,dont,,do,
40607,ard-aigéid,,ard,
40608,athoscailt,,ath,
40609,neamh-CIT,,neamh,
40610,americanaEl,,am,
40611,inneachar,,in,
40612,lárcruth,,lár,
40613,mbunleibhéal,m,bun,
40614,aschur,,as,
40615,fís-saothar,,fís,
40616,mbainid,m,bain,
40617,iarbhunleibhéal,,iar,
40618,inamicii,,in,
40619,d'institiúid,d',in,
40620,acrainm,,acrai,
40621,ardscór,,ard,
40622,iar-2015,,iar,
40623,imníoch,,im,
40624,comhcheoil,,comh,
40625,ríomhleabhar,,ríomh,
40626,inchomhshóite-stíl,,in,
40627,amzon,,am,
40628,huathoibríoch,h,uath,
40629,hiníon,h,in,
40630,an-maith,,an,
40631,dúshraith,,dú,
40632,ard-ábhar,,ard,
40633,n-aithneodh,n-,aith,
40634,ini,,in,
40635,biker,,bi,
40636,ollscoil,,oll,
40637,leictreamaiceasc,,leictrea,
40638,gcéaduair,g,céad,
40639,ró-mhinic,,ró,
40640,clostaifid,,clos,
40641,fístéip,,fís,
40642,eochaircheap,,eo,
40643,eascairt,,eas,
40644,aon-fhir,,aon,
40645,bunmhír,,bun,
40646,d'athsholáthar,d',ath,
40647,idirbhirt,,idir,
40648,lasmuich,,las,
40649,n-indtlicht,n-,in,
40650,bunghnímh,,bun,
40651,fordhath,,for,
40652,soir,,so,
40653,hospidéil,h,os,
40654,forairdeall,,for,
40655,neamh-consensually,,neamh,
40656,fo-thacar,,fo,
40657,hathchomhairc,h,ath,
40658,neamhdhual,,neamh,
40659,aischur,,ais,
40660,neamhcheart,,neamh,
40661,haschuir,h,as,
40662,gcinnteodh,g,cinn,
40663,roimhré,,ro,
40664,d'as-bhaint,d',as,
40665,frithmhuirir,,frith,
40666,físeáin-príomh,,fís,
40667,paraisiút,,para,
40668,urrús,,ur,
40669,príomhshubstaint,,príomh,
40670,comhleádh,,comh,
40671,comhleá,,comh,
40672,grianchloch,,grian,
40673,teilifÃ,t,teili,
40674,aerárthaÁ,,aer,
40675,eachtarshuíomh,,eachtar,
40676,neamh-chaiséid,,neamh,
40677,fíor-mhaith,,fíor,
40678,d'urscaoileadht,d',ur,
40679,t-aon,t-,aon,
40680,frith-scratching,,frith,
40681,d'ionaid,d',ion,
40682,tarot,t,tar,
40683,droch-thiomáint,,droch,
40684,cardashoithíoch,,carda,
40685,ilustración,,il,
40686,fearless,,fear,
40687,bprótacal,b,próta,
40688,asat,,as,
40689,luathscoir,,luath,
40690,comhsheasaimh,,comh,
40691,comhbhó,,comh,
40692,iontrálfaid,,ion,
40693,leasleanbh,,leas,
40694,leathré,,leath,
40695,naíscoil,,naí,
40696,héaló,h,éa,
40697,polai,,pola,
40698,rotors,,ro,
40699,eolaíoch,,eo,
40700,heasnaimh,h,eas,
40701,bithábhar,,bith,
40702,bhfoirgnimh,bh,fo,
40703,hindi,h,in,
40704,gnáth-bhall,,gnáth,
40705,dea-chumarsáid,,dea,
40706,sineirgíoch,,sin,
40707,idirnasc,,idir,
40708,iontaobh,,ion,
40709,éadrom,,éa,
40710,mí-úsaid,,mí,
40711,tras-scríobh,,tras,
40712,ascaill,,asca,
40713,íosghlao,,íos,
40714,buanfhoirgnimh,,buan,
40715,t-íosmhéid,t-,íos,
40716,an-go,,an,
40717,t-ospidéal,t-,os,
40718,least,,leas,
40719,astazi,,as,
40720,mí-cheart,,mí,
40721,cúlstop,,cúl,
40722,east,,eas,
40723,an-díomá,,an,
40724,príomh-shochar,,príomh,
40725,sainchomhaid,,sain,
40726,antckningar,,an,
40727,leathern,,leath,
40728,forcoimeád,,for,
40729,d'inneall,d',in,
40730,móráirimh,,mór,
40731,leasiníon,,leas,
40732,oscailt,,os,
40733,t-innéacs,t-,in,
40734,foréilimh,,for,
40735,déantús,,dé,
40736,bitheolaíoch,,bith,
40737,amh,,am,
40738,lasc-lasc,,las,
40739,díscor,,dí,
40740,sonubisht,,so,
40741,móri,,mór,
40742,invterekben,,in,
40743,iarrfaid,,iar,
40744,comhdhéanaimh,,comh,
40745,dtarraingt,d,tar,
40746,asail,,as,
40747,leas-mhac,,leas,
40748,athfhriotail,,ath,
40749,ról-imirt,,ró,
40750,bunachair,,bun,
40751,comhsheirbhís,,comh,
40752,gcúl,g,cúl,
40753,iar-Iúgslaiv,,iar,
40754,d'aon-toisc,d',aon,
40755,diamaint,,dia,
40756,príomh-oifig,,príomh,
40757,mbarr,m,barr,
40758,ionchuir,,ion,
40759,sainthood,,sain,
40760,ard-dlúth,,ard,
40761,grianghraif,,grian,
40762,ath-thriail,,ath,
40763,neamhspleách,,neamh,
40764,double-gníomh,,do,
40765,bunchoincheap,,bun,
40766,hainm,h,ain,
40767,asteroid,,as,
40768,formáid,,for,
40769,athchuir,,ath,
40770,amhábhar,,am,
40771,infhaoisimh,,in,
40772,dea-chúram,,dea,
40773,analgesic,,ana,
40774,ngnáthphost,n,gnáth,
40775,míthuiscint,,mí,
40776,ndéanfaid,n,dé,
40777,lasair,,las,
40778,an-craic,,an,
40779,dóich,,dó,
40780,aonar,,aon,
40781,doppler,,do,
40782,ard-fás,,ard,
40783,fears,,fear,
40784,sean-Bhord,,sean,
40785,comhfhreagairt,,comh,
40786,frith-oxidant,,frith,
40787,príomhshochar,,príomh,
40788,barrchlár,,barr,
40789,aer-ruathar,,aer,
40790,bish,,bi,
40791,lachtós-saor,,lacht,
40792,bikini,,bi,
40793,mórthír,,mór,
40794,dáilcheantair,,dá,
40795,comhthionscadal,,comh,
40796,frith-peitreal,,frith,
40797,ilbhreith,,il,
40798,barisovym,,bar,
40799,neamh-EEA,,neamh,
40800,aonraic,,aon,
40801,meánscoil,,meán,
40802,rothai,,ro,
40803,amhail,,am,
40804,ndúbláid,n,dú,
40805,bpríomhchuid,b,príomh,
40806,neamh-clog,,neamh,
40807,doth,,do,
40808,idirshuíomh,,idir,
40809,urláimh,,ur,
40810,comhbhrón,,comh,
40811,d'anam,d',an,
40812,iarr,,iar,
40813,comhbhord,,comh,
40814,príomhghné,,príomh,
40815,comhord,,comh,
40816,tras-Á,,tras,
40817,ainmhíoch,,ain,
40818,ríomh-idirbheart,,ríomh,
40819,mion-adhmaid,,mion,
40820,follow,,fo,
40821,d'idirbheart,d',idir,
40822,rótair,,ró,
40823,athghairm,,ath,
40824,ospís,,os,
40825,d'ionchoireodh,d',ion,
40826,roghchláir,,ro,
40827,d'aithint,d',aith,
40828,t-aisíoc,t-,ais,
40829,réamh-eminent,,réamh,
40830,an-flirting,,an,
40831,rothair,,ro,
40832,sainmharc,,sain,
40833,aeráid,,aer,
40834,D'iarr,D',iar,
40835,ardleibhéal,,ard,
40836,rothar,,ro,
40837,breacleibhéal,,breac,
40838,introvert,,in,
40839,príomh-stáisiún,,príomh,
40840,iarsmaÁ,,iar,
40841,asbaint,,as,
40842,eascair,,eas,
40843,gcomhbhord,g,comh,
40844,ríomh-airgid,,ríomh,
40845,lasc,,las,
40846,trídar,,trí,
40847,hinsint,h,in,
40848,príomhthionscadal,,príomh,
40849,mbunghníomh,m,bun,
40850,uath-uimhir,,uath,
40851,an-agus,,an,
40852,dáilcheanntair,,dá,
40853,institiúid,,in,
40854,roimpi,,ro,
40855,leath-deartháir,,leath,
40856,bogábhar,,bog,
40857,réamh-workout,,réamh,
40858,asarlaiocht,,as,
40859,fostáisiún,,fo,
40860,fíor-ábhar,,fíor,
40861,an-chuid,,an,
40862,eascon,,eas,
40863,bunchloch,,bun,
40864,aon-cheart,,aon,
40865,nuair,,nua,
40866,athuair,,ath,
40867,d'inchoireodh,d',in,
40868,anHTC,,an,
40869,mórdhochar,,mór,
40870,neamh-AE,,neamh,
40871,idirchaidrimh,,idir,
40872,handjobs,h,an,
40873,t-aschur,t-,as,
40874,frith-bláth,,frith,
40875,céaduaireagus,,céad,
40876,saincharachtair,,sain,
40877,ríomhchlár,,ríomh,
40878,bunmhéid,,bun,
40879,t-amchlár,t-,am,
40880,an-chothrom,,an,
40881,cinn-116,,cinn,
40882,an-míchothrom,,an,
40883,comh-chomhlucht,,comh,
40884,ilroinnt,,il,
40885,baint,,bain,
40886,asparagus,,as,
40887,t-athchomharc,t-,ath,
40888,forbhairt,,for,
40889,ollmhór,,oll,
40890,don,,do,
40891,biachlár,,bi,
40892,dífho,,dí,
40893,han-mhaith,h,an,
40894,athchomhairc,,ath,
40895,dúbailt,,dú,
40896,d'ath-thógaint,d',ath,
40897,hastelloyx,h,as,
40898,ndroch,n,droch,
40899,n-uasmhéid,n-,uas,
40900,t-ioncam,t-,ion,
40901,d'aisíoc,d',ais,
40902,frith-thrust,,frith,
40903,forbairt,,for,
40904,an-ghéar,,an,
40905,imeall,,im,
40906,t-inneachar,t-,in,
40907,asteroids,,as,
40908,meánré,,meán,
40909,prótacal,,próta,
40910,gceannmháistir,g,ceann,
40911,eascró,,eas,
40912,d'athdhíol,d',ath,
40913,dícheangal,,dí,
40914,indtast,,in,
40915,an-ar,,an,
40916,an-láidir,,an,
40917,neamhoird,,neamh,
40918,teo406,t,teo,
40919,sárleabhar,,sár,
40920,d'ioncam,d',ion,
40921,d'ospidéal,d',os,
40922,soláthair,,so,
40923,ndochtúir,n,do,
40924,iler,,il,
40925,tarraicthesiar,t,tar,
40926,sorbitol,,so,
40927,d'ath-thriail,d',ath,
40928,tarbh,t,tar,
40929,réamhchúram,,réamh,
40930,sonraisc,,so,
40931,fo-ainmliost,,fo,
40932,aisc,,ais,
40933,foshochar,,fo,
40934,illusion,,il,
40935,aerthaistil,,aer,
40936,comhuimhir,,comh,
40937,paraiméadair,,para,
40938,mí-iompar,,mí,
40939,déanai,,dé,
40940,príomh-ard,,príomh,
40941,biachláir,,bi,
40942,inarb,,in,
40943,mionanailís,,mion,
40944,ró-mhaith,,ró,
40945,donúdarás,,do,
40946,mionchion,,mion,
40947,foroinnt,,for,
40948,seanmháthair,,sean,
40949,bhforbairt,bh,for,
40950,luathscor,,luath,
40951,tarmchuir,t,tar,
40952,saingeal,,sain,
40953,ról,,ró,
40954,mbunús,m,bun,
40955,domh,,do,
40956,ceanntair,,ceann,
40957,d'eascairuathu,d',eas,
40958,aer-iompair,,aer,
40959,seans,,sean,
40960,comhair,,comh,
40961,éard,,éa,
40962,neamh-porous,,neamh,
40963,h-aon,h-,aon,
40964,éadtrom,,éa,
40965,uasleibhéal,,uas,
40966,dod,,do,
40967,ardnuálaíoch,,ard,
40968,ard-taobh,,ard,
40969,am-sraith,,am,
40970,anocht,,an,
40971,foirm,,fo,
40972,dob,,do,
40973,d'aon,d',aon,
40974,athinsint,,ath,
40975,gcomhlucht,g,comh,
40976,paranormal,,para,
40977,eastait,,eas,
40978,rósholáthar,,ró,
40979,gcomhpháirt,g,comh,
40980,díchur,,dí,
40981,neamhshuímh,,neamh,
40982,déanfid,,dé,
40983,íosleibhéal,,íos,
40984,hidirbheart,h,idir,
40985,dea-iompar,,dea,
40986,fadhb,,fad,
40987,comhrimh,,comh,
40988,neamhgnách,,neamh,
40989,meántuillimh,,meán,
40990,bhfíor-am,bh,fíor,
40991,t-iarmharmhéid,t-,iar,
40992,idirghnÃ,,idir,
40993,gcomhchruinneodh,g,comh,
40994,mbuncheart,m,bun,
40995,gnáth-humus,,gnáth,
40996,dearaÃ,,dea,
40997,inbhir,,in,
40998,ospidéal,,os,
40999,impuolsar,,im,
41000,forthright,,for,
41001,lagtráth,,lag,
41002,cinn-117,,cinn,
41003,an-mhall,,an,
41004,neamh-ÍMAT,,neamh,
41005,neamhbheo,,neamh,
41006,ngnáthchaint,n,gnáth,
41007,t-urlár,t-,ur,
41008,hang,h,an,
41009,hamhábhair,h,am,
41010,easumhal,,eas,
41011,d'athríomh,d',ath,
41012,comhshaol,,comh,
41013,roimh-íoc,,ro,
41014,t-eastát,t-,eas,
41015,gnáthriocht,,gnáth,
41016,dearmhaid,,dea,
41017,príomhchláir,,príomh,
41018,tarraingt,t,tar,
41019,ionmhuirir,,ion,
41020,cúl-urrús,,cúl,
41021,hath-chomhairc,h,ath,
41022,aerspás,,aer,
41023,haithint,h,aith,
41024,socheacnamaíoch,,soch,
41025,ainhidríd,,ain,
41026,soláthraÃ,,so,
41027,folair,,fo,
41028,céad-lár,,céad,
41029,t-athríomh,t-,ath,
41030,formáidÃ,,for,
41031,rófhuar,,ró,
41032,aistir,,ais,
41033,buan-tseirbhís,,buan,
41034,mórthionscadail,,mór,
41035,éaló,,éa,
41036,gnáth-théacs,,gnáth,
41037,dícheangail,,dí,
41038,iarthair,,iar,
41039,ilmheánmhéadar,,il,
41040,ríomhai,,ríomh,
41041,urghabh,,ur,
41042,ríomhfhoirm,,ríomh,
41043,t-amhábhar,t-,am,
41044,leath-lá,,leath,
41045,d'aonaid,d',aon,
41046,bhfo,bh,fo,
41047,díog,,dí,
41048,seanchathair,,sean,
41049,d'ospidéil,d',os,
41050,n-aerfoirt,n-,aer,
41051,gnáthúsáid,,gnáth,
41052,fad-70,,fad,
41053,príomhsprioc,,príomh,
41054,aon-ioncam,,aon,
41055,dáréag,,dá,
41056,diagnóisic,,dia,
41057,mionchláir,,mion,
41058,hion,h,ion,
41059,bhfíorasc,bh,fíor,
41060,iarfhéachaint,,iar,
41061,droch-stair,,droch,
41062,bhfo-airteagal,bh,fo,
41063,bhfolús,bh,fo,
41064,teitrihidreacannaibionóil,t,teitri,
41065,físeáin-príomh-watch,,fís,
41066,d'iarr,d',iar,
41067,éadaí-dath,,éa,
41068,imeachtai,,im,
41069,aonair,,aon,
41070,ngrianchloch,n,grian,
41071,astu,,as,
41072,an-ghar,,an,
41073,fotheideal,,fo,
41074,frith-dubh,,frith,
41075,inchinnheilimintÃ,,in,
41076,eastát,,eas,
41077,an-fheidhm,,an,
41078,dteor,d,teo,
41079,comhghaol,,comh,
41080,allahjärtansdag,,alla,
41081,ard-ard,,ard,
41082,bhfochair,bh,fo,
41083,diallait,,dia,
41084,t-idirbheart,t-,idir,
41085,fíorghrá,,fíor,
41086,mórshiúl,,mór,
41087,ard-5,,ard,
41088,taraif,t,tar,
41089,fo-mhír,,fo,
41090,comhghaoil,,comh,
41091,hamharc,h,am,
41092,imleabhar,,im,
41093,frith-fhliuch,,frith,
41094,athfhorbairt,,ath,
41095,fotheidil,,fo,
41096,lárchrios,,lár,
41097,focheart,,fo,
41098,an-geal,,an,
41099,rómhall,,ró,
41100,tart,t,tar,
41101,fo-ailt,,fo,
41102,ró-géar,,ró,
41103,ultraivialait,,ultra,
41104,comhshaoil,,comh,
41105,radair,,rada,
41106,mionsonraÁ,,mion,
41107,n-aithint,n-,aith,
41108,garbhéisc,,gar,
41109,t-asraon,t-,as,
41110,sean-stáisiún,,sean,
41111,fada-ghruaig,,fad,
41112,dúlagar,,dú,
41113,soiscéal,,so,
41114,angar,,anga,
41115,gnáth-stoic,,gnáth,
41116,ospidéil,,os,
41117,dotted-i,,do,
41118,athríomh,,ath,
41119,d'ainm,d',ain,
41120,bunábhar,,bun,
41121,micribhitheolaíoch,,micri,
41122,gcomhgar,g,comh,
41123,taiscumair,t,tais,
41124,trínár,,trí,
41125,fomhír,,fo,
41126,roicéid,,ro,
41127,leasainm,,leas,
41128,athsholáthar,,ath,
41129,ionsabail,,ion,
41130,sinsir,,sin,
41131,an-ollmhór,,an,
41132,mórleabhair,,mór,
41133,trínar,,trí,
41134,dúirt,,dú,
41135,amtelefon,,am,
41136,ardent,,ard,
41137,t-ionchur,t-,ion,
41138,meánioncam,,meán,
41139,teilitéacs,t,teili,
41140,laghairt,,lag,
41141,an-ghearr,,an,
41142,comhcheangal,,comh,
41143,comhthionscadail,,comh,
41144,roghnaíoch,,ro,
41145,n-imtharraingt,n-,im,
41146,leath-bhocht,,leath,
41147,eochair,,eo,
41148,disclaims,,dis,
41149,imirt,,im,
41150,fos,,fo,
41151,fo-bheart,,fo,
41152,biblioitems,,bibli,
41153,dea-ord,,dea,
41154,ollphéist,,oll,
41155,príomhaidhm,,príomh,
41156,inné,,in,
41157,díreach-in-am,,dír,
41158,tréithchinéail,,tré,
41159,comhrá,,comh,
41160,inneall,,in,
41161,images,,im,
41162,do-iompair,,do,
41163,ngnáthshaol,n,gnáth,
41164,an-dlúth,,an,
41165,neamhfhaoisimh,,neamh,
41166,athshuíomh,,ath,
41167,han-mhinic,h,an,
41168,anailís,,ana,
41169,ngrianghraf,n,grian,
41170,dearthár,,dea,
41171,neamhshaoil,,neamh,
41172,ceannbhaic,,ceann,
41173,bhfostaíoch,bh,fo,
41174,éad,,éa,
41175,hoscailt,h,os,
41176,ainm-liost,,ain,
41177,ndeachadar,n,dea,
41178,ródgháitéar,,ró,
41179,glasbhfoirm,,glas,
41180,dár,,dá,
41181,amulet-ádh,,am,
41182,aeriompair,,aer,
41183,inti,,in,
41184,bit,,bi,
41185,díbh,,dí,
41186,bun-mhéid,,bun,
41187,seanathair,,sean,
41188,heol,h,eo,
41189,n-aonar,n-,aon,
41190,neamhairgid,,neamh,
41191,amach-lorg,,am,
41192,ndollair,n,do,
41193,asfalt,,as,
41194,fíorainm,,fíor,
